<?xml version="1.0" encoding="utf-8"?>
<QtoSetDef xmlns:xsi="http://www.w3.org/2001/XMLSchema-instance" xmlns:xsd="http://www.w3.org/2001/XMLSchema" xmlns="http://buildingSMART-tech.org/xml/psd/PSD_IFC4.xsd">
  <IfcVersion version="IFC4X4" />
  <Name>Qto_BodyGeometryValidation</Name>
  <Definition>Quantities supplied for validating the correct interpretation of the body shape representation at import. In case of multiple representation items, the quantities are summed for each of the items (irrespective of any overlap). Choosing a suitable tolerance value for comparing the supplied numbers to the numbers calculated from the reconstructed geometry is at the discretion of the importing application.</Definition>
  <Applicability />
  <ApplicableClasses>
    <ClassName>IfcProduct</ClassName>
  </ApplicableClasses>
  <ApplicableTypeValue>IfcProduct</ApplicableTypeValue>
  <QtoDefs>
    <QtoDef>
      <Name>GrossSurfaceArea</Name>
      <Definition>Total gross area of the object, normally generated as perimeter * length + 2 * cross section area. It is the sum of OuterSurfaceArea + (2 x CrossSectionArea) and shall only be given, if the OuterSurfaceArea and CrossSectionArea cannot be established separately.

Total gross surface area of the element before applying product-level geometric features such as openings and projections.</Definition>
      <QtoType>Q_AREA</QtoType>
      <NameAliases />
      <DefinitionAliases />
    </QtoDef>
    <QtoDef>
      <Name>NetSurfaceArea</Name>
      <Definition>Net surface area of the object, normally generated as perimeter * length + 2 * cross section area taking into account possible processing features (cut-out's, etc.) or openings and recesses.

Total net surface area of the element after applying product-level geometric features such as openings and projections.</Definition>
      <QtoType>0</QtoType>
      <NameAliases />
      <DefinitionAliases />
    </QtoDef>
    <QtoDef>
      <Name>GrossVolume</Name>
      <Definition>Total gross volume of the object. Openings, recesses, enclosed objects and projections are not taken into account.

Total gross volume of the element before applying product-level geometric features such as openings and projections.</Definition>
      <QtoType>Q_VOLUME</QtoType>
      <NameAliases />
      <DefinitionAliases />
    </QtoDef>
    <QtoDef>
      <Name>NetVolume</Name>
      <Definition>Total net volume of the object, taking into account possible processing features (cut-out's, etc.) or openings and recesses.

Total net volume of the element before applying product-level geometric features such as openings and projections.</Definition>
      <QtoType>0</QtoType>
      <NameAliases />
      <DefinitionAliases />
    </QtoDef>
    <QtoDef>
      <Name>SurfaceGenusBeforeFeatures</Name>
      <Definition>The Surface Genus of the evaluated representation items before applying product-level geometric features such as openings and projections.

Surface Genus is a topological measure that represents the number of "holes" or "handles" on a surface. For example, a sphere has genus 0, and a torus has genus 1.

Computed using the Euler characteristic:
$$
X=V−E+F
$$
With the numbers of vertices (V), edges (E) and faces (F)
$$
X=2−2g−b
$$
With surface genus (g) and the number of boundaries (b) the latter zero in case of an enclosed volume.</Definition>
      <QtoType>Q_COUNT</QtoType>
      <NameAliases />
      <DefinitionAliases />
    </QtoDef>
    <QtoDef>
      <Name>SurfaceGenusAfterFeatures</Name>
      <Definition>The Surface Genus of the evaluated representation items after applying product-level geometric features such as openings and projections.

Surface Genus is a topological measure that represents the number of "holes" or "handles" on a surface. For example, a sphere has genus 0, and a torus has genus 1.

Computed using the Euler characteristic:
$$
X=V−E+F
$$
With the numbers of vertices (V), edges (E) and faces (F)
$$
X=2−2g−b
$$
With surface genus (g) and the number of boundaries (b) the latter zero in case of an enclosed volume.</Definition>
      <QtoType>0</QtoType>
      <NameAliases />
      <DefinitionAliases />
    </QtoDef>
  </QtoDefs>
  <QtoDefinitionAliases />
</QtoSetDef>