<?xml version="1.0" encoding="utf-8"?>
<QtoSetDef xmlns:xsi="http://www.w3.org/2001/XMLSchema-instance" xmlns:xsd="http://www.w3.org/2001/XMLSchema" xmlns="http://buildingSMART-tech.org/xml/psd/PSD_IFC4.xsd">
  <IfcVersion version="IFC4X4" />
  <Name>Qto_ArchElementBaseQuantities</Name>
  <Definition>Base quantities that are common to the definition of all occurrences of arch elements.</Definition>
  <Applicability />
  <ApplicableClasses>
    <ClassName>IfcArchElement</ClassName>
  </ApplicableClasses>
  <ApplicableTypeValue>IfcArchElement</ApplicableTypeValue>
  <QtoDefs>
    <QtoDef>
      <Name>Length</Name>
      <Definition>The length of the object.

The axis arch length from the profile center of gravity.</Definition>
      <QtoType>Q_LENGTH</QtoType>
      <NameAliases />
      <DefinitionAliases />
    </QtoDef>
    <QtoDef>
      <Name>Volume</Name>
      <Definition>Volume of the element.

Total volume of the arch element.</Definition>
      <QtoType>Q_VOLUME</QtoType>
      <NameAliases />
      <DefinitionAliases />
    </QtoDef>
    <QtoDef>
      <Name>CrossSectionArea</Name>
      <Definition>The cross section area of the arch element.</Definition>
      <QtoType>Q_AREA</QtoType>
      <NameAliases />
      <DefinitionAliases />
    </QtoDef>
    <QtoDef>
      <Name>OuterSurfaceArea</Name>
      <Definition>The outer surface area of the arch element.</Definition>
      <QtoType>0</QtoType>
      <NameAliases />
      <DefinitionAliases />
    </QtoDef>
    <QtoDef>
      <Name>InnerSurfaceArea</Name>
      <Definition>The inner surface area of the arch element.</Definition>
      <QtoType>0</QtoType>
      <NameAliases />
      <DefinitionAliases />
    </QtoDef>
  </QtoDefs>
  <QtoDefinitionAliases />
</QtoSetDef>