<?xml version="1.0" encoding="utf-8"?>
<QtoSetDef xmlns:xsi="http://www.w3.org/2001/XMLSchema-instance" xmlns:xsd="http://www.w3.org/2001/XMLSchema" xmlns="http://buildingSMART-tech.org/xml/psd/PSD_IFC4.xsd">
  <IfcVersion version="IFC4X4" />
  <Name>Qto_SurfaceFeatureBaseQuantities</Name>
  <Definition>Base quantities for Surface Features.</Definition>
  <Applicability />
  <ApplicableClasses>
    <ClassName>IfcSurfaceFeature</ClassName>
  </ApplicableClasses>
  <ApplicableTypeValue>IfcSurfaceFeature</ApplicableTypeValue>
  <QtoDefs>
    <QtoDef>
      <Name>Area</Name>
      <Definition>Calculated area for the object.</Definition>
      <QtoType>Q_AREA</QtoType>
      <NameAliases />
      <DefinitionAliases />
    </QtoDef>
    <QtoDef>
      <Name>Length</Name>
      <Definition>The length of the object.</Definition>
      <QtoType>Q_LENGTH</QtoType>
      <NameAliases />
      <DefinitionAliases />
    </QtoDef>
  </QtoDefs>
  <QtoDefinitionAliases />
</QtoSetDef>