<?xml version="1.0" encoding="utf-8"?>
<QtoSetDef xmlns:xsi="http://www.w3.org/2001/XMLSchema-instance" xmlns:xsd="http://www.w3.org/2001/XMLSchema" xmlns="http://buildingSMART-tech.org/xml/psd/PSD_IFC4.xsd">
  <IfcVersion version="IFC4X4" />
  <Name>Qto_PictorialSignQuantities</Name>
  <Definition>Quantity set for Pictorial Signs.</Definition>
  <Applicability />
  <ApplicableClasses>
    <ClassName>IfcSign/PICTORAL</ClassName>
  </ApplicableClasses>
  <ApplicableTypeValue>IfcSign/PICTORAL</ApplicableTypeValue>
  <QtoDefs>
    <QtoDef>
      <Name>Area</Name>
      <Definition>Calculated area for the object.</Definition>
      <QtoType>Q_AREA</QtoType>
      <NameAliases />
      <DefinitionAliases />
    </QtoDef>
    <QtoDef>
      <Name>SignArea</Name>
      <Definition>Sign Area</Definition>
      <QtoType>Q_AREA</QtoType>
      <NameAliases />
      <DefinitionAliases />
    </QtoDef>
  </QtoDefs>
  <QtoDefinitionAliases />
</QtoSetDef>