<?xml version="1.0" encoding="utf-8"?>
<QtoSetDef xmlns:xsi="http://www.w3.org/2001/XMLSchema-instance" xmlns:xsd="http://www.w3.org/2001/XMLSchema" xmlns="http://buildingSMART-tech.org/xml/psd/PSD_IFC4.xsd">
  <IfcVersion version="IFC4X4" />
  <Name>Qto_ImpactProtectionDeviceBaseQuantities</Name>
  <Definition>Quantity set Impact Protection Device Base.</Definition>
  <Applicability />
  <ApplicableClasses>
    <ClassName>IfcImpactProtectionDevice</ClassName>
  </ApplicableClasses>
  <ApplicableTypeValue>IfcImpactProtectionDevice</ApplicableTypeValue>
  <QtoDefs>
    <QtoDef>
      <Name>Weight</Name>
      <Definition>Total weight of object</Definition>
      <QtoType>Q_WEIGHT</QtoType>
      <NameAliases />
      <DefinitionAliases />
    </QtoDef>
  </QtoDefs>
  <QtoDefinitionAliases />
</QtoSetDef>