<?xml version="1.0" encoding="utf-8"?>
<QtoSetDef xmlns:xsi="http://www.w3.org/2001/XMLSchema-instance" xmlns:xsd="http://www.w3.org/2001/XMLSchema" xmlns="http://buildingSMART-tech.org/xml/psd/PSD_IFC4.xsd">
  <IfcVersion version="IFC4X4" />
  <Name>Qto_BeamBaseQuantities</Name>
  <Definition>Base quantities that are common to the definition of all occurrences of beams.</Definition>
  <Applicability />
  <ApplicableClasses>
    <ClassName>IfcBeam</ClassName>
  </ApplicableClasses>
  <ApplicableTypeValue>IfcBeam</ApplicableTypeValue>
  <QtoDefs>
    <QtoDef>
      <Name>Length</Name>
      <Definition>The length of the object.

Not taking into account any cut-out's or other processing features.</Definition>
      <QtoType>Q_LENGTH</QtoType>
      <NameAliases>
        <NameAlias lang="de-DE">Länge</NameAlias>
        <NameAlias lang="en">Length</NameAlias>
        <NameAlias lang="ja-JP">長さ</NameAlias>
      </NameAliases>
      <DefinitionAliases>
        <DefinitionAlias lang="de-DE">Physikalische Länge des Balkens ohne Berücksichtigung von Abschrägungen, Ausklinkungen, und ähnliches.</DefinitionAlias>
        <DefinitionAlias lang="en" />
        <DefinitionAlias lang="ja-JP">梁の全体長。切断や他の処理の部分を考慮しない。</DefinitionAlias>
      </DefinitionAliases>
    </QtoDef>
    <QtoDef>
      <Name>CrossSectionArea</Name>
      <Definition>Total area of the cross section (or profile) of the object.</Definition>
      <QtoType>Q_AREA</QtoType>
      <NameAliases>
        <NameAlias lang="de-DE">Querschnittsfläche</NameAlias>
        <NameAlias lang="en">Cross Section Area</NameAlias>
        <NameAlias lang="ja-JP">断面面積</NameAlias>
      </NameAliases>
      <DefinitionAliases>
        <DefinitionAlias lang="de-DE">Querschnittsfläche des Balkens.</DefinitionAlias>
        <DefinitionAlias lang="en" />
        <DefinitionAlias lang="ja-JP">梁の断面形状の面積。</DefinitionAlias>
      </DefinitionAliases>
    </QtoDef>
    <QtoDef>
      <Name>OuterSurfaceArea</Name>
      <Definition>Total area of the surfaces of the object (not taking into account the end cap areas), normally generated as perimeter * length in case of extrusions.</Definition>
      <QtoType>Q_AREA</QtoType>
      <NameAliases>
        <NameAlias lang="de-DE">Mantelfläche</NameAlias>
        <NameAlias lang="en">Outer Surface Area</NameAlias>
        <NameAlias lang="ja-JP">外表面面積</NameAlias>
      </NameAliases>
      <DefinitionAliases>
        <DefinitionAlias lang="de-DE">Mantelfläche des Balkens, die Querschnittsfläche am Anfang und Ende des Balkens wird nicht berücksichtigt.</DefinitionAlias>
        <DefinitionAlias lang="en" />
        <DefinitionAlias lang="ja-JP">梁の表面の面積。エンドキャップの部分を考慮しない。通常周辺長と長さの積として算出される。</DefinitionAlias>
      </DefinitionAliases>
    </QtoDef>
    <QtoDef>
      <Name>GrossSurfaceArea</Name>
      <Definition>Total gross area of the object, normally generated as perimeter * length + 2 * cross section area. It is the sum of OuterSurfaceArea + (2 x CrossSectionArea) and shall only be given, if the OuterSurfaceArea and CrossSectionArea cannot be established separately.</Definition>
      <QtoType>Q_AREA</QtoType>
      <NameAliases>
        <NameAlias lang="de-DE">Gesamtoberfläche</NameAlias>
        <NameAlias lang="en">Gross Surface Area</NameAlias>
        <NameAlias lang="ja-JP">表面面積</NameAlias>
      </NameAliases>
      <DefinitionAliases>
        <DefinitionAlias lang="de-DE">Gesamte Oberfläche als Summe von Mantelfläche + (2 x Querschnittsfläche). Es soll nur dann angegeben werden, wenn die Mantelfläche und die Querschnittsfläche nicht separat bestimmt werden können).</DefinitionAlias>
        <DefinitionAlias lang="en" />
        <DefinitionAlias lang="ja-JP">梁の面積。</DefinitionAlias>
      </DefinitionAliases>
    </QtoDef>
    <QtoDef>
      <Name>NetSurfaceArea</Name>
      <Definition>Net surface area of the object, normally generated as perimeter * length + 2 * cross section area taking into account possible processing features (cut-out's, etc.) or openings and recesses.</Definition>
      <QtoType>Q_AREA</QtoType>
      <NameAliases>
        <NameAlias lang="de-DE">Nettooberfläche</NameAlias>
        <NameAlias lang="en">Net Surface Area</NameAlias>
      </NameAliases>
      <DefinitionAliases>
        <DefinitionAlias lang="de-DE">Nettooberfläche des Balkens, alle Öffnungen und Aussparungen werden von der Mantelfläche abgezogen.</DefinitionAlias>
        <DefinitionAlias lang="en" />
      </DefinitionAliases>
    </QtoDef>
    <QtoDef>
      <Name>GrossVolume</Name>
      <Definition>Total gross volume of the object. Openings, recesses, enclosed objects and projections are not taken into account.</Definition>
      <QtoType>Q_VOLUME</QtoType>
      <NameAliases>
        <NameAlias lang="de-DE">Bruttovolumen</NameAlias>
        <NameAlias lang="en">Gross Volume</NameAlias>
        <NameAlias lang="ja-JP">体積</NameAlias>
      </NameAliases>
      <DefinitionAliases>
        <DefinitionAlias lang="de-DE">Volumen des Balkens. Alle Öffnungen und Aussparungen werden übermessen.</DefinitionAlias>
        <DefinitionAlias lang="en" />
        <DefinitionAlias lang="ja-JP">梁の体積。切断や他の処理の部分を考慮しない。</DefinitionAlias>
      </DefinitionAliases>
    </QtoDef>
    <QtoDef>
      <Name>NetVolume</Name>
      <Definition>Total net volume of the object, taking into account possible processing features (cut-out's, etc.) or openings and recesses.</Definition>
      <QtoType>Q_VOLUME</QtoType>
      <NameAliases>
        <NameAlias lang="de-DE">Nettovolumen</NameAlias>
        <NameAlias lang="en">Net Volume</NameAlias>
        <NameAlias lang="ja-JP">正味体積</NameAlias>
      </NameAliases>
      <DefinitionAliases>
        <DefinitionAlias lang="de-DE">Volumen des Balkens. Alle Öffnungen und Aussparungen werden abgezogen.</DefinitionAlias>
        <DefinitionAlias lang="en" />
        <DefinitionAlias lang="ja-JP">梁の体積。切断や他の処理の部分を考慮する。</DefinitionAlias>
      </DefinitionAliases>
    </QtoDef>
    <QtoDef>
      <Name>GrossWeight</Name>
      <Definition>Total net weight of the object without add-on parts, taking into account possible processing features (cut-out's, etc.) or openings and recesses.</Definition>
      <QtoType>Q_WEIGHT</QtoType>
      <NameAliases>
        <NameAlias lang="de-DE">Bruttogewicht</NameAlias>
        <NameAlias lang="en">Gross Weight</NameAlias>
        <NameAlias lang="ja-JP">重量</NameAlias>
      </NameAliases>
      <DefinitionAliases>
        <DefinitionAlias lang="de-DE">Gewicht des Balkens. Alle Öffnungen oder Aussparungen werden übermessen.</DefinitionAlias>
        <DefinitionAlias lang="en" />
        <DefinitionAlias lang="ja-JP">梁の重量。付加されたパーツを除く。また、切断などの処理を考慮しない。</DefinitionAlias>
      </DefinitionAliases>
    </QtoDef>
    <QtoDef>
      <Name>NetWeight</Name>
      <Definition>Total net weight of the beam without add-on parts, taking into account possible processing features (cut-out's, etc.) or openings and recesses.</Definition>
      <QtoType>Q_WEIGHT</QtoType>
      <NameAliases>
        <NameAlias lang="de-DE">Nettogewicht</NameAlias>
        <NameAlias lang="en">Net Weight</NameAlias>
        <NameAlias lang="ja-JP">正味重量</NameAlias>
      </NameAliases>
      <DefinitionAliases>
        <DefinitionAlias lang="de-DE">Gewicht des Balkens. Alle Öffnungen oder Aussparungen  werden abgezogen.</DefinitionAlias>
        <DefinitionAlias lang="en" />
        <DefinitionAlias lang="ja-JP">梁の重量。付加されたパーツを除く。また、切断などの処理を考慮する。</DefinitionAlias>
      </DefinitionAliases>
    </QtoDef>
  </QtoDefs>
  <QtoDefinitionAliases>
    <QtoDefinitionAlias lang="de-DE">Basismengen für alle Bauelemente vom Typ Balken</QtoDefinitionAlias>
    <QtoDefinitionAlias lang="en" />
    <QtoDefinitionAlias lang="ja-JP">梁に関わる共通の基本数量情報の定義。</QtoDefinitionAlias>
  </QtoDefinitionAliases>
</QtoSetDef>