﻿<?xml version="1.0" encoding="utf-8"?><QtoSetDef xmlns:xsi="http://www.w3.org/2001/XMLSchema-instance" xmlns:xsd="http://www.w3.org/2001/XMLSchema" xmlns="http://buildingSMART-tech.org/xml/psd/PSD_IFC4.xsd"><IfcVersion version="IFC4X4" /><Name>Qto_VolumetricStratumBaseQuantities</Name><Definition>Quantity measures associated to volumetric stratum such as in a geotechnical model. Uncertainty is documented in _Pset_Uncertainty_.</Definition><Applicability /><ApplicableClasses><ClassName>IfcGeotechnicalStratum</ClassName></ApplicableClasses><ApplicableTypeValue>IfcGeotechnicalStratum</ApplicableTypeValue><QtoDefs><QtoDef><Name>Area</Name><Definition>Actual area of upper surface of shape.</Definition><QtoType>Q_AREA</QtoType><NameAliases /><DefinitionAliases /></QtoDef><QtoDef><Name>Mass</Name><Definition>Mass represented, if lower surface of stratum known.</Definition><QtoType>Q_WEIGHT</QtoType><NameAliases /><DefinitionAliases /></QtoDef><QtoDef><Name>PlanArea</Name><Definition>Projected plan area of upper surface of model.</Definition><QtoType>Q_AREA</QtoType><NameAliases /><DefinitionAliases /></QtoDef><QtoDef><Name>Volume</Name><Definition>Volume represented, if lower surface of stratum known.</Definition><QtoType>Q_VOLUME</QtoType><NameAliases /><DefinitionAliases /></QtoDef></QtoDefs><QtoDefinitionAliases /></QtoSetDef>