﻿<?xml version="1.0" encoding="utf-8"?><QtoSetDef xmlns:xsi="http://www.w3.org/2001/XMLSchema-instance" xmlns:xsd="http://www.w3.org/2001/XMLSchema" xmlns="http://buildingSMART-tech.org/xml/psd/PSD_IFC4.xsd"><IfcVersion version="IFC4X4" /><Name>Qto_TubeBundleBaseQuantities</Name><Definition>Base quantities that are common to the definition of all types of tube bundles.</Definition><Applicability /><ApplicableClasses><ClassName>IfcTubeBundle</ClassName></ApplicableClasses><ApplicableTypeValue>IfcTubeBundle</ApplicableTypeValue><QtoDefs><QtoDef><Name>GrossWeight</Name><Definition>Weight of the element itself, not including contained fluid.</Definition><QtoType>Q_WEIGHT</QtoType><NameAliases><NameAlias lang="en">Gross Weight</NameAlias></NameAliases><DefinitionAliases><DefinitionAlias lang="en" /></DefinitionAliases></QtoDef><QtoDef><Name>NetWeight</Name><Definition>Weight of the element, including contained fluid as designed.</Definition><QtoType>Q_WEIGHT</QtoType><NameAliases><NameAlias lang="en">Net Weight</NameAlias></NameAliases><DefinitionAliases><DefinitionAlias lang="en" /></DefinitionAliases></QtoDef></QtoDefs><QtoDefinitionAliases><QtoDefinitionAlias lang="en" /></QtoDefinitionAliases></QtoSetDef>