﻿<?xml version="1.0" encoding="utf-8"?><QtoSetDef xmlns:xsi="http://www.w3.org/2001/XMLSchema-instance" xmlns:xsd="http://www.w3.org/2001/XMLSchema" xmlns="http://buildingSMART-tech.org/xml/psd/PSD_IFC4.xsd"><IfcVersion version="IFC4X4" /><Name>Qto_DistributionBoardBaseQuantities</Name><Definition>Base quantities that are common to the definition of all occurrences of electric distribution board.</Definition><Applicability /><ApplicableClasses><ClassName>IfcElectricDistributionBoard</ClassName></ApplicableClasses><ApplicableTypeValue>IfcElectricDistributionBoard</ApplicableTypeValue><QtoDefs><QtoDef><Name>GrossWeight</Name><Definition>Weight of the element.</Definition><QtoType>Q_WEIGHT</QtoType><NameAliases><NameAlias lang="en">Gross Weight</NameAlias></NameAliases><DefinitionAliases><DefinitionAlias lang="en" /></DefinitionAliases></QtoDef><QtoDef><Name>NumberOfCircuits</Name><Definition>Number of circuits in the distribution board.</Definition><QtoType>Q_COUNT</QtoType><NameAliases><NameAlias lang="en">Number Of Circuits</NameAlias></NameAliases><DefinitionAliases><DefinitionAlias lang="en" /></DefinitionAliases></QtoDef></QtoDefs><QtoDefinitionAliases><QtoDefinitionAlias lang="en" /></QtoDefinitionAliases></QtoSetDef>