﻿<?xml version="1.0" encoding="utf-8"?><QtoSetDef xmlns:xsi="http://www.w3.org/2001/XMLSchema-instance" xmlns:xsd="http://www.w3.org/2001/XMLSchema" xmlns="http://buildingSMART-tech.org/xml/psd/PSD_IFC4.xsd"><IfcVersion version="IFC4X4" /><Name>Qto_RailBaseQuantities</Name><Definition>Base quantities that are common to the definition of all occurrences of rail.</Definition><Applicability /><ApplicableClasses><ClassName>IfcRail</ClassName></ApplicableClasses><ApplicableTypeValue>IfcRail</ApplicableTypeValue><QtoDefs><QtoDef><Name>Length</Name><Definition>Characteristic length</Definition><QtoType>Q_LENGTH</QtoType><NameAliases /><DefinitionAliases /></QtoDef><QtoDef><Name>Volume</Name><Definition>Measured volume</Definition><QtoType>Q_VOLUME</QtoType><NameAliases /><DefinitionAliases /></QtoDef><QtoDef><Name>Weight</Name><Definition>Total weight of object</Definition><QtoType>Q_WEIGHT</QtoType><NameAliases /><DefinitionAliases /></QtoDef></QtoDefs><QtoDefinitionAliases /></QtoSetDef>