﻿<?xml version="1.0" encoding="utf-8"?><QtoSetDef xmlns:xsi="http://www.w3.org/2001/XMLSchema-instance" xmlns:xsd="http://www.w3.org/2001/XMLSchema" xmlns="http://buildingSMART-tech.org/xml/psd/PSD_IFC4.xsd"><IfcVersion version="IFC4X4" /><Name>Qto_MemberBaseQuantities</Name><Definition>Base quantities that are common to the definition of all occurrences of members.</Definition><Applicability /><ApplicableClasses><ClassName>IfcMember</ClassName></ApplicableClasses><ApplicableTypeValue>IfcMember</ApplicableTypeValue><QtoDefs><QtoDef><Name>Length</Name><Definition>Total nominal length of the member, not taking into account any cut-out's or other processing features.</Definition><QtoType>Q_LENGTH</QtoType><NameAliases><NameAlias lang="de-DE">Länge</NameAlias><NameAlias lang="en">Length</NameAlias></NameAliases><DefinitionAliases><DefinitionAlias lang="de-DE">Physikalische Länge des Stabs ohne Berücksichtigung von Abschrägungen, Ausklinkungen, und ähnliches.</DefinitionAlias><DefinitionAlias lang="en" /></DefinitionAliases></QtoDef><QtoDef><Name>CrossSectionArea</Name><Definition>Total area of the cross section (or profile) of the member.</Definition><QtoType>Q_AREA</QtoType><NameAliases><NameAlias lang="de-DE">Querschnittsfläche</NameAlias><NameAlias lang="en">Cross Section Area</NameAlias></NameAliases><DefinitionAliases><DefinitionAlias lang="de-DE">Querschnittsfläche des Stabs.</DefinitionAlias><DefinitionAlias lang="en" /></DefinitionAliases></QtoDef><QtoDef><Name>OuterSurfaceArea</Name><Definition>Total area of the extruded surfaces of the member (not taking into account the end cap areas), normally generated as perimeter \* length.</Definition><QtoType>Q_AREA</QtoType><NameAliases><NameAlias lang="de-DE">Mantelfläche</NameAlias><NameAlias lang="en">Outer Surface Area</NameAlias></NameAliases><DefinitionAliases><DefinitionAlias lang="de-DE">Mantelfläche des Stabs, die Querschnittsfläche am Anfang und Ende des Stabs wird nicht berücksichtigt.</DefinitionAlias><DefinitionAlias lang="en" /></DefinitionAliases></QtoDef><QtoDef><Name>GrossSurfaceArea</Name><Definition>Total area of the member, normally generated as perimeter \* length + 2 \* cross section area. It is the sum of OuterSurfaceArea + (2 x CrossSectionArea) and shall only be given, if the OuterSurfaceArea and CrossSectionArea cannot be established separately.</Definition><QtoType>Q_AREA</QtoType><NameAliases><NameAlias lang="de-DE">Gesamtoberfläche</NameAlias><NameAlias lang="en">Gross Surface Area</NameAlias></NameAliases><DefinitionAliases><DefinitionAlias lang="de-DE">Gesamte Oberfläche als Summe von Mantelfläche + (2 x Querschnittsfläche). Es soll nur dann angegeben werden, wenn die Mantelfläche und die Querschnittsfläche nicht separat bestimmt werden können).</DefinitionAlias><DefinitionAlias lang="en" /></DefinitionAliases></QtoDef><QtoDef><Name>NetSurfaceArea</Name><Definition>Net surface area of the member, normally generated as perimeter \* length + 2 \* cross section area taking into account possible processing features (cut-out's, etc.) or openings and recesses.</Definition><QtoType>Q_AREA</QtoType><NameAliases><NameAlias lang="de-DE">Nettooberfläche</NameAlias><NameAlias lang="en">Net Surface Area</NameAlias></NameAliases><DefinitionAliases><DefinitionAlias lang="de-DE">Nettooberfläche des Stabs, alle Öffnungen und Aussparungen werden von der Mantelfläche abgezogen.</DefinitionAlias><DefinitionAlias lang="en" /></DefinitionAliases></QtoDef><QtoDef><Name>GrossVolume</Name><Definition>Total gross volume of the member, not taking into account possible processing features (cut-out's, etc.) or openings and recesses.</Definition><QtoType>Q_VOLUME</QtoType><NameAliases><NameAlias lang="de-DE">Bruttovolumen</NameAlias><NameAlias lang="en">Gross Volume</NameAlias></NameAliases><DefinitionAliases><DefinitionAlias lang="de-DE">Volumen des Stabs. Alle Öffnungen und Aussparungen werden übermessen.</DefinitionAlias><DefinitionAlias lang="en" /></DefinitionAliases></QtoDef><QtoDef><Name>NetVolume</Name><Definition>Total net volume of the member, taking into account possible processing features (cut-out's, etc.) or openings and recesses.</Definition><QtoType>Q_VOLUME</QtoType><NameAliases><NameAlias lang="de-DE">Nettovolumen</NameAlias><NameAlias lang="en">Net Volume</NameAlias></NameAliases><DefinitionAliases><DefinitionAlias lang="de-DE">Volumen des Stabs. Alle Öffnungen und Aussparungen werden abgezogen.</DefinitionAlias><DefinitionAlias lang="en" /></DefinitionAliases></QtoDef><QtoDef><Name>GrossWeight</Name><Definition>Total gross weight of the member without add-on parts, not taking into account possible processing features (cut-out's, etc.) or openings and recesses.</Definition><QtoType>Q_WEIGHT</QtoType><NameAliases><NameAlias lang="de-DE">Bruttogewicht</NameAlias><NameAlias lang="en">Gross Weight</NameAlias></NameAliases><DefinitionAliases><DefinitionAlias lang="de-DE">Gewicht des Stabs. Alle Öffnungen und Aussparungen werden übermessen.</DefinitionAlias><DefinitionAlias lang="en" /></DefinitionAliases></QtoDef><QtoDef><Name>NetWeight</Name><Definition>Total net weight of the member without add-on parts, taking into account possible processing features (cut-out's, etc.) or openings and recesses.</Definition><QtoType>Q_WEIGHT</QtoType><NameAliases><NameAlias lang="de-DE">Nettogewicht</NameAlias><NameAlias lang="en">Net Weight</NameAlias></NameAliases><DefinitionAliases><DefinitionAlias lang="de-DE">Gewicht des Stabs. Alle Öffnungen und Aussparungen werden abgezogen.</DefinitionAlias><DefinitionAlias lang="en" /></DefinitionAliases></QtoDef></QtoDefs><QtoDefinitionAliases><QtoDefinitionAlias lang="de-DE">Basismengen für alle Bauelemente vom Typ Träger.</QtoDefinitionAlias><QtoDefinitionAlias lang="en" /></QtoDefinitionAliases></QtoSetDef>