﻿<?xml version="1.0" encoding="utf-8"?><QtoSetDef xmlns:xsi="http://www.w3.org/2001/XMLSchema-instance" xmlns:xsd="http://www.w3.org/2001/XMLSchema" xmlns="http://buildingSMART-tech.org/xml/psd/PSD_IFC4.xsd"><IfcVersion version="IFC4X4" /><Name>Qto_ChimneyBaseQuantities</Name><Definition>Base quantities that are common to the definition of all occurrences of chimneys.</Definition><Applicability /><ApplicableClasses><ClassName>IfcChimney</ClassName></ApplicableClasses><ApplicableTypeValue>IfcChimney</ApplicableTypeValue><QtoDefs><QtoDef><Name>Length</Name><Definition>Total length of the chimney from the foundation (or beginning) to the top not taking into account any cut-out's or other processing features.</Definition><QtoType>Q_LENGTH</QtoType><NameAliases><NameAlias lang="de-DE">Länge</NameAlias><NameAlias lang="en">Length</NameAlias><NameAlias lang="ja-JP">長さ</NameAlias></NameAliases><DefinitionAliases><DefinitionAlias lang="de-DE">Gesamtlänge des Schornsteins ohne Berücksichtigung von Abschrägungen, Ausklinkungen, und ähnliches.</DefinitionAlias><DefinitionAlias lang="en" /><DefinitionAlias lang="ja-JP">煙突の長さ。基盤部分から一番上までの距離。切断などの他の処理を考慮しない。</DefinitionAlias></DefinitionAliases></QtoDef></QtoDefs><QtoDefinitionAliases><QtoDefinitionAlias lang="de-DE">Basismengen für alle Bauelemente vom Typ Schornstein.</QtoDefinitionAlias><QtoDefinitionAlias lang="en" /><QtoDefinitionAlias lang="ja-JP">煙突に関わる共通の基本数量情報の定義。</QtoDefinitionAlias></QtoDefinitionAliases></QtoSetDef>