﻿<?xml version="1.0" encoding="utf-8"?><QtoSetDef xmlns:xsi="http://www.w3.org/2001/XMLSchema-instance" xmlns:xsd="http://www.w3.org/2001/XMLSchema" xmlns="http://buildingSMART-tech.org/xml/psd/PSD_IFC4.xsd"><IfcVersion version="IFC4X4" /><Name>Qto_CoveringBaseQuantities</Name><Definition>Base quantities that are common to the definition of all occurrences of coverings applied to spaces.</Definition><Applicability /><ApplicableClasses><ClassName>IfcCovering</ClassName></ApplicableClasses><ApplicableTypeValue>IfcCovering</ApplicableTypeValue><QtoDefs><QtoDef><Name>Width</Name><Definition>Nominal width (or thickness) of the plate. Only given, if the covering is prismatic (constant thickess).</Definition><QtoType>Q_LENGTH</QtoType><NameAliases><NameAlias lang="de-DE">Dicke</NameAlias><NameAlias lang="en">Width</NameAlias><NameAlias lang="ja-JP">幅</NameAlias></NameAliases><DefinitionAliases><DefinitionAlias lang="de-DE">Dicke der Bekleidung, der Wert wird nur angegeben, wenn er konstant ist.</DefinitionAlias><DefinitionAlias lang="en" /><DefinitionAlias lang="ja-JP">仕上げの厚さ。</DefinitionAlias></DefinitionAliases></QtoDef><QtoDef><Name>GrossArea</Name><Definition>Sum of all gross areas of the covering facing the space. No opening that is included in the covering is subtracted.</Definition><QtoType>Q_AREA</QtoType><NameAliases><NameAlias lang="de-DE">Bruttofläche</NameAlias><NameAlias lang="en">Gross Area</NameAlias><NameAlias lang="ja-JP">面積</NameAlias></NameAliases><DefinitionAliases><DefinitionAlias lang="de-DE">Gesamtfläche der Bekleidung ohne Abzug der Öffnungen. Je nach Art der Bekleidung ist es die Bodenfläche, Wandfläche, order Deckenfläche des Raumes mit gleichem Material.</DefinitionAlias><DefinitionAlias lang="en" /><DefinitionAlias lang="ja-JP">部屋に面してい部分全体の面積。開口などは考慮しない。</DefinitionAlias></DefinitionAliases></QtoDef><QtoDef><Name>NetArea</Name><Definition>Sum of all net areas  of the covering facing the space. All openings that is included in the covering are subtracted.</Definition><QtoType>Q_AREA</QtoType><NameAliases><NameAlias lang="de-DE">Nettofläche</NameAlias><NameAlias lang="en">Net Area</NameAlias><NameAlias lang="ja-JP">正味面積</NameAlias></NameAliases><DefinitionAliases><DefinitionAlias lang="de-DE">Nettofläche der Bekleidung nach Abzug aller Öffnungen. Je nach Art der Bekleidung ist es die Bodenfläche, Wandfläche, order Deckenfläche des Raumes mit gleichem Material.</DefinitionAlias><DefinitionAlias lang="en" /><DefinitionAlias lang="ja-JP">部屋に面してい部分全体の面積。開口などは考慮する。</DefinitionAlias></DefinitionAliases></QtoDef></QtoDefs><QtoDefinitionAliases><QtoDefinitionAlias lang="de-DE">Basismengen für Bekleidungen</QtoDefinitionAlias><QtoDefinitionAlias lang="en" /><QtoDefinitionAlias lang="ja-JP">仕上げ(カバリング・覆い)に関わる共通の基本数量情報の定義。</QtoDefinitionAlias></QtoDefinitionAliases></QtoSetDef>