﻿<?xml version="1.0" encoding="utf-8"?><QtoSetDef xmlns:xsi="http://www.w3.org/2001/XMLSchema-instance" xmlns:xsd="http://www.w3.org/2001/XMLSchema" xmlns="http://buildingSMART-tech.org/xml/psd/PSD_IFC4.xsd"><IfcVersion version="IFC4X4" /><Name>Qto_SignBaseQuantities</Name><Applicability /><ApplicableClasses><ClassName>IfcSign</ClassName></ApplicableClasses><ApplicableTypeValue>IfcSign</ApplicableTypeValue><QtoDefs><QtoDef><Name>Height</Name><Definition>Characteristic height</Definition><QtoType>Q_LENGTH</QtoType><NameAliases /><DefinitionAliases /></QtoDef><QtoDef><Name>Width</Name><Definition>Characteristic width</Definition><QtoType>Q_LENGTH</QtoType><NameAliases /><DefinitionAliases /></QtoDef><QtoDef><Name>Thickness</Name><Definition>The geometric thickness of the object.</Definition><QtoType>Q_LENGTH</QtoType><NameAliases /><DefinitionAliases /></QtoDef><QtoDef><Name>Weight</Name><Definition>Total weight of object</Definition><QtoType>Q_WEIGHT</QtoType><NameAliases /><DefinitionAliases /></QtoDef></QtoDefs><QtoDefinitionAliases /></QtoSetDef>