﻿<?xml version="1.0" encoding="utf-8"?><QtoSetDef xmlns:xsi="http://www.w3.org/2001/XMLSchema-instance" xmlns:xsd="http://www.w3.org/2001/XMLSchema" xmlns="http://buildingSMART-tech.org/xml/psd/PSD_IFC4.xsd"><IfcVersion version="IFC4X4" /><Name>Qto_PictorialSignQuantities</Name><Applicability /><ApplicableClasses><ClassName>IfcSign/PICTORAL</ClassName></ApplicableClasses><ApplicableTypeValue>IfcSign/PICTORAL</ApplicableTypeValue><QtoDefs><QtoDef><Name>Area</Name><Definition>Measured plan area</Definition><QtoType>Q_AREA</QtoType><NameAliases /><DefinitionAliases /></QtoDef><QtoDef><Name>SignArea</Name><QtoType>Q_AREA</QtoType><NameAliases /><DefinitionAliases /></QtoDef></QtoDefs><QtoDefinitionAliases /></QtoSetDef>