﻿<?xml version="1.0" encoding="utf-8"?><QtoSetDef xmlns:xsi="http://www.w3.org/2001/XMLSchema-instance" xmlns:xsd="http://www.w3.org/2001/XMLSchema" xmlns="http://buildingSMART-tech.org/xml/psd/PSD_IFC4.xsd"><IfcVersion version="IFC4X4" /><Name>Qto_LinearStratumBaseQuantities</Name><Definition>Quantity measures associated to a linear stratum such as in a borehole. Uncertainty is documented in _Pset_Uncertainty_.</Definition><Applicability /><ApplicableClasses><ClassName>IfcGeotechnicalStratum</ClassName></ApplicableClasses><ApplicableTypeValue>IfcGeotechnicalStratum</ApplicableTypeValue><QtoDefs><QtoDef><Name>Diameter</Name><Definition>Actual diameter of sample or segment.</Definition><QtoType>Q_LENGTH</QtoType><NameAliases /><DefinitionAliases /></QtoDef><QtoDef><Name>Length</Name><Definition>Effective length sampled, if lower end of segment known</Definition><QtoType>Q_LENGTH</QtoType><NameAliases /><DefinitionAliases /></QtoDef></QtoDefs><QtoDefinitionAliases /></QtoSetDef>