﻿<?xml version="1.0" encoding="utf-8"?><QtoSetDef xmlns:xsi="http://www.w3.org/2001/XMLSchema-instance" xmlns:xsd="http://www.w3.org/2001/XMLSchema" xmlns="http://buildingSMART-tech.org/xml/psd/PSD_IFC4.xsd"><IfcVersion version="IFC4X4" /><Name>Qto_ColumnBaseQuantities</Name><Definition>Base quantities that are common to the definition of all occurrences of columns.</Definition><Applicability /><ApplicableClasses><ClassName>IfcColumn</ClassName></ApplicableClasses><ApplicableTypeValue>IfcColumn</ApplicableTypeValue><QtoDefs><QtoDef><Name>Length</Name><Definition>Total length of the column not taking into account any cut-out's or other processing features.</Definition><QtoType>Q_LENGTH</QtoType><NameAliases><NameAlias lang="de-DE">Länge</NameAlias><NameAlias lang="en">Length</NameAlias><NameAlias lang="ja-JP">長さ</NameAlias></NameAliases><DefinitionAliases><DefinitionAlias lang="de-DE">Physikalische Länge der Stütze ohne Berücksichtigung von Abschrägungen, Ausklinkungen, und ähnliches.</DefinitionAlias><DefinitionAlias lang="en" /><DefinitionAlias lang="ja-JP">柱の全体長。切断や他の処理の部分を考慮しない。</DefinitionAlias></DefinitionAliases></QtoDef><QtoDef><Name>CrossSectionArea</Name><Definition>Total area of the cross section (or profile) of the column.</Definition><QtoType>Q_AREA</QtoType><NameAliases><NameAlias lang="de-DE">Querschnittsfläche</NameAlias><NameAlias lang="en">Cross Section Area</NameAlias><NameAlias lang="ja-JP">断面面積</NameAlias></NameAliases><DefinitionAliases><DefinitionAlias lang="de-DE">Querschnittsfläche der Stütze.</DefinitionAlias><DefinitionAlias lang="en" /><DefinitionAlias lang="ja-JP">柱の断面形状の面積。</DefinitionAlias></DefinitionAliases></QtoDef><QtoDef><Name>OuterSurfaceArea</Name><Definition>Total area of the extruded surfaces of the column (not taking into account the end cap areas), normally generated as perimeter \\* length.</Definition><QtoType>Q_AREA</QtoType><NameAliases><NameAlias lang="de-DE">Mantelfläche</NameAlias><NameAlias lang="en">Outer Surface Area</NameAlias><NameAlias lang="ja-JP">外表面面積</NameAlias></NameAliases><DefinitionAliases><DefinitionAlias lang="de-DE">Mantelfläche der Stütze, die Querschnittsfläche am Anfang und Ende der Stütze wird nicht berücksichtigt.</DefinitionAlias><DefinitionAlias lang="en" /><DefinitionAlias lang="ja-JP">柱の表面の面積。エンドキャップの部分を考慮しない。通常周辺長と長さの積として算出される。</DefinitionAlias></DefinitionAliases></QtoDef><QtoDef><Name>GrossSurfaceArea</Name><Definition>Total area of the column, normally generated as perimeter \\* length + 2 \\* cross section area. It is the sum of OuterSurfaceArea + (2 x CrossSectionArea) and shall only be given, if the OuterSurfaceArea and CrossSectionArea cannot be established separately.</Definition><QtoType>Q_AREA</QtoType><NameAliases><NameAlias lang="de-DE">Gesamtoberfläche</NameAlias><NameAlias lang="en">Gross Surface Area</NameAlias><NameAlias lang="ja-JP">表面面積</NameAlias></NameAliases><DefinitionAliases><DefinitionAlias lang="de-DE">Gesamte Oberfläche als Summe von Mantelfläche + (2 x Querschnittsfläche). Es soll nur dann angegeben werden, wenn die Mantelfläche und die Querschnittsfläche nicht separat bestimmt werden können).</DefinitionAlias><DefinitionAlias lang="en" /><DefinitionAlias lang="ja-JP">柱の面積。</DefinitionAlias></DefinitionAliases></QtoDef><QtoDef><Name>NetSurfaceArea</Name><Definition>Net surface area of the column, normally generated as perimeter \\* length + 2 \\* cross section area taking into account possible processing features (cut-out's, etc.) or openings and recesses.</Definition><QtoType>Q_AREA</QtoType><NameAliases><NameAlias lang="de-DE">Nettooberfläche</NameAlias><NameAlias lang="en">Net Surface Area</NameAlias></NameAliases><DefinitionAliases><DefinitionAlias lang="de-DE">Nettooberfläche der Stütze, alle Öffnungen und Aussparungen werden von der Mantelfläche abgezogen.</DefinitionAlias><DefinitionAlias lang="en" /></DefinitionAliases></QtoDef><QtoDef><Name>GrossVolume</Name><Definition>Total gross volume of the column, not taking into account possible processing features (cut-out's, etc.) or openings and recesses.</Definition><QtoType>Q_VOLUME</QtoType><NameAliases><NameAlias lang="de-DE">Bruttovolumen</NameAlias><NameAlias lang="en">Gross Volume</NameAlias><NameAlias lang="ja-JP">体積</NameAlias></NameAliases><DefinitionAliases><DefinitionAlias lang="de-DE">Volumen der Stütze. Alle Öffnungen und Aussparungen werden übermessen.</DefinitionAlias><DefinitionAlias lang="en" /><DefinitionAlias lang="ja-JP">柱の体積。切断や他の処理の部分を考慮しない。</DefinitionAlias></DefinitionAliases></QtoDef><QtoDef><Name>NetVolume</Name><Definition>Total net volume of the column, taking into account possible processing features (cut-out's, etc.) or openings and recesses.</Definition><QtoType>Q_VOLUME</QtoType><NameAliases><NameAlias lang="de-DE">Nettovolumen</NameAlias><NameAlias lang="en">Net Volume</NameAlias><NameAlias lang="ja-JP">正味体積</NameAlias></NameAliases><DefinitionAliases><DefinitionAlias lang="de-DE">Volumen der Stütze. Alle Öffnungen und Aussparungen  werden abgezogen.</DefinitionAlias><DefinitionAlias lang="en" /><DefinitionAlias lang="ja-JP">柱の体積。切断や他の処理の部分を考慮する。</DefinitionAlias></DefinitionAliases></QtoDef><QtoDef><Name>GrossWeight</Name><Definition>Total gross weight of the column without add-on parts, not taking into account possible processing features (cut-out's, etc.) or openings and recesses.</Definition><QtoType>Q_WEIGHT</QtoType><NameAliases><NameAlias lang="de-DE">Bruttogewicht</NameAlias><NameAlias lang="en">Gross Weight</NameAlias><NameAlias lang="ja-JP">重量</NameAlias></NameAliases><DefinitionAliases><DefinitionAlias lang="de-DE">Gewicht der Stütze. Alle Öffnungen und Aussparungen werden übermessen.</DefinitionAlias><DefinitionAlias lang="en" /><DefinitionAlias lang="ja-JP">柱の重量。付加されたパーツを除く。また、切断などの処理を考慮しない。</DefinitionAlias></DefinitionAliases></QtoDef><QtoDef><Name>NetWeight</Name><Definition>Total net weight of the column without add-on parts, taking into account possible processing features (cut-out's, etc.) or openings and recesses.</Definition><QtoType>Q_WEIGHT</QtoType><NameAliases><NameAlias lang="de-DE">Nettogewicht</NameAlias><NameAlias lang="en">Net Weight</NameAlias><NameAlias lang="ja-JP">正味重量</NameAlias></NameAliases><DefinitionAliases><DefinitionAlias lang="de-DE">Gewicht der Stütze. Alle Öffnungen und Aussparungen werden abgezogen.</DefinitionAlias><DefinitionAlias lang="en" /><DefinitionAlias lang="ja-JP">柱の重量。付加されたパーツを除く。また、切断などの処理を考慮する。</DefinitionAlias></DefinitionAliases></QtoDef></QtoDefs><QtoDefinitionAliases><QtoDefinitionAlias lang="de-DE">Basismengen für alle Bauelemente vom Typ Stütze.</QtoDefinitionAlias><QtoDefinitionAlias lang="en" /><QtoDefinitionAlias lang="ja-JP">柱に関わる共通の基本数量情報の定義。</QtoDefinitionAlias></QtoDefinitionAliases></QtoSetDef>