<?xml version="1.0" encoding="utf-8"?>
<PropertySetDef xmlns:xsi="http://www.w3.org/2001/XMLSchema-instance" xmlns:xsd="http://www.w3.org/2001/XMLSchema" ifdguid="6ecf9880d1da11e1800000215ad4efdf" templatetype="PSET_OCCURRENCEDRIVEN" xsi:noNamespaceSchemaLocation="http://buildingSMART-tech.org/xml/psd/PSD_IFC4.xsd" xmlns="http://buildingSMART-tech.org/xml/psd/PSD_IFC4.xsd">
  <IfcVersion version="IFC4X4" />
  <Name>Pset_DistributionSystemCommon</Name>
  <Definition>Distribution system occurrence attributes attached to an instance of IfcDistributionSystem.</Definition>
  <Applicability />
  <ApplicableClasses>
    <ClassName>IfcDistributionSystem</ClassName>
  </ApplicableClasses>
  <ApplicableTypeValue>IfcDistributionSystem</ApplicableTypeValue>
  <PropertyDefs>
    <PropertyDef ifdguid="742ce300d1da11e1800000215ad4efdf">
      <Name>Reference</Name>
      <Definition>Reference ID for this specified type in this project (e.g. type 'A-1'), Also referred to as "construction type". It should be provided as an alternative to the name of the "object type", if the software does not support object types and no classification reference to a recognized classification system used.

&gt; IFC4.3.0.0 DEPRECATION&amp;nbsp;  The Reference property is deprecated and shall no longer be used, use attribute Name on the relating type instead.

E.g. 'WWS/VS1', which indicates the system to be WWS, subsystems VSI/400.</Definition>
      <PropertyType>
        <TypePropertySingleValue>
          <DataType type="IfcIdentifier" />
        </TypePropertySingleValue>
      </PropertyType>
      <NameAliases>
        <NameAlias lang="en">Reference</NameAlias>
        <NameAlias lang="ja-JP">参照記号</NameAlias>
        <NameAlias lang="ko-KR">참조기호</NameAlias>
      </NameAliases>
      <DefinitionAliases>
        <DefinitionAlias lang="en" />
        <DefinitionAlias lang="ja-JP">空調システム、或いはサブシステムの参照ID（例えば、'WWS/VS1'はWWS系統のVSI/400サブ系統）。IDは当該地域技術基準より決められる。</DefinitionAlias>
        <DefinitionAlias lang="ko-KR">공조 시스템 혹은 서브 시스템의 참조 ID (예 : 'WWS/VS1'는 WWS 계통의 VSI/400 하위 계통). ID는 해당 지역 기술 기준보다 결정된다.</DefinitionAlias>
      </DefinitionAliases>
    </PropertyDef>
  </PropertyDefs>
  <PsetDefinitionAliases>
    <PsetDefinitionAlias lang="en" />
    <PsetDefinitionAlias lang="ja-JP">搬送システムIfcDistributionSystemの関連属性。</PsetDefinitionAlias>
  </PsetDefinitionAliases>
</PropertySetDef>