<?xml version="1.0" encoding="utf-8"?>
<PropertySetDef xmlns:xsi="http://www.w3.org/2001/XMLSchema-instance" xmlns:xsd="http://www.w3.org/2001/XMLSchema" ifdguid="e85967d6b1c34c3c930301ef638f478f" templatetype="PSET_OCCURRENCEDRIVEN" xsi:noNamespaceSchemaLocation="http://buildingSMART-tech.org/xml/psd/PSD_IFC4.xsd" xmlns="http://buildingSMART-tech.org/xml/psd/PSD_IFC4.xsd">
  <IfcVersion version="IFC4X4" />
  <Name>Pset_DistributionPortTypePipe</Name>
  <Definition>Pipe port occurrence attributes attached to an instance of IfcDistributionPort.</Definition>
  <Applicability />
  <ApplicableClasses>
    <ClassName>IfcDistributionPort/PIPE</ClassName>
  </ApplicableClasses>
  <ApplicableTypeValue>IfcDistributionPort/PIPE</ApplicableTypeValue>
  <PropertyDefs>
    <PropertyDef ifdguid="f842a89d8ec5470cb8ba7fec7338c6e3">
      <Name>ConnectionType</Name>
      <Definition>The end-style treatment of the pipe port:

BRAZED: Brazed. 
COMPRESSION: Compression. 
FLANGED: Flanged. 
GROOVED: Grooved. 
OUTSIDESLEEVE: Outside Sleeve. 
SOLDERED: Soldered. 
SWEDGE: Swedge. 
THREADED: Threaded. 
WELDED: Welded. 
OTHER: Another type of end-style has been applied.
NONE: No end-style has been applied.
USERDEFINED: User-defined port connection type. 
NOTDEFINED: Undefined port connection type.</Definition>
      <PropertyType>
        <TypePropertyEnumeratedValue>
          <EnumList name="PEnum_PipeEndStyleTreatment">
            <EnumItem>BRAZED</EnumItem>
            <EnumItem>COMPRESSION</EnumItem>
            <EnumItem>FLANGED</EnumItem>
            <EnumItem>GROOVED</EnumItem>
            <EnumItem>OUTSIDESLEEVE</EnumItem>
            <EnumItem>SOLDERED</EnumItem>
            <EnumItem>SWEDGE</EnumItem>
            <EnumItem>THREADED</EnumItem>
            <EnumItem>WELDED</EnumItem>
            <EnumItem>OTHER</EnumItem>
            <EnumItem>NONE</EnumItem>
            <EnumItem>UNSET</EnumItem>
          </EnumList>
          <ConstantList>
            <ConstantDef>
              <Name>BRAZED</Name>
              <NameAliases>
                <NameAlias lang="en">Brazed</NameAlias>
              </NameAliases>
              <DefinitionAliases>
                <DefinitionAlias lang="en">Brazed</DefinitionAlias>
              </DefinitionAliases>
            </ConstantDef>
            <ConstantDef>
              <Name>COMPRESSION</Name>
              <NameAliases>
                <NameAlias lang="en">Compression</NameAlias>
              </NameAliases>
              <DefinitionAliases>
                <DefinitionAlias lang="en">Compression</DefinitionAlias>
              </DefinitionAliases>
            </ConstantDef>
            <ConstantDef>
              <Name>FLANGED</Name>
              <NameAliases>
                <NameAlias lang="en">Flanged</NameAlias>
              </NameAliases>
              <DefinitionAliases>
                <DefinitionAlias lang="en">Flanged</DefinitionAlias>
              </DefinitionAliases>
            </ConstantDef>
            <ConstantDef>
              <Name>GROOVED</Name>
              <NameAliases>
                <NameAlias lang="en">Grooved</NameAlias>
              </NameAliases>
              <DefinitionAliases>
                <DefinitionAlias lang="en">Grooved</DefinitionAlias>
              </DefinitionAliases>
            </ConstantDef>
            <ConstantDef>
              <Name>OUTSIDESLEEVE</Name>
              <NameAliases>
                <NameAlias lang="en">Outside Sleeve</NameAlias>
              </NameAliases>
              <DefinitionAliases>
                <DefinitionAlias lang="en">Outside Sleeve</DefinitionAlias>
              </DefinitionAliases>
            </ConstantDef>
            <ConstantDef>
              <Name>SOLDERED</Name>
              <NameAliases>
                <NameAlias lang="en">Soldered</NameAlias>
              </NameAliases>
              <DefinitionAliases>
                <DefinitionAlias lang="en">Soldered</DefinitionAlias>
              </DefinitionAliases>
            </ConstantDef>
            <ConstantDef>
              <Name>SWEDGE</Name>
              <NameAliases>
                <NameAlias lang="en">Swedge</NameAlias>
              </NameAliases>
              <DefinitionAliases>
                <DefinitionAlias lang="en">Swedge</DefinitionAlias>
              </DefinitionAliases>
            </ConstantDef>
            <ConstantDef>
              <Name>THREADED</Name>
              <NameAliases>
                <NameAlias lang="en">Threaded</NameAlias>
              </NameAliases>
              <DefinitionAliases>
                <DefinitionAlias lang="en">Threaded</DefinitionAlias>
              </DefinitionAliases>
            </ConstantDef>
            <ConstantDef>
              <Name>WELDED</Name>
              <NameAliases>
                <NameAlias lang="en">Welded</NameAlias>
              </NameAliases>
              <DefinitionAliases>
                <DefinitionAlias lang="en">Welded</DefinitionAlias>
              </DefinitionAliases>
            </ConstantDef>
            <ConstantDef>
              <Name>OTHER</Name>
              <Definition>required category not on scale</Definition>
              <NameAliases>
                <NameAlias lang="en">(other)</NameAlias>
              </NameAliases>
              <DefinitionAliases>
                <DefinitionAlias lang="en">Value is not listed.</DefinitionAlias>
              </DefinitionAliases>
            </ConstantDef>
            <ConstantDef>
              <Name>NONE</Name>
              <Definition>No waterproof.</Definition>
              <NameAliases>
                <NameAlias lang="en">None</NameAlias>
              </NameAliases>
              <DefinitionAliases>
                <DefinitionAlias lang="en">None, empty or no additional action or function.</DefinitionAlias>
              </DefinitionAliases>
            </ConstantDef>
            <ConstantDef>
              <Name>UNSET</Name>
              <Definition>Value has not been specified</Definition>
              <NameAliases>
                <NameAlias lang="en">(unset)</NameAlias>
              </NameAliases>
              <DefinitionAliases>
                <DefinitionAlias lang="en">Value has not been specified.</DefinitionAlias>
              </DefinitionAliases>
            </ConstantDef>
          </ConstantList>
        </TypePropertyEnumeratedValue>
      </PropertyType>
      <NameAliases>
        <NameAlias lang="en">Connection Type</NameAlias>
        <NameAlias lang="ja-JP">接続タイプ</NameAlias>
      </NameAliases>
      <DefinitionAliases>
        <DefinitionAlias lang="en" />
        <DefinitionAlias lang="ja-JP">物理ポート接続：

- Coaxial: 同軸コネクタ.
- DSub: D-Subコネクタ.
- Infrared:赤外線
- RJ: 登録済みジャック.
- Radio: 無線
- USB: USB.</DefinitionAlias>
      </DefinitionAliases>
    </PropertyDef>
    <PropertyDef ifdguid="df1d39774bb44a8d96c833058af039e0">
      <Name>ConnectionSubtype</Name>
      <Definition>The physical port connection subtype that further qualifies the ConnectionType. The following values are recommended:

ACPLUG: A, B, C, D, E, F, EF, G, H, I, J, K, L, M
DIN: Mini3P, Mini4P, Mini5P, Mini6P, Mini7P, Mini8P, Mini9P
DSub: DA15, DB25, DC37, DD50, DE9, DE15
EIAJ: RC5720
HDMI: A, B, C
RADIO: IEEE802.11g, IEEE802.11n
RJ: 4P4C, 6P2C, 8P8C
SOCKET: E-11, E-12, E-14, E-17, E-26, E-27, E-39, E-40
TRS: TS_Mini, TS_SubMini, TRS_Mini, TRS_SubMini</Definition>
      <PropertyType>
        <TypePropertySingleValue>
          <DataType type="IfcLabel" />
        </TypePropertySingleValue>
      </PropertyType>
      <NameAliases>
        <NameAlias lang="en">Connection Sub Type</NameAlias>
        <NameAlias lang="ja-JP">接続サブタイプ</NameAlias>
      </NameAliases>
      <DefinitionAliases>
        <DefinitionAlias lang="en" />
        <DefinitionAlias lang="ja-JP">物理ポート接続のサブタイプ。接続タイプ以外の情報を設定する場合に使用。下記の値を設定：

- DSub: DA15, DB25, DC37, DD50, DE9, DE15 
- Radio: IEEE802.11g, IEEE802.11n
- RJ: 4P4C, 6P2C, 8P8C 
- USB: A, B, MiniA, MiniB, MicroA, MicroB</DefinitionAlias>
      </DefinitionAliases>
    </PropertyDef>
    <PropertyDef ifdguid="ac9d798031fc44e1828a2cc76ae5d86c">
      <Name>NominalDiameter</Name>
      <Definition>Nominal diameter or width of the object.

The nominal diameter of the pipe connection.</Definition>
      <PropertyType>
        <TypePropertySingleValue>
          <DataType type="IfcPositiveLengthMeasure" />
        </TypePropertySingleValue>
      </PropertyType>
      <NameAliases>
        <NameAlias lang="en">Nominal Diameter</NameAlias>
        <NameAlias lang="ja-JP">呼び径</NameAlias>
      </NameAliases>
      <DefinitionAliases>
        <DefinitionAlias lang="en" />
        <DefinitionAlias lang="ja-JP">配管の呼び径。</DefinitionAlias>
      </DefinitionAliases>
    </PropertyDef>
    <PropertyDef ifdguid="fcd3dc22fdfd4ea084f200be83155aa3">
      <Name>InnerDiameter</Name>
      <Definition>The actual inner diameter of the object.</Definition>
      <PropertyType>
        <TypePropertySingleValue>
          <DataType type="IfcPositiveLengthMeasure" />
        </TypePropertySingleValue>
      </PropertyType>
      <NameAliases>
        <NameAlias lang="en">Inner Diameter</NameAlias>
        <NameAlias lang="ja-JP">内径</NameAlias>
      </NameAliases>
      <DefinitionAliases>
        <DefinitionAlias lang="en" />
        <DefinitionAlias lang="ja-JP">配管の実内径。</DefinitionAlias>
      </DefinitionAliases>
    </PropertyDef>
    <PropertyDef ifdguid="4d18569df1264f3baceb2da495f1dfda">
      <Name>OuterDiameter</Name>
      <Definition>The actual outer diameter of the object.</Definition>
      <PropertyType>
        <TypePropertySingleValue>
          <DataType type="IfcPositiveLengthMeasure" />
        </TypePropertySingleValue>
      </PropertyType>
      <NameAliases>
        <NameAlias lang="en">Outer Diameter</NameAlias>
        <NameAlias lang="ja-JP">外径</NameAlias>
      </NameAliases>
      <DefinitionAliases>
        <DefinitionAlias lang="en" />
        <DefinitionAlias lang="ja-JP">配管の実外径。</DefinitionAlias>
      </DefinitionAliases>
    </PropertyDef>
    <PropertyDef ifdguid="a111af94bc044038b6c180d8e223a5ff">
      <Name>Temperature</Name>
      <Definition>Temperature of the fluid.</Definition>
      <PropertyType>
        <TypePropertyBoundedValue>
          <DataType type="IfcThermodynamicTemperatureMeasure" />
        </TypePropertyBoundedValue>
      </PropertyType>
      <NameAliases />
      <DefinitionAliases />
    </PropertyDef>
    <PropertyDef ifdguid="b4252ef25858465d840e3539db7eed5e">
      <Name>VolumetricFlowRate</Name>
      <Definition>The volumetric flow rate of the fluid.</Definition>
      <PropertyType>
        <TypePropertyBoundedValue>
          <DataType type="IfcVolumetricFlowRateMeasure" />
        </TypePropertyBoundedValue>
      </PropertyType>
      <NameAliases>
        <NameAlias lang="en">Volumetric Flow Rate</NameAlias>
        <NameAlias lang="ja-JP">体積流量</NameAlias>
      </NameAliases>
      <DefinitionAliases>
        <DefinitionAlias lang="en" />
        <DefinitionAlias lang="ja-JP">流体の体積流量。</DefinitionAlias>
      </DefinitionAliases>
    </PropertyDef>
    <PropertyDef ifdguid="a3db7690009f42a988a9f5683b29eb8f">
      <Name>MassFlowRate</Name>
      <Definition>The mass flow rate of the fluid.</Definition>
      <PropertyType>
        <TypePropertyBoundedValue>
          <DataType type="IfcMassFlowRateMeasure" />
        </TypePropertyBoundedValue>
      </PropertyType>
      <NameAliases>
        <NameAlias lang="en">Mass Flow Rate</NameAlias>
        <NameAlias lang="ja-JP">質量流量</NameAlias>
      </NameAliases>
      <DefinitionAliases>
        <DefinitionAlias lang="en" />
        <DefinitionAlias lang="ja-JP">流体の質量流量。</DefinitionAlias>
      </DefinitionAliases>
    </PropertyDef>
    <PropertyDef ifdguid="a09f286511e94d0f939193c2e0155921">
      <Name>FlowCondition</Name>
      <Definition>Defines the flow condition as a percentage of the cross-sectional area.</Definition>
      <PropertyType>
        <TypePropertyBoundedValue>
          <DataType type="IfcPositiveRatioMeasure" />
        </TypePropertyBoundedValue>
      </PropertyType>
      <NameAliases>
        <NameAlias lang="en">Flow Condition</NameAlias>
        <NameAlias lang="ja-JP">流動状態</NameAlias>
      </NameAliases>
      <DefinitionAliases>
        <DefinitionAlias lang="en" />
        <DefinitionAlias lang="ja-JP">断面の充満率で流動状態を定義する。</DefinitionAlias>
      </DefinitionAliases>
    </PropertyDef>
    <PropertyDef ifdguid="7faf6c2ffbd64304b38859166e006c4a">
      <Name>Velocity</Name>
      <Definition>The velocity of the fluid.</Definition>
      <PropertyType>
        <TypePropertyBoundedValue>
          <DataType type="IfcLinearVelocityMeasure" />
        </TypePropertyBoundedValue>
      </PropertyType>
      <NameAliases>
        <NameAlias lang="en">Velocity</NameAlias>
        <NameAlias lang="ja-JP">速度</NameAlias>
      </NameAliases>
      <DefinitionAliases>
        <DefinitionAlias lang="en" />
        <DefinitionAlias lang="ja-JP">流体の速度。</DefinitionAlias>
      </DefinitionAliases>
    </PropertyDef>
    <PropertyDef ifdguid="cc4abc86f21d4ee3a86d3815019c5ab3">
      <Name>Pressure</Name>
      <Definition>The pressure of the fluid.</Definition>
      <PropertyType>
        <TypePropertyBoundedValue>
          <DataType type="IfcPressureMeasure" />
        </TypePropertyBoundedValue>
      </PropertyType>
      <NameAliases>
        <NameAlias lang="en">Pressure</NameAlias>
        <NameAlias lang="ja-JP">圧力</NameAlias>
      </NameAliases>
      <DefinitionAliases>
        <DefinitionAlias lang="en" />
        <DefinitionAlias lang="ja-JP">流体の圧力。</DefinitionAlias>
      </DefinitionAliases>
    </PropertyDef>
  </PropertyDefs>
  <PsetDefinitionAliases>
    <PsetDefinitionAlias lang="en" />
    <PsetDefinitionAlias lang="ja-JP">IfcDistributionPortオブジェクトに設定される配管ポートに関する属性情報。</PsetDefinitionAlias>
  </PsetDefinitionAliases>
</PropertySetDef>