<?xml version="1.0" encoding="utf-8"?>
<PropertySetDef xmlns:xsi="http://www.w3.org/2001/XMLSchema-instance" xmlns:xsd="http://www.w3.org/2001/XMLSchema" ifdguid="85caf644328d4bd9bd906e3c2bf5ead0" templatetype="PSET_OCCURRENCEDRIVEN" xsi:noNamespaceSchemaLocation="http://buildingSMART-tech.org/xml/psd/PSD_IFC4.xsd" xmlns="http://buildingSMART-tech.org/xml/psd/PSD_IFC4.xsd">
  <IfcVersion version="IFC4X4" />
  <Name>Pset_BridgeCommon</Name>
  <Definition>Common property set for bridges.</Definition>
  <Applicability />
  <ApplicableClasses>
    <ClassName>IfcBridge</ClassName>
  </ApplicableClasses>
  <ApplicableTypeValue>IfcBridge</ApplicableTypeValue>
  <PropertyDefs>
    <PropertyDef ifdguid="9f5179daea8c404e9fd6ec42dba5fe75">
      <Name>StructureIndicator</Name>
      <Definition>The type of bridge structure (composite, coated, homogeneous or other)</Definition>
      <PropertyType>
        <TypePropertyEnumeratedValue>
          <EnumList name="PEnum_StructureIndicator">
            <EnumItem>COMPOSITE</EnumItem>
            <EnumItem>COATED</EnumItem>
            <EnumItem>HOMOGENEOUS</EnumItem>
          </EnumList>
          <ConstantList>
            <ConstantDef>
              <Name>COMPOSITE</Name>
              <NameAliases />
              <DefinitionAliases />
            </ConstantDef>
            <ConstantDef>
              <Name>COATED</Name>
              <NameAliases />
              <DefinitionAliases />
            </ConstantDef>
            <ConstantDef>
              <Name>HOMOGENEOUS</Name>
              <NameAliases />
              <DefinitionAliases />
            </ConstantDef>
          </ConstantList>
        </TypePropertyEnumeratedValue>
      </PropertyType>
      <NameAliases />
      <DefinitionAliases />
    </PropertyDef>
  </PropertyDefs>
  <PsetDefinitionAliases />
</PropertySetDef>