<?xml version="1.0" encoding="utf-8"?>
<PropertySetDef xmlns:xsi="http://www.w3.org/2001/XMLSchema-instance" xmlns:xsd="http://www.w3.org/2001/XMLSchema" ifdguid="86519bcf79204aab9c1cfee122d16faa" xsi:noNamespaceSchemaLocation="http://buildingSMART-tech.org/xml/psd/PSD_IFC4.xsd" xmlns="http://buildingSMART-tech.org/xml/psd/PSD_IFC4.xsd">
  <IfcVersion version="IFC4X4" />
  <Name>Pset_GroundReinforcementElementTypePile</Name>
  <Definition>Properties for ground reinforcement elements of type PILE.</Definition>
  <Applicability />
  <ApplicableClasses>
    <ClassName>IfcGroundReinforcementElement/.PILE.</ClassName>
  </ApplicableClasses>
  <ApplicableTypeValue>IfcGroundReinforcementElement/.PILE.</ApplicableTypeValue>
  <PropertyDefs>
    <PropertyDef ifdguid="504f7afce6f647518abe06cbb6b7f7fb">
      <Name>DistanceFromSurface</Name>
      <Definition>Distance from surface to start of grout body.</Definition>
      <PropertyType>
        <TypePropertySingleValue>
          <DataType type="IfcPositiveLengthMeasure" />
        </TypePropertySingleValue>
      </PropertyType>
      <NameAliases />
      <DefinitionAliases />
    </PropertyDef>
    <PropertyDef ifdguid="6f05dff1251642bbb8f298c7729825d2">
      <Name>LengthGroutBody</Name>
      <Definition>Length of grout body.</Definition>
      <PropertyType>
        <TypePropertySingleValue>
          <DataType type="IfcPositiveLengthMeasure" />
        </TypePropertySingleValue>
      </PropertyType>
      <NameAliases />
      <DefinitionAliases />
    </PropertyDef>
    <PropertyDef ifdguid="4b46f0bc10964dfaaa9823f2769c99e9">
      <Name>LengthEmbedmentInRock</Name>
      <Definition>Embedment in rock.</Definition>
      <PropertyType>
        <TypePropertySingleValue>
          <DataType type="IfcPositiveLengthMeasure" />
        </TypePropertySingleValue>
      </PropertyType>
      <NameAliases />
      <DefinitionAliases />
    </PropertyDef>
    <PropertyDef ifdguid="997dee3c62154d72a865d0e7e3619539">
      <Name>GroutBodyDiameter</Name>
      <Definition>Grout body diameter.</Definition>
      <PropertyType>
        <TypePropertySingleValue>
          <DataType type="IfcPositiveLengthMeasure" />
        </TypePropertySingleValue>
      </PropertyType>
      <NameAliases />
      <DefinitionAliases />
    </PropertyDef>
  </PropertyDefs>
  <PsetDefinitionAliases />
</PropertySetDef>