<?xml version="1.0" encoding="utf-8"?>
<PropertySetDef xmlns:xsi="http://www.w3.org/2001/XMLSchema-instance" xmlns:xsd="http://www.w3.org/2001/XMLSchema" ifdguid="1fbe6c0510ea46e1b82ce497f921b99f" templatetype="PSET_TYPEDRIVENOVERRIDE" xsi:noNamespaceSchemaLocation="http://buildingSMART-tech.org/xml/psd/PSD_IFC4.xsd" xmlns="http://buildingSMART-tech.org/xml/psd/PSD_IFC4.xsd">
  <IfcVersion version="IFC4X4" />
  <Name>Pset_SpaceHVACDesign</Name>
  <Definition>Properties for HVAC requirements for spaces.</Definition>
  <Applicability />
  <ApplicableClasses>
    <ClassName>IfcSpatialElement</ClassName>
    <ClassName>IfcSpatialZone</ClassName>
    <ClassName>IfcZone</ClassName>
  </ApplicableClasses>
  <ApplicableTypeValue>IfcSpatialElement,IfcSpatialZone,IfcZone</ApplicableTypeValue>
  <PropertyDefs>
    <PropertyDef ifdguid="41d7fa5a1d4b4dbf9733687435d62493">
      <Name>TemperatureSetPoint</Name>
      <Definition>The temperature setpoint range and default setpoint.</Definition>
      <PropertyType>
        <TypePropertySingleValue>
          <DataType type="IfcThermodynamicTemperatureMeasure" />
        </TypePropertySingleValue>
      </PropertyType>
      <NameAliases>
        <NameAlias lang="en">Temperature Set Point</NameAlias>
      </NameAliases>
      <DefinitionAliases>
        <DefinitionAlias lang="en" />
      </DefinitionAliases>
    </PropertyDef>
    <PropertyDef ifdguid="db141cc1d01b41c4bfed1c77f3ef7721">
      <Name>TemperatureMax</Name>
      <Definition>Maximal temperature of the space or zone, that is required from user/designer view point. If no summer or winter space temperature requirements are given, it applies all year, otherwise for the intermediate period.</Definition>
      <PropertyType>
        <TypePropertySingleValue>
          <DataType type="IfcThermodynamicTemperatureMeasure" />
        </TypePropertySingleValue>
      </PropertyType>
      <NameAliases />
      <DefinitionAliases />
    </PropertyDef>
    <PropertyDef ifdguid="24ef74d01fa84098ae7219d76d18add7">
      <Name>TemperatureMin</Name>
      <Definition>Minimal temperature of the space or zone, that is required from user/designer view point. If no summer or winter space temperature requirements are given, it applies all year, otherwise for the intermediate period.</Definition>
      <PropertyType>
        <TypePropertySingleValue>
          <DataType type="IfcThermodynamicTemperatureMeasure" />
        </TypePropertySingleValue>
      </PropertyType>
      <NameAliases />
      <DefinitionAliases />
    </PropertyDef>
    <PropertyDef ifdguid="352b980f6097441bb35ad1d8d288716a">
      <Name>TemperatureSummerMax</Name>
      <Definition>Maximal temperature of the space or zone for the hot (summer) period, that is required from user/designer view point and provided as requirement for cooling.</Definition>
      <PropertyType>
        <TypePropertySingleValue>
          <DataType type="IfcThermodynamicTemperatureMeasure" />
        </TypePropertySingleValue>
      </PropertyType>
      <NameAliases />
      <DefinitionAliases />
    </PropertyDef>
    <PropertyDef ifdguid="4e476b8daf2d44c4b7b23dc30673f2f2">
      <Name>TemperatureSummerMin</Name>
      <Definition>Minimal temperature of the space or zone for the hot (summer) period, that is required from user/designer view point and provided as requirement for cooling.</Definition>
      <PropertyType>
        <TypePropertySingleValue>
          <DataType type="IfcThermodynamicTemperatureMeasure" />
        </TypePropertySingleValue>
      </PropertyType>
      <NameAliases />
      <DefinitionAliases />
    </PropertyDef>
    <PropertyDef ifdguid="22c450a2b7af4e1494a5a37b4128008e">
      <Name>TemperatureWinterMax</Name>
      <Definition>Maximal temperature of the space or zone for the cold (winter) period, that is required from user/designer view point and provided as requirement for heating.</Definition>
      <PropertyType>
        <TypePropertySingleValue>
          <DataType type="IfcThermodynamicTemperatureMeasure" />
        </TypePropertySingleValue>
      </PropertyType>
      <NameAliases />
      <DefinitionAliases />
    </PropertyDef>
    <PropertyDef ifdguid="ab545e83c74642b396174fdb00cc26a4">
      <Name>TemperatureWinterMin</Name>
      <Definition>Minimal temperature of the space or zone for the cold (winter) period, that is required from user/designer view point and provided as requirement for heating.</Definition>
      <PropertyType>
        <TypePropertySingleValue>
          <DataType type="IfcThermodynamicTemperatureMeasure" />
        </TypePropertySingleValue>
      </PropertyType>
      <NameAliases />
      <DefinitionAliases />
    </PropertyDef>
    <PropertyDef ifdguid="4ee7a9f6493f4c9abbcd0a0ecbec755a">
      <Name>HumiditySetPoint</Name>
      <Definition>Humidity of the space or zone that is required from user/designer view point. If no summer or winter space humidity requirements are given, it applies all year, otherwise for the intermediate period. Provide this property, if no humidity range (Min-Max) is available.</Definition>
      <PropertyType>
        <TypePropertySingleValue>
          <DataType type="IfcPositiveRatioMeasure" />
        </TypePropertySingleValue>
      </PropertyType>
      <NameAliases />
      <DefinitionAliases />
    </PropertyDef>
    <PropertyDef ifdguid="ee12b93a75f9452abe70b42b9e196fd5">
      <Name>HumidityMax</Name>
      <Definition>Maximal permitted humidity of the space or zone that is required from user/designer view point. If no summer or winter space humidity requirements are given, it applies all year, otherwise for the intermediate period.</Definition>
      <PropertyType>
        <TypePropertySingleValue>
          <DataType type="IfcPositiveRatioMeasure" />
        </TypePropertySingleValue>
      </PropertyType>
      <NameAliases />
      <DefinitionAliases />
    </PropertyDef>
    <PropertyDef ifdguid="8f58cde7a10042a18036f3830d9dba84">
      <Name>HumidityMin</Name>
      <Definition>Minimal permitted humidity of the space or zone that is required from user/designer view point. If no summer or winter space humidity requirements are given, it applies all year, otherwise for the intermediate period.</Definition>
      <PropertyType>
        <TypePropertySingleValue>
          <DataType type="IfcPositiveRatioMeasure" />
        </TypePropertySingleValue>
      </PropertyType>
      <NameAliases />
      <DefinitionAliases />
    </PropertyDef>
    <PropertyDef ifdguid="c36bf486d0ea4ed1b18e2dc66d73974f">
      <Name>HumiditySummer</Name>
      <Definition>Humidity of the space or zone for the hot (summer) period, that is required from user/designer view point and provided as requirement for cooling.</Definition>
      <PropertyType>
        <TypePropertySingleValue>
          <DataType type="IfcPositiveRatioMeasure" />
        </TypePropertySingleValue>
      </PropertyType>
      <NameAliases />
      <DefinitionAliases />
    </PropertyDef>
    <PropertyDef ifdguid="9182b773378e4d6a97866518f1f769ab">
      <Name>HumidityWinter</Name>
      <Definition>Humidity of the space or zone for the cold (winter) period that is required from user/designer view point and provided as requirement for heating.</Definition>
      <PropertyType>
        <TypePropertySingleValue>
          <DataType type="IfcPositiveRatioMeasure" />
        </TypePropertySingleValue>
      </PropertyType>
      <NameAliases />
      <DefinitionAliases />
    </PropertyDef>
    <PropertyDef ifdguid="86c01000d20c11e1800000215ad4efdf">
      <Name>DiscontinuedHeating</Name>
      <Definition>Indication whether discontinued heating is required/desirable from user/designer view point. (TRUE) if yes, (FALSE) otherwise.</Definition>
      <PropertyType>
        <TypePropertySingleValue>
          <DataType type="IfcBoolean" />
        </TypePropertySingleValue>
      </PropertyType>
      <NameAliases>
        <NameAlias lang="de-DE">Diskontinuierliche Heizung</NameAlias>
        <NameAlias lang="en">Discontinued Heating</NameAlias>
        <NameAlias lang="fr-FR">Chauffage intermittent</NameAlias>
        <NameAlias lang="ja-JP">不連続暖房</NameAlias>
        <NameAlias lang="ko-KR">불연속 난방</NameAlias>
      </NameAliases>
      <DefinitionAliases>
        <DefinitionAlias lang="de-DE">Anfoderung, ob der Raum durch eine diskontinuierliche Heizung versorgt werden soll (WAHR) oder nicht (FALSCH).</DefinitionAlias>
        <DefinitionAlias lang="en" />
        <DefinitionAlias lang="fr-FR">Indique si un chauffage intermittent est requis ou souhaité par l'usager ou le concepteur (VRAI) ou non (FAUX).</DefinitionAlias>
        <DefinitionAlias lang="ja-JP">不連続暖房が利用者/設計者の視点から要求/要望されるかどうかを示すブーリアン値。(TRUE)要、(FALSE)不要。</DefinitionAlias>
        <DefinitionAlias lang="ko-KR">불연속 난방이 이용자 / 설계자의 관점에서 요청 / 요구되는지 여부를 나타내는 부울 값입니다. (TRUE) 필요 (FALSE) 불필요.</DefinitionAlias>
      </DefinitionAliases>
    </PropertyDef>
    <PropertyDef ifdguid="8d4e8780d20c11e1800000215ad4efdf">
      <Name>NaturalVentilation</Name>
      <Definition>Indication whether the space is required to have natural ventilation (TRUE), or not (FALSE).</Definition>
      <PropertyType>
        <TypePropertySingleValue>
          <DataType type="IfcBoolean" />
        </TypePropertySingleValue>
      </PropertyType>
      <NameAliases>
        <NameAlias lang="de-DE">Natürliche Lüftung</NameAlias>
        <NameAlias lang="en">Natural Ventilation</NameAlias>
        <NameAlias lang="fr-FR">Ventilation naturelle</NameAlias>
        <NameAlias lang="ja-JP">自然換気</NameAlias>
        <NameAlias lang="ko-KR">자연환기</NameAlias>
      </NameAliases>
      <DefinitionAliases>
        <DefinitionAlias lang="de-DE">Anforderung, ob der Raum eine natürliche Lüftung haben soll (WAHR), oder eine künstliche Lüftung (Falsch).</DefinitionAlias>
        <DefinitionAlias lang="en" />
        <DefinitionAlias lang="fr-FR">Indique si la ventilation de l'espace doit être naturelle (VRAI) ou mécanique (FAUX).</DefinitionAlias>
        <DefinitionAlias lang="ja-JP">空間が自然換気を持つか機械換気を持つかを示すブーリアン値。(TRUE)有、(FALSE)なし。</DefinitionAlias>
        <DefinitionAlias lang="ko-KR">공간이 자연 환기가 있는지 환기있는 여부를 나타내는 값</DefinitionAlias>
      </DefinitionAliases>
    </PropertyDef>
    <PropertyDef ifdguid="94759580d20c11e1800000215ad4efdf">
      <Name>NaturalVentilationRate</Name>
      <Definition>Indication of the requirement of a particular natural air ventilation rate, given in air changes per hour.</Definition>
      <PropertyType>
        <TypePropertySingleValue>
          <DataType type="IfcNumericMeasure" />
        </TypePropertySingleValue>
      </PropertyType>
      <NameAliases>
        <NameAlias lang="de-DE">Natürliche Luftwechselzahl</NameAlias>
        <NameAlias lang="en">Natural Ventilation Rate</NameAlias>
        <NameAlias lang="fr-FR">Taux ventilation naturelle</NameAlias>
        <NameAlias lang="ja-JP">自然換気率</NameAlias>
        <NameAlias lang="ko-KR">자연환기 비율</NameAlias>
      </NameAliases>
      <DefinitionAliases>
        <DefinitionAlias lang="de-DE">Geforderte Luftwechselzahl (in Wechsel per Stunde) im Fall der natürlichen Lüftung.</DefinitionAlias>
        <DefinitionAlias lang="en" />
        <DefinitionAlias lang="fr-FR">Taux de ventilation naturelle exprimé en volumes par heure.</DefinitionAlias>
        <DefinitionAlias lang="ja-JP">特定の自然換気率の要求指標。1時間あたりの換気回数で与えられる。</DefinitionAlias>
        <DefinitionAlias lang="ko-KR">특정 자연 환기 율의 요구 지표. 시간 당 환기 회수로 주어진다.</DefinitionAlias>
      </DefinitionAliases>
    </PropertyDef>
    <PropertyDef ifdguid="25f9628392844f73a299ded8821798d6">
      <Name>MechanicalVentilation</Name>
      <Definition>Indication whether the space is required to have mechanical ventilation (TRUE), or not (FALSE).</Definition>
      <PropertyType>
        <TypePropertySingleValue>
          <DataType type="IfcBoolean" />
        </TypePropertySingleValue>
      </PropertyType>
      <NameAliases />
      <DefinitionAliases />
    </PropertyDef>
    <PropertyDef ifdguid="9a6b7680d20c11e1800000215ad4efdf">
      <Name>MechanicalVentilationRate</Name>
      <Definition>Indication of the requirement of a particular mechanical air ventilation rate, given in air changes per hour.</Definition>
      <PropertyType>
        <TypePropertySingleValue>
          <DataType type="IfcNumericMeasure" />
        </TypePropertySingleValue>
      </PropertyType>
      <NameAliases>
        <NameAlias lang="de-DE">Künstliche Luftwechselzahl</NameAlias>
        <NameAlias lang="en">Mechanical Ventilation Rate</NameAlias>
        <NameAlias lang="fr-FR">Taux ventilation mécanique</NameAlias>
        <NameAlias lang="ja-JP">機械換気率</NameAlias>
        <NameAlias lang="ko-KR">기계환기 비율</NameAlias>
      </NameAliases>
      <DefinitionAliases>
        <DefinitionAlias lang="de-DE">Geforderte Luftwechselzahl (in Wechsel per Stunde) im Fall der künstlichen Lüftung.</DefinitionAlias>
        <DefinitionAlias lang="en" />
        <DefinitionAlias lang="fr-FR">Spécification du taux de ventilation mécanique exprimé en volumes par heure.</DefinitionAlias>
        <DefinitionAlias lang="ja-JP">特定の機械換気率の要求指標。1時間あたりの換気回数で与えられる。</DefinitionAlias>
        <DefinitionAlias lang="ko-KR">특정 기계 환기 비율 요구 지표. 시간 당 환기 회수로 주어진다.</DefinitionAlias>
      </DefinitionAliases>
    </PropertyDef>
    <PropertyDef ifdguid="9fc8c100d20c11e1800000215ad4efdf">
      <Name>AirConditioning</Name>
      <Definition>Indication whether this space requires air conditioning provided (TRUE) or not (FALSE).</Definition>
      <PropertyType>
        <TypePropertySingleValue>
          <DataType type="IfcBoolean" />
        </TypePropertySingleValue>
      </PropertyType>
      <NameAliases>
        <NameAlias lang="de-DE">Klimaanlage</NameAlias>
        <NameAlias lang="en">Air Conditioning</NameAlias>
        <NameAlias lang="fr-FR">Conditionnement d'air</NameAlias>
        <NameAlias lang="ja-JP">空調</NameAlias>
        <NameAlias lang="ko-KR">공조</NameAlias>
      </NameAliases>
      <DefinitionAliases>
        <DefinitionAlias lang="de-DE">Anforderung, ob der Raum mit einer Klimaanlage ausgestattet werden soll (WAHR), oder nicht (Falsch).</DefinitionAlias>
        <DefinitionAlias lang="en" />
        <DefinitionAlias lang="fr-FR">Indique si l'espace requiert un conditionnement d'air  (VRAI) ou non (FAUX).</DefinitionAlias>
        <DefinitionAlias lang="ja-JP">この空間が空調を要求するかどうかを示すブーリアン値。(TRUE)要、(FALSE)不要。</DefinitionAlias>
        <DefinitionAlias lang="ko-KR">이 공간이 공조를 요청할지 여부를 나타내는 부울 값입니다. (TRUE) 필요 (FALSE) 불필요.</DefinitionAlias>
      </DefinitionAliases>
    </PropertyDef>
    <PropertyDef ifdguid="a5bea200d20c11e1800000215ad4efdf">
      <Name>AirConditioningCentral</Name>
      <Definition>Indication whether the space requires a central air conditioning provided (TRUE) or not (FALSE).
It should only be given, if the property "AirConditioning" is set to TRUE.</Definition>
      <PropertyType>
        <TypePropertySingleValue>
          <DataType type="IfcBoolean" />
        </TypePropertySingleValue>
      </PropertyType>
      <NameAliases>
        <NameAlias lang="de-DE">Klimaanlage zentral</NameAlias>
        <NameAlias lang="en">Air Conditioning Central</NameAlias>
        <NameAlias lang="fr-FR">Conditionnement d'air centralisé</NameAlias>
        <NameAlias lang="ja-JP">中央式空調</NameAlias>
        <NameAlias lang="ko-KR">중앙식 에어컨</NameAlias>
      </NameAliases>
      <DefinitionAliases>
        <DefinitionAlias lang="de-DE">Anforderung, ob die Klimaanlage zentral gesteuert werden soll (WAHR), oder nicht (FALSCH). Soll nur angegeben werden, wenn die Eigenschaft "Klimaanlage" mit WAHR gegeben ist.</DefinitionAlias>
        <DefinitionAlias lang="en" />
        <DefinitionAlias lang="fr-FR">Indique si l'espace requiert un conditionnement d'air centralisé (VRAI) ou non (FAUX). A fournir si la propriété "Conditionnement d'air" est VRAI.</DefinitionAlias>
        <DefinitionAlias lang="ja-JP">空間が中央式空調を要求するかどうかを示すブーリアン値。「空調」プロパティがTRUEに設定された場合のみ、与えられる。</DefinitionAlias>
        <DefinitionAlias lang="ko-KR">공간이 중앙 식 공조를 요청할지 여부를 나타내는 부울 값입니다. "공조"속성이 TRUE로 설정된 경우에만 주어진다.</DefinitionAlias>
      </DefinitionAliases>
    </PropertyDef>
    <PropertyDef ifdguid="df0c11c8792b4ce0a6c856252e992853">
      <Name>AirHandlingName</Name>
      <Definition>The name of the air side system.

IfcRelServicesBuildings should be used to reference the correct AirHandlingSystem (IfcSystem)</Definition>
      <PropertyType>
        <TypePropertySingleValue>
          <DataType type="IfcLabel" />
        </TypePropertySingleValue>
      </PropertyType>
      <NameAliases />
      <DefinitionAliases />
    </PropertyDef>
  </PropertyDefs>
  <PsetDefinitionAliases />
</PropertySetDef>