<?xml version="1.0" encoding="utf-8"?>
<PropertySetDef xmlns:xsi="http://www.w3.org/2001/XMLSchema-instance" xmlns:xsd="http://www.w3.org/2001/XMLSchema" ifdguid="30d87180d1e611e1800000215ad4efdf" templatetype="PSET_TYPEDRIVENOVERRIDE" xsi:noNamespaceSchemaLocation="http://buildingSMART-tech.org/xml/psd/PSD_IFC4.xsd" xmlns="http://buildingSMART-tech.org/xml/psd/PSD_IFC4.xsd">
  <IfcVersion version="IFC4X4" />
  <Name>Pset_FilterTypeWaterFilter</Name>
  <Definition>Water filter type attributes.</Definition>
  <Applicability />
  <ApplicableClasses>
    <ClassName>IfcFilter/WATERFILTER</ClassName>
  </ApplicableClasses>
  <ApplicableTypeValue>IfcFilter/WATERFILTER</ApplicableTypeValue>
  <PropertyDefs>
    <PropertyDef ifdguid="35048f00d1e611e1800000215ad4efdf">
      <Name>WaterFilterType</Name>
      <Definition>Further qualifies the type of water filter. Filtration removes undissolved matter; Purification removes dissolved matter; Softening replaces dissolved matter.</Definition>
      <PropertyType>
        <TypePropertyEnumeratedValue>
          <EnumList name="PEnum_FilterWaterFilterType">
            <EnumItem>FILTRATION_DIATOMACEOUSEARTH</EnumItem>
            <EnumItem>FILTRATION_SAND</EnumItem>
            <EnumItem>PURIFICATION_DEIONIZING</EnumItem>
            <EnumItem>PURIFICATION_REVERSEOSMOSIS</EnumItem>
            <EnumItem>SOFTENING_ZEOLITE</EnumItem>
            <EnumItem>OTHER</EnumItem>
            <EnumItem>NOTKNOWN</EnumItem>
            <EnumItem>UNSET</EnumItem>
          </EnumList>
          <ConstantList>
            <ConstantDef>
              <Name>FILTRATION_DIATOMACEOUSEARTH</Name>
              <NameAliases>
                <NameAlias lang="en">Filtration Diatomaceous Earth</NameAlias>
              </NameAliases>
              <DefinitionAliases />
            </ConstantDef>
            <ConstantDef>
              <Name>FILTRATION_SAND</Name>
              <NameAliases>
                <NameAlias lang="en">Filtration Sand</NameAlias>
              </NameAliases>
              <DefinitionAliases />
            </ConstantDef>
            <ConstantDef>
              <Name>PURIFICATION_DEIONIZING</Name>
              <NameAliases>
                <NameAlias lang="en">Purification Deionizing</NameAlias>
              </NameAliases>
              <DefinitionAliases />
            </ConstantDef>
            <ConstantDef>
              <Name>PURIFICATION_REVERSEOSMOSIS</Name>
              <NameAliases>
                <NameAlias lang="en">Purification Reverse Osmosis</NameAlias>
              </NameAliases>
              <DefinitionAliases />
            </ConstantDef>
            <ConstantDef>
              <Name>SOFTENING_ZEOLITE</Name>
              <NameAliases>
                <NameAlias lang="en">Softening Zeolite</NameAlias>
              </NameAliases>
              <DefinitionAliases />
            </ConstantDef>
            <ConstantDef>
              <Name>OTHER</Name>
              <Definition>required category not on scale</Definition>
              <NameAliases>
                <NameAlias lang="en">(other)</NameAlias>
              </NameAliases>
              <DefinitionAliases>
                <DefinitionAlias lang="en">Value is not listed.</DefinitionAlias>
              </DefinitionAliases>
            </ConstantDef>
            <ConstantDef>
              <Name>NOTKNOWN</Name>
              <Definition>Value is unkown</Definition>
              <NameAliases>
                <NameAlias lang="en">(unknown)</NameAlias>
              </NameAliases>
              <DefinitionAliases>
                <DefinitionAlias lang="en">Value is unknown.</DefinitionAlias>
              </DefinitionAliases>
            </ConstantDef>
            <ConstantDef>
              <Name>UNSET</Name>
              <Definition>Value has not been specified</Definition>
              <NameAliases>
                <NameAlias lang="en">(unset)</NameAlias>
              </NameAliases>
              <DefinitionAliases>
                <DefinitionAlias lang="en">Value has not been specified.</DefinitionAlias>
              </DefinitionAliases>
            </ConstantDef>
          </ConstantList>
        </TypePropertyEnumeratedValue>
      </PropertyType>
      <NameAliases>
        <NameAlias lang="en">Water Filter Type</NameAlias>
      </NameAliases>
      <DefinitionAliases>
        <DefinitionAlias lang="en" />
      </DefinitionAliases>
    </PropertyDef>
  </PropertyDefs>
  <PsetDefinitionAliases>
    <PsetDefinitionAlias lang="en" />
  </PsetDefinitionAliases>
</PropertySetDef>