<?xml version="1.0" encoding="utf-8"?>
<PropertySetDef xmlns:xsi="http://www.w3.org/2001/XMLSchema-instance" xmlns:xsd="http://www.w3.org/2001/XMLSchema" ifdguid="deaeec8079ed17118c776113891ee76e" templatetype="PSET_TYPEDRIVENOVERRIDE" xsi:noNamespaceSchemaLocation="http://buildingSMART-tech.org/xml/psd/PSD_IFC4.xsd" xmlns="http://buildingSMART-tech.org/xml/psd/PSD_IFC4.xsd">
  <IfcVersion version="IFC4X4" />
  <Name>Pset_ElectricFlowStorageDeviceTypeRecharger</Name>
  <Definition>Properties of battery rechargers. The property set can be used by the predefined type RECHARGER of IfcElectricFlowStorageDevice.</Definition>
  <Applicability />
  <ApplicableClasses>
    <ClassName>IfcElectricFlowStorageDevice/RECHARGER</ClassName>
  </ApplicableClasses>
  <ApplicableTypeValue>IfcElectricFlowStorageDevice/RECHARGER</ApplicableTypeValue>
  <PropertyDefs>
    <PropertyDef ifdguid="ebaa796c8b354e6eb66839aa5da2f1ec">
      <Name>NominalSupplyCurrent</Name>
      <Definition>The nominal current of the supply.</Definition>
      <PropertyType>
        <TypePropertySingleValue>
          <DataType type="IfcElectricCurrentMeasure" />
        </TypePropertySingleValue>
      </PropertyType>
      <NameAliases />
      <DefinitionAliases />
    </PropertyDef>
  </PropertyDefs>
  <PsetDefinitionAliases />
</PropertySetDef>