<?xml version="1.0" encoding="utf-8"?>
<PropertySetDef xmlns:xsi="http://www.w3.org/2001/XMLSchema-instance" xmlns:xsd="http://www.w3.org/2001/XMLSchema" ifdguid="d8937680d1c911e1800000215ad4efdf" templatetype="PSET_TYPEDRIVENOVERRIDE" xsi:noNamespaceSchemaLocation="http://buildingSMART-tech.org/xml/psd/PSD_IFC4.xsd" xmlns="http://buildingSMART-tech.org/xml/psd/PSD_IFC4.xsd">
  <IfcVersion version="IFC4X4" />
  <Name>Pset_CoilTypeHydronic</Name>
  <Definition>Hydronic coil type attributes.</Definition>
  <Applicability />
  <ApplicableClasses>
    <ClassName>IfcCoil</ClassName>
  </ApplicableClasses>
  <ApplicableTypeValue>IfcCoil</ApplicableTypeValue>
  <PropertyDefs>
    <PropertyDef ifdguid="dc26fd80d1c911e1800000215ad4efdf">
      <Name>FluidPressureRange</Name>
      <Definition>Allowable water working pressure range inside the tube.</Definition>
      <PropertyType>
        <TypePropertyBoundedValue>
          <DataType type="IfcPressureMeasure" />
        </TypePropertyBoundedValue>
      </PropertyType>
      <NameAliases>
        <NameAlias lang="en">Fluid Pressure Range</NameAlias>
        <NameAlias lang="fr-FR">PlagePressionFluide</NameAlias>
      </NameAliases>
      <DefinitionAliases>
        <DefinitionAlias lang="en" />
        <DefinitionAlias lang="fr-FR">Plage de pression hydraulique fonctionnelle admissible dans le tube.</DefinitionAlias>
      </DefinitionAliases>
    </PropertyDef>
    <PropertyDef ifdguid="e1844800d1c911e1800000215ad4efdf">
      <Name>CoilCoolant</Name>
      <Definition>The fluid used for heating or cooling used by the hydronic coil.</Definition>
      <PropertyType>
        <TypePropertyEnumeratedValue>
          <EnumList name="PEnum_CoilCoolant">
            <EnumItem>WATER</EnumItem>
            <EnumItem>BRINE</EnumItem>
            <EnumItem>GLYCOL</EnumItem>
            <EnumItem>OTHER</EnumItem>
            <EnumItem>NOTKNOWN</EnumItem>
            <EnumItem>UNSET</EnumItem>
          </EnumList>
          <ConstantList>
            <ConstantDef>
              <Name>WATER</Name>
              <NameAliases>
                <NameAlias lang="en">Water</NameAlias>
              </NameAliases>
              <DefinitionAliases />
            </ConstantDef>
            <ConstantDef>
              <Name>BRINE</Name>
              <NameAliases>
                <NameAlias lang="en">Brine</NameAlias>
              </NameAliases>
              <DefinitionAliases />
            </ConstantDef>
            <ConstantDef>
              <Name>GLYCOL</Name>
              <NameAliases>
                <NameAlias lang="en">Glycol</NameAlias>
              </NameAliases>
              <DefinitionAliases />
            </ConstantDef>
            <ConstantDef>
              <Name>OTHER</Name>
              <Definition>required category not on scale</Definition>
              <NameAliases>
                <NameAlias lang="en">(other)</NameAlias>
              </NameAliases>
              <DefinitionAliases>
                <DefinitionAlias lang="en">Value is not listed.</DefinitionAlias>
              </DefinitionAliases>
            </ConstantDef>
            <ConstantDef>
              <Name>NOTKNOWN</Name>
              <Definition>Value is unkown</Definition>
              <NameAliases>
                <NameAlias lang="en">(unknown)</NameAlias>
              </NameAliases>
              <DefinitionAliases>
                <DefinitionAlias lang="en">Value is unknown.</DefinitionAlias>
              </DefinitionAliases>
            </ConstantDef>
            <ConstantDef>
              <Name>UNSET</Name>
              <Definition>Value has not been specified</Definition>
              <NameAliases>
                <NameAlias lang="en">(unset)</NameAlias>
              </NameAliases>
              <DefinitionAliases>
                <DefinitionAlias lang="en">Value has not been specified.</DefinitionAlias>
              </DefinitionAliases>
            </ConstantDef>
          </ConstantList>
        </TypePropertyEnumeratedValue>
      </PropertyType>
      <NameAliases>
        <NameAlias lang="en">Coil Coolant</NameAlias>
        <NameAlias lang="fr-FR">RefrigerantBatterie</NameAlias>
      </NameAliases>
      <DefinitionAliases>
        <DefinitionAlias lang="en" />
        <DefinitionAlias lang="fr-FR">Le fluide utilisé pour chauffer ou refroidir dans la batterie deux tubes.</DefinitionAlias>
      </DefinitionAliases>
    </PropertyDef>
    <PropertyDef ifdguid="eea13700d1c911e1800000215ad4efdf">
      <Name>CoilConnectionDirection</Name>
      <Definition>Coil connection direction (facing into the air stream).</Definition>
      <PropertyType>
        <TypePropertyEnumeratedValue>
          <EnumList name="PEnum_CoilConnectionDirection">
            <EnumItem>LEFT</EnumItem>
            <EnumItem>RIGHT</EnumItem>
            <EnumItem>OTHER</EnumItem>
            <EnumItem>NOTKNOWN</EnumItem>
            <EnumItem>UNSET</EnumItem>
          </EnumList>
          <ConstantList>
            <ConstantDef>
              <Name>LEFT</Name>
              <NameAliases>
                <NameAlias lang="en">Left</NameAlias>
              </NameAliases>
              <DefinitionAliases />
            </ConstantDef>
            <ConstantDef>
              <Name>RIGHT</Name>
              <Definition>Right</Definition>
              <NameAliases>
                <NameAlias lang="en">Right</NameAlias>
              </NameAliases>
              <DefinitionAliases />
            </ConstantDef>
            <ConstantDef>
              <Name>OTHER</Name>
              <Definition>required category not on scale</Definition>
              <NameAliases>
                <NameAlias lang="en">(other)</NameAlias>
              </NameAliases>
              <DefinitionAliases>
                <DefinitionAlias lang="en">Value is not listed.</DefinitionAlias>
              </DefinitionAliases>
            </ConstantDef>
            <ConstantDef>
              <Name>NOTKNOWN</Name>
              <Definition>Value is unkown</Definition>
              <NameAliases>
                <NameAlias lang="en">(unknown)</NameAlias>
              </NameAliases>
              <DefinitionAliases>
                <DefinitionAlias lang="en">Value is unknown.</DefinitionAlias>
              </DefinitionAliases>
            </ConstantDef>
            <ConstantDef>
              <Name>UNSET</Name>
              <Definition>Value has not been specified</Definition>
              <NameAliases>
                <NameAlias lang="en">(unset)</NameAlias>
              </NameAliases>
              <DefinitionAliases>
                <DefinitionAlias lang="en">Value has not been specified.</DefinitionAlias>
              </DefinitionAliases>
            </ConstantDef>
          </ConstantList>
        </TypePropertyEnumeratedValue>
      </PropertyType>
      <NameAliases>
        <NameAlias lang="en">Coil Connection Direction</NameAlias>
        <NameAlias lang="fr-FR">DirectionConnexionBatterie</NameAlias>
      </NameAliases>
      <DefinitionAliases>
        <DefinitionAlias lang="en" />
        <DefinitionAlias lang="fr-FR">Direction de la connexion à la batterie (en face du jet d'air)</DefinitionAlias>
      </DefinitionAliases>
    </PropertyDef>
    <PropertyDef ifdguid="fd87e980d1c911e1800000215ad4efdf">
      <Name>CoilFluidArrangement</Name>
      <Definition>Fluid flow arrangement of the coil.CrossCounterFlow: Air and water flow enter in different directions.
CrossFlow: Air and water flow are perpendicular.
CrossParallelFlow: Air and water flow enter in same directions.</Definition>
      <PropertyType>
        <TypePropertyEnumeratedValue>
          <EnumList name="PEnum_CoilFluidArrangement">
            <EnumItem>CROSSFLOW</EnumItem>
            <EnumItem>CROSSCOUNTERFLOW</EnumItem>
            <EnumItem>CROSSPARALLELFLOW</EnumItem>
            <EnumItem>OTHER</EnumItem>
            <EnumItem>NOTKNOWN</EnumItem>
            <EnumItem>UNSET</EnumItem>
          </EnumList>
          <ConstantList>
            <ConstantDef>
              <Name>CROSSFLOW</Name>
              <NameAliases>
                <NameAlias lang="en">Cross Flow</NameAlias>
              </NameAliases>
              <DefinitionAliases />
            </ConstantDef>
            <ConstantDef>
              <Name>CROSSCOUNTERFLOW</Name>
              <NameAliases>
                <NameAlias lang="en">Cross Counter Flow</NameAlias>
              </NameAliases>
              <DefinitionAliases />
            </ConstantDef>
            <ConstantDef>
              <Name>CROSSPARALLELFLOW</Name>
              <NameAliases>
                <NameAlias lang="en">Cross Parallel Flow</NameAlias>
              </NameAliases>
              <DefinitionAliases />
            </ConstantDef>
            <ConstantDef>
              <Name>OTHER</Name>
              <Definition>required category not on scale</Definition>
              <NameAliases>
                <NameAlias lang="en">(other)</NameAlias>
              </NameAliases>
              <DefinitionAliases>
                <DefinitionAlias lang="en">Value is not listed.</DefinitionAlias>
              </DefinitionAliases>
            </ConstantDef>
            <ConstantDef>
              <Name>NOTKNOWN</Name>
              <Definition>Value is unkown</Definition>
              <NameAliases>
                <NameAlias lang="en">(unknown)</NameAlias>
              </NameAliases>
              <DefinitionAliases>
                <DefinitionAlias lang="en">Value is unknown.</DefinitionAlias>
              </DefinitionAliases>
            </ConstantDef>
            <ConstantDef>
              <Name>UNSET</Name>
              <Definition>Value has not been specified</Definition>
              <NameAliases>
                <NameAlias lang="en">(unset)</NameAlias>
              </NameAliases>
              <DefinitionAliases>
                <DefinitionAlias lang="en">Value has not been specified.</DefinitionAlias>
              </DefinitionAliases>
            </ConstantDef>
          </ConstantList>
        </TypePropertyEnumeratedValue>
      </PropertyType>
      <NameAliases>
        <NameAlias lang="en">Coil Fluid Arrangement</NameAlias>
        <NameAlias lang="fr-FR">DispositionFluideBatterie</NameAlias>
      </NameAliases>
      <DefinitionAliases>
        <DefinitionAlias lang="en" />
        <DefinitionAlias lang="fr-FR">Disposition du flux du fluide dans la batterie.</DefinitionAlias>
      </DefinitionAliases>
    </PropertyDef>
    <PropertyDef ifdguid="0b3d6f00d1ca11e1800000215ad4efdf">
      <Name>CoilFaceArea</Name>
      <Definition>Coil face area in the direction against air the flow.</Definition>
      <PropertyType>
        <TypePropertySingleValue>
          <DataType type="IfcAreaMeasure" />
        </TypePropertySingleValue>
      </PropertyType>
      <NameAliases>
        <NameAlias lang="en">Coil Face Area</NameAlias>
        <NameAlias lang="fr-FR">SurfaceEchangeBatterie</NameAlias>
      </NameAliases>
      <DefinitionAliases>
        <DefinitionAlias lang="en" />
        <DefinitionAlias lang="fr-FR">Surface d'échange de la batterie dans la direction contraire du jet.</DefinitionAlias>
      </DefinitionAliases>
    </PropertyDef>
    <PropertyDef ifdguid="109ab980d1ca11e1800000215ad4efdf">
      <Name>HeatExchangeSurfaceArea</Name>
      <Definition>Heat exchange surface area associated with U-value.</Definition>
      <PropertyType>
        <TypePropertySingleValue>
          <DataType type="IfcAreaMeasure" />
        </TypePropertySingleValue>
      </PropertyType>
      <NameAliases>
        <NameAlias lang="en">Heat Exchange Surface Area</NameAlias>
        <NameAlias lang="fr-FR">SurfaceEchangeThermique</NameAlias>
      </NameAliases>
      <DefinitionAliases>
        <DefinitionAlias lang="en" />
        <DefinitionAlias lang="fr-FR">Surface d'échange thermique associé à la valeur U.</DefinitionAlias>
      </DefinitionAliases>
    </PropertyDef>
    <PropertyDef ifdguid="15f80400d1ca11e1800000215ad4efdf">
      <Name>PrimarySurfaceArea</Name>
      <Definition>Primary heat transfer surface area of the tubes and headers.</Definition>
      <PropertyType>
        <TypePropertySingleValue>
          <DataType type="IfcAreaMeasure" />
        </TypePropertySingleValue>
      </PropertyType>
      <NameAliases>
        <NameAlias lang="en">Primary Surface Area</NameAlias>
        <NameAlias lang="fr-FR">SurfaceEchangePrimaire</NameAlias>
      </NameAliases>
      <DefinitionAliases>
        <DefinitionAlias lang="en" />
        <DefinitionAlias lang="fr-FR">Surface d'échange thermique au primaire des tubes et aux collecteurs.</DefinitionAlias>
      </DefinitionAliases>
    </PropertyDef>
    <PropertyDef ifdguid="1abcb800d1ca11e1800000215ad4efdf">
      <Name>SecondarySurfaceArea</Name>
      <Definition>Secondary heat transfer surface area created by fins.</Definition>
      <PropertyType>
        <TypePropertySingleValue>
          <DataType type="IfcAreaMeasure" />
        </TypePropertySingleValue>
      </PropertyType>
      <NameAliases>
        <NameAlias lang="en">Secondary Surface Area</NameAlias>
        <NameAlias lang="fr-FR">SurfaceEchangeSecondaire</NameAlias>
      </NameAliases>
      <DefinitionAliases>
        <DefinitionAlias lang="en" />
        <DefinitionAlias lang="fr-FR">Surface d'échange thermique au secondaire crée par les ailettes.</DefinitionAlias>
      </DefinitionAliases>
    </PropertyDef>
    <PropertyDef ifdguid="26a87a00d1ca11e1800000215ad4efdf">
      <Name>TotalUACurves</Name>
      <Definition>Total UA curves, UA - air and water velocities, UA = [(C1 * AirFlowRate\^0.8)\^-1 + (C2 * WaterFlowRate\^0.8)\^-1]\^-1.  Note: as two variables are used, DefiningValues and DefinedValues are null, and values are stored in IfcTable in the following order: AirFlowRate,WaterFlowRate,UA.  The IfcTable is related to IfcPropertyTableValue using IfcMetric and IfcResourceConstraintRelationship.</Definition>
      <PropertyType>
        <TypePropertyTableValue>
          <Expression />
          <DefiningValue>
            <DataType type="IfcReal" />
          </DefiningValue>
          <DefinedValue>
            <DataType type="IfcVolumetricFlowRateMeasure" />
          </DefinedValue>
        </TypePropertyTableValue>
      </PropertyType>
      <NameAliases>
        <NameAlias lang="en">Total UACurves</NameAlias>
        <NameAlias lang="fr-FR">CourbesCoefficientTransmissionThermiqueTotal</NameAlias>
      </NameAliases>
      <DefinitionAliases>
        <DefinitionAlias lang="en" />
        <DefinitionAlias lang="fr-FR">Courbes de coefficient de transmission thermique total - vitesses de l'eau et de l'air, U.S = [(C1*DébitAéraulique^0,8)^-1 + (C2*DébitHydraulique^0,8)^-1]^-1.
Remarque: comme deux variables sont utilisées, ValeursDefinir et ValeursDéfinies sont nulles, et les valeurs sont enregistrées dans IfcTable dans l'ordre suivant:
DébitAéraulique, DebitHydraulique, U.S.
Le IfcTable est lié à IfcPropertyTableValue en utilisant IfcMetric et IfcPropertyConstraintRelationship.</DefinitionAlias>
      </DefinitionAliases>
    </PropertyDef>
    <PropertyDef ifdguid="2f00b500d1ca11e1800000215ad4efdf">
      <Name>WaterPressureDropCurve</Name>
      <Definition>Water pressure drop curve, pressure drop – flow rate curve, WaterPressureDrop = f(WaterflowRate).</Definition>
      <PropertyType>
        <TypePropertyTableValue>
          <Expression />
          <DefiningValue>
            <DataType type="IfcVolumetricFlowRateMeasure" />
          </DefiningValue>
          <DefinedValue>
            <DataType type="IfcPressureMeasure" />
          </DefinedValue>
        </TypePropertyTableValue>
      </PropertyType>
      <NameAliases>
        <NameAlias lang="en">Water Pressure Drop Curve</NameAlias>
        <NameAlias lang="fr-FR">CourbePerteChargeHydraulique</NameAlias>
      </NameAliases>
      <DefinitionAliases>
        <DefinitionAlias lang="en" />
        <DefinitionAlias lang="fr-FR">Courbe de perte de charge hydraulique, courbe perte de charge - débit, perte de charge = f(DébitHydraulique).</DefinitionAlias>
      </DefinitionAliases>
    </PropertyDef>
    <PropertyDef ifdguid="3758f000d1ca11e1800000215ad4efdf">
      <Name>BypassFactor</Name>
      <Definition>Fraction of air that is bypassed by the coil (0-1).</Definition>
      <PropertyType>
        <TypePropertySingleValue>
          <DataType type="IfcNormalisedRatioMeasure" />
        </TypePropertySingleValue>
      </PropertyType>
      <NameAliases>
        <NameAlias lang="en">Bypass Factor</NameAlias>
        <NameAlias lang="fr-FR">FacteurBypass</NameAlias>
      </NameAliases>
      <DefinitionAliases>
        <DefinitionAlias lang="en" />
        <DefinitionAlias lang="fr-FR">Fraction de l'air qui est bypassé par la batterie (0 à 1).</DefinitionAlias>
      </DefinitionAliases>
    </PropertyDef>
    <PropertyDef ifdguid="3cb63a80d1ca11e1800000215ad4efdf">
      <Name>SensibleHeatRatio</Name>
      <Definition>Air-side sensible heat ratio, or fraction of sensible heat transfer to the total heat transfer.</Definition>
      <PropertyType>
        <TypePropertySingleValue>
          <DataType type="IfcNormalisedRatioMeasure" />
        </TypePropertySingleValue>
      </PropertyType>
      <NameAliases>
        <NameAlias lang="en">Sensible Heat Ratio</NameAlias>
        <NameAlias lang="fr-FR">RatioChaleurSensible</NameAlias>
      </NameAliases>
      <DefinitionAliases>
        <DefinitionAlias lang="en" />
        <DefinitionAlias lang="fr-FR">Ratio de chaleur sensible, ou fraction d'échange thermique sensible sur la chaleur thermique totale échangée.</DefinitionAlias>
      </DefinitionAliases>
    </PropertyDef>
    <PropertyDef ifdguid="42ac1b80d1ca11e1800000215ad4efdf">
      <Name>WetCoilFraction</Name>
      <Definition>Fraction of coil surface area that is wet (0-1).</Definition>
      <PropertyType>
        <TypePropertySingleValue>
          <DataType type="IfcNormalisedRatioMeasure" />
        </TypePropertySingleValue>
      </PropertyType>
      <NameAliases>
        <NameAlias lang="en">Wet Coil Fraction</NameAlias>
        <NameAlias lang="fr-FR">FractionBatterieHumide</NameAlias>
      </NameAliases>
      <DefinitionAliases>
        <DefinitionAlias lang="en" />
        <DefinitionAlias lang="fr-FR">Fraction de la surface de la batterie qui est humide (0 à 1).</DefinitionAlias>
      </DefinitionAliases>
    </PropertyDef>
  </PropertyDefs>
  <PsetDefinitionAliases>
    <PsetDefinitionAlias lang="en" />
  </PsetDefinitionAliases>
</PropertySetDef>