<?xml version="1.0" encoding="utf-8"?>
<PropertySetDef xmlns:xsi="http://www.w3.org/2001/XMLSchema-instance" xmlns:xsd="http://www.w3.org/2001/XMLSchema" ifdguid="ce6e7980d1c311e1800000215ad4efdf" templatetype="PSET_TYPEDRIVENOVERRIDE" xsi:noNamespaceSchemaLocation="http://buildingSMART-tech.org/xml/psd/PSD_IFC4.xsd" xmlns="http://buildingSMART-tech.org/xml/psd/PSD_IFC4.xsd">
  <IfcVersion version="IFC4X4" />
  <Name>Pset_AudioVisualApplianceTypeTuner</Name>
  <Definition>An audio-visual tuner is a device that demodulates a signal into a stream of audio and/or video.  HISTORY: Added in IFC4.</Definition>
  <Applicability />
  <ApplicableClasses>
    <ClassName>IfcAudioVisualAppliance/TUNER</ClassName>
  </ApplicableClasses>
  <ApplicableTypeValue>IfcAudioVisualAppliance/TUNER</ApplicableTypeValue>
  <PropertyDefs>
    <PropertyDef ifdguid="d3cbc400d1c311e1800000215ad4efdf">
      <Name>TunerType</Name>
      <Definition>Indicates the tuner type.</Definition>
      <PropertyType>
        <TypePropertyEnumeratedValue>
          <EnumList name="PEnum_AudioVisualTunerType">
            <EnumItem>AUDIO</EnumItem>
            <EnumItem>VIDEO</EnumItem>
            <EnumItem>OTHER</EnumItem>
            <EnumItem>NOTKNOWN</EnumItem>
            <EnumItem>UNSET.</EnumItem>
          </EnumList>
          <ConstantList>
            <ConstantDef>
              <Name>AUDIO</Name>
              <NameAliases>
                <NameAlias lang="en">Audio</NameAlias>
              </NameAliases>
              <DefinitionAliases />
            </ConstantDef>
            <ConstantDef>
              <Name>VIDEO</Name>
              <NameAliases>
                <NameAlias lang="en">Video</NameAlias>
              </NameAliases>
              <DefinitionAliases />
            </ConstantDef>
            <ConstantDef>
              <Name>OTHER</Name>
              <Definition>required category not on scale</Definition>
              <NameAliases>
                <NameAlias lang="en">(other)</NameAlias>
              </NameAliases>
              <DefinitionAliases>
                <DefinitionAlias lang="en">Value is not listed.</DefinitionAlias>
              </DefinitionAliases>
            </ConstantDef>
            <ConstantDef>
              <Name>NOTKNOWN</Name>
              <Definition>Value is unkown</Definition>
              <NameAliases>
                <NameAlias lang="en">(unknown)</NameAlias>
              </NameAliases>
              <DefinitionAliases>
                <DefinitionAlias lang="en">Value is unknown.</DefinitionAlias>
              </DefinitionAliases>
            </ConstantDef>
            <ConstantDef>
              <Name>UNSET.</Name>
              <NameAliases>
                <NameAlias lang="en">Unset.</NameAlias>
              </NameAliases>
              <DefinitionAliases />
            </ConstantDef>
          </ConstantList>
        </TypePropertyEnumeratedValue>
      </PropertyType>
      <NameAliases>
        <NameAlias lang="en">Tuner Type</NameAlias>
        <NameAlias lang="ja-JP">チューナータイプ</NameAlias>
        <NameAlias lang="ko-KR">튜너 타입</NameAlias>
      </NameAliases>
      <DefinitionAliases>
        <DefinitionAlias lang="en" />
        <DefinitionAlias lang="ja-JP">チューナータイプを示す。</DefinitionAlias>
        <DefinitionAlias lang="ko-KR">튜너 타입을 나타낸다</DefinitionAlias>
      </DefinitionAliases>
    </PropertyDef>
    <PropertyDef ifdguid="e219e000d1c311e1800000215ad4efdf">
      <Name>TunerMode</Name>
      <Definition>Indicates the tuner modes (or bands).  For example, 'AnalogCable', 'DigitalAir', 'AM', 'FM'.</Definition>
      <PropertyType>
        <TypePropertyTableValue>
          <Expression />
          <DefiningValue>
            <DataType type="IfcIdentifier" />
          </DefiningValue>
          <DefinedValue>
            <DataType type="IfcLabel" />
          </DefinedValue>
        </TypePropertyTableValue>
      </PropertyType>
      <NameAliases>
        <NameAlias lang="en">Tuner Mode</NameAlias>
        <NameAlias lang="ja-JP">チューナーモード</NameAlias>
        <NameAlias lang="ko-KR">튜너 모드</NameAlias>
      </NameAliases>
      <DefinitionAliases>
        <DefinitionAlias lang="en" />
        <DefinitionAlias lang="ja-JP">受信可能な放送モードを示す。</DefinitionAlias>
        <DefinitionAlias lang="ko-KR">수신 가능한 방송 모드를 나타낸다.</DefinitionAlias>
      </DefinitionAliases>
    </PropertyDef>
    <PropertyDef ifdguid="ea721b00d1c311e1800000215ad4efdf">
      <Name>TunerChannel</Name>
      <Definition>Indicates the tuner channels, if applicable.</Definition>
      <PropertyType>
        <TypePropertyTableValue>
          <Expression />
          <DefiningValue>
            <DataType type="IfcIdentifier" />
          </DefiningValue>
          <DefinedValue>
            <DataType type="IfcLabel" />
          </DefinedValue>
        </TypePropertyTableValue>
      </PropertyType>
      <NameAliases>
        <NameAlias lang="en">Tuner Channel</NameAlias>
        <NameAlias lang="ja-JP">チューナーチャンネル</NameAlias>
        <NameAlias lang="ko-KR">튜너 채널 선택</NameAlias>
      </NameAliases>
      <DefinitionAliases>
        <DefinitionAlias lang="en" />
        <DefinitionAlias lang="ja-JP">設定可能なチャンネルを示す。</DefinitionAlias>
        <DefinitionAlias lang="ko-KR">가능한 채널을 보여준다.</DefinitionAlias>
      </DefinitionAliases>
    </PropertyDef>
    <PropertyDef ifdguid="f231bf80d1c311e1800000215ad4efdf">
      <Name>TunerFrequency</Name>
      <Definition>Indicates the tuner frequencies, if applicable.</Definition>
      <PropertyType>
        <TypePropertyBoundedValue>
          <DataType type="IfcFrequencyMeasure" />
        </TypePropertyBoundedValue>
      </PropertyType>
      <NameAliases>
        <NameAlias lang="en">Tuner Frequency</NameAlias>
        <NameAlias lang="ja-JP">周波数</NameAlias>
        <NameAlias lang="ko-KR">주파수 대응</NameAlias>
      </NameAliases>
      <DefinitionAliases>
        <DefinitionAlias lang="en" />
        <DefinitionAlias lang="ja-JP">対応周波数帯を示す。</DefinitionAlias>
        <DefinitionAlias lang="ko-KR">주파수 대역을 나타낸다.</DefinitionAlias>
      </DefinitionAliases>
    </PropertyDef>
  </PropertyDefs>
  <PsetDefinitionAliases>
    <PsetDefinitionAlias lang="en" />
    <PsetDefinitionAlias lang="ja-JP">音響と映像の信号を変換する装置。</PsetDefinitionAlias>
  </PsetDefinitionAliases>
</PropertySetDef>