<?xml version="1.0" encoding="utf-8"?>
<PropertySetDef xmlns:xsi="http://www.w3.org/2001/XMLSchema-instance" xmlns:xsd="http://www.w3.org/2001/XMLSchema" ifdguid="ff01e380d1c211e1800000215ad4efdf" templatetype="PSET_TYPEDRIVENOVERRIDE" xsi:noNamespaceSchemaLocation="http://buildingSMART-tech.org/xml/psd/PSD_IFC4.xsd" xmlns="http://buildingSMART-tech.org/xml/psd/PSD_IFC4.xsd">
  <IfcVersion version="IFC4X4" />
  <Name>Pset_AudioVisualApplianceTypePlayer</Name>
  <Definition>An audio-visual player is a device that plays stored media into a stream of audio and/or video, such as camera footage in security systems, background audio in retail areas, or media presentations in conference rooms or theatres. HISTORY: Added in IFC4.</Definition>
  <Applicability />
  <ApplicableClasses>
    <ClassName>IfcAudioVisualAppliance/PLAYER</ClassName>
  </ApplicableClasses>
  <ApplicableTypeValue>IfcAudioVisualAppliance/PLAYER</ApplicableTypeValue>
  <PropertyDefs>
    <PropertyDef ifdguid="04f7c480d1c311e1800000215ad4efdf">
      <Name>PlayerType</Name>
      <Definition>Indicates the type of player.</Definition>
      <PropertyType>
        <TypePropertyEnumeratedValue>
          <EnumList name="PEnum_AudioVisualPlayerType">
            <EnumItem>AUDIO</EnumItem>
            <EnumItem>VIDEO</EnumItem>
            <EnumItem>OTHER</EnumItem>
            <EnumItem>NOTKNOWN</EnumItem>
            <EnumItem>UNSET</EnumItem>
          </EnumList>
          <ConstantList>
            <ConstantDef>
              <Name>AUDIO</Name>
              <NameAliases>
                <NameAlias lang="en">Audio</NameAlias>
              </NameAliases>
              <DefinitionAliases />
            </ConstantDef>
            <ConstantDef>
              <Name>VIDEO</Name>
              <NameAliases>
                <NameAlias lang="en">Video</NameAlias>
              </NameAliases>
              <DefinitionAliases />
            </ConstantDef>
            <ConstantDef>
              <Name>OTHER</Name>
              <Definition>required category not on scale</Definition>
              <NameAliases>
                <NameAlias lang="en">(other)</NameAlias>
              </NameAliases>
              <DefinitionAliases>
                <DefinitionAlias lang="en">Value is not listed.</DefinitionAlias>
              </DefinitionAliases>
            </ConstantDef>
            <ConstantDef>
              <Name>NOTKNOWN</Name>
              <Definition>Value is unkown</Definition>
              <NameAliases>
                <NameAlias lang="en">(unknown)</NameAlias>
              </NameAliases>
              <DefinitionAliases>
                <DefinitionAlias lang="en">Value is unknown.</DefinitionAlias>
              </DefinitionAliases>
            </ConstantDef>
            <ConstantDef>
              <Name>UNSET</Name>
              <Definition>Value has not been specified</Definition>
              <NameAliases>
                <NameAlias lang="en">(unset)</NameAlias>
              </NameAliases>
              <DefinitionAliases>
                <DefinitionAlias lang="en">Value has not been specified.</DefinitionAlias>
              </DefinitionAliases>
            </ConstantDef>
          </ConstantList>
        </TypePropertyEnumeratedValue>
      </PropertyType>
      <NameAliases>
        <NameAlias lang="en">Player Type</NameAlias>
        <NameAlias lang="ja-JP">プレイヤー形式</NameAlias>
        <NameAlias lang="ko-KR">플레이어 형식</NameAlias>
      </NameAliases>
      <DefinitionAliases>
        <DefinitionAlias lang="en" />
        <DefinitionAlias lang="ja-JP">再生可能な形式を示す。</DefinitionAlias>
        <DefinitionAlias lang="ko-KR">재생 가능한 형식을 보여준다.</DefinitionAlias>
      </DefinitionAliases>
    </PropertyDef>
    <PropertyDef ifdguid="1214b380d1c311e1800000215ad4efdf">
      <Name>PlayerMediaEject</Name>
      <Definition>Indicates whether the media can be ejected from the player (if physical media).</Definition>
      <PropertyType>
        <TypePropertySingleValue>
          <DataType type="IfcBoolean" />
        </TypePropertySingleValue>
      </PropertyType>
      <NameAliases>
        <NameAlias lang="en">Player Media Eject</NameAlias>
        <NameAlias lang="ja-JP">メディア取り出し可否</NameAlias>
        <NameAlias lang="ko-KR">미디어 꺼내기 여부</NameAlias>
      </NameAliases>
      <DefinitionAliases>
        <DefinitionAlias lang="en" />
        <DefinitionAlias lang="ja-JP">メディアを取り出すことができるかどうかを示す。</DefinitionAlias>
        <DefinitionAlias lang="ko-KR">미디어를 꺼낼 수 있는지 여부를 나타낸다.</DefinitionAlias>
      </DefinitionAliases>
    </PropertyDef>
    <PropertyDef ifdguid="18a32b00d1c311e1800000215ad4efdf">
      <Name>PlayerMediaFormat</Name>
      <Definition>Indicates supported media formats.</Definition>
      <PropertyType>
        <TypePropertyTableValue>
          <Expression />
          <DefiningValue>
            <DataType type="IfcIdentifier" />
          </DefiningValue>
          <DefinedValue>
            <DataType type="IfcLabel" />
          </DefinedValue>
        </TypePropertyTableValue>
      </PropertyType>
      <NameAliases>
        <NameAlias lang="en">Player Media Format</NameAlias>
        <NameAlias lang="ja-JP">メディアフォーマット</NameAlias>
        <NameAlias lang="ko-KR">미디어 포맷</NameAlias>
      </NameAliases>
      <DefinitionAliases>
        <DefinitionAlias lang="en" />
        <DefinitionAlias lang="ja-JP">サポートされているメディアのフォーマットを示す。</DefinitionAlias>
        <DefinitionAlias lang="ko-KR">지원되는 미디어 형식을 보여준다.</DefinitionAlias>
      </DefinitionAliases>
    </PropertyDef>
  </PropertyDefs>
  <PsetDefinitionAliases>
    <PsetDefinitionAlias lang="en" />
    <PsetDefinitionAlias lang="ja-JP">セキュリティーシステムのカメラや店舗などのBGMシステム、または劇場や会議室ないのプレゼンテーションシステムのような収容された音響映像信号を表示・放送する装置。</PsetDefinitionAlias>
  </PsetDefinitionAliases>
</PropertySetDef>