<?xml version="1.0" encoding="utf-8"?>
<PropertySetDef xmlns:xsi="http://www.w3.org/2001/XMLSchema-instance" xmlns:xsd="http://www.w3.org/2001/XMLSchema" ifdguid="e9f17880d1f311e1800000215ad4efdf" templatetype="PSET_TYPEDRIVENOVERRIDE" xsi:noNamespaceSchemaLocation="http://buildingSMART-tech.org/xml/psd/PSD_IFC4.xsd" xmlns="http://buildingSMART-tech.org/xml/psd/PSD_IFC4.xsd">
  <IfcVersion version="IFC4X4" />
  <Name>Pset_PipeSegmentTypeGutter</Name>
  <Definition>Gutter segment type common attributes.</Definition>
  <Applicability />
  <ApplicableClasses>
    <ClassName>IfcPipeSegment/GUTTER</ClassName>
  </ApplicableClasses>
  <ApplicableTypeValue>IfcPipeSegment/GUTTER</ApplicableTypeValue>
  <PropertyDefs>
    <PropertyDef ifdguid="eeb62c80d1f311e1800000215ad4efdf">
      <Name>Slope</Name>
      <Definition>Angle of the gutter to allow for drainage.</Definition>
      <PropertyType>
        <TypePropertySingleValue>
          <DataType type="IfcPlaneAngleMeasure" />
        </TypePropertySingleValue>
      </PropertyType>
      <NameAliases>
        <NameAlias lang="en">Slope</NameAlias>
        <NameAlias lang="ja-JP">勾配</NameAlias>
      </NameAliases>
      <DefinitionAliases>
        <DefinitionAlias lang="en" />
        <DefinitionAlias lang="ja-JP">排水に必要な溝の角度（傾斜）</DefinitionAlias>
      </DefinitionAliases>
    </PropertyDef>
    <PropertyDef ifdguid="f4137700d1f311e1800000215ad4efdf">
      <Name>FlowRating</Name>
      <Definition>Actual flow capacity for the gutter. Value of 0.00 means this value has not been set.</Definition>
      <PropertyType>
        <TypePropertySingleValue>
          <DataType type="IfcVolumetricFlowRateMeasure" />
        </TypePropertySingleValue>
      </PropertyType>
      <NameAliases>
        <NameAlias lang="en">Flow Rating</NameAlias>
        <NameAlias lang="ja-JP">流量</NameAlias>
      </NameAliases>
      <DefinitionAliases>
        <DefinitionAlias lang="en" />
        <DefinitionAlias lang="ja-JP">実際の排水流量　　０.00値はこの値がｾｯﾄされていないことを意味する　</DefinitionAlias>
      </DefinitionAliases>
    </PropertyDef>
    <PropertyDef ifdguid="178d75cb768444fdbc185c28511b6cd5">
      <Name>Complementaryfunction</Name>
      <Definition>Indicates the complementary function of the drain channel.</Definition>
      <PropertyType>
        <TypePropertyEnumeratedValue>
          <EnumList name="PEnum_ComplementaryWorks">
            <EnumItem>TRANSVERSAL_WATER_REMOVAL</EnumItem>
            <EnumItem>LIFTING_WATER_WELLS</EnumItem>
            <EnumItem>DISPERSING_WELLS</EnumItem>
            <EnumItem>OTHER</EnumItem>
            <EnumItem>NOTKNOWN</EnumItem>
            <EnumItem>NOTDEFINED</EnumItem>
          </EnumList>
          <ConstantList>
            <ConstantDef>
              <Name>TRANSVERSAL_WATER_REMOVAL</Name>
              <Definition>The drainage gutter has a transversal water removal function.</Definition>
              <NameAliases />
              <DefinitionAliases />
            </ConstantDef>
            <ConstantDef>
              <Name>LIFTING_WATER_WELLS</Name>
              <Definition>The drainage gutter has a lifting water function.</Definition>
              <NameAliases />
              <DefinitionAliases />
            </ConstantDef>
            <ConstantDef>
              <Name>DISPERSING_WELLS</Name>
              <Definition>The drainage gutter has a dispersing water function.</Definition>
              <NameAliases />
              <DefinitionAliases />
            </ConstantDef>
            <ConstantDef>
              <Name>OTHER</Name>
              <Definition>required category not on scale</Definition>
              <NameAliases>
                <NameAlias lang="en">(other)</NameAlias>
              </NameAliases>
              <DefinitionAliases>
                <DefinitionAlias lang="en">Value is not listed.</DefinitionAlias>
              </DefinitionAliases>
            </ConstantDef>
            <ConstantDef>
              <Name>NOTKNOWN</Name>
              <Definition>Value is unkown</Definition>
              <NameAliases>
                <NameAlias lang="en">(unknown)</NameAlias>
              </NameAliases>
              <DefinitionAliases>
                <DefinitionAlias lang="en">Value is unknown.</DefinitionAlias>
              </DefinitionAliases>
            </ConstantDef>
            <ConstantDef>
              <Name>NOTDEFINED</Name>
              <NameAliases>
                <NameAlias lang="en">Notdefined</NameAlias>
              </NameAliases>
              <DefinitionAliases />
            </ConstantDef>
          </ConstantList>
        </TypePropertyEnumeratedValue>
      </PropertyType>
      <NameAliases />
      <DefinitionAliases />
    </PropertyDef>
    <PropertyDef ifdguid="f3812e121d084202ad13fec8b5f314ef">
      <Name>OrthometricHeight</Name>
      <Definition>The orthometric height is the vertical distance H along the plumb line from a point of interest to a reference surface known as the geoid, the vertical datum that approximates mean sea level.</Definition>
      <PropertyType>
        <TypePropertySingleValue>
          <DataType type="IfcLengthMeasure" />
        </TypePropertySingleValue>
      </PropertyType>
      <NameAliases />
      <DefinitionAliases />
    </PropertyDef>
    <PropertyDef ifdguid="a2f796da3bd6449eb24788520117d5f5">
      <Name>IsCovered</Name>
      <Definition>This property defines if the drain channel has a cover (TRUE) or not (FALSE).</Definition>
      <PropertyType>
        <TypePropertySingleValue>
          <DataType type="IfcBoolean" />
        </TypePropertySingleValue>
      </PropertyType>
      <NameAliases />
      <DefinitionAliases />
    </PropertyDef>
    <PropertyDef ifdguid="d442d0193a4c444081a814de8edfe895">
      <Name>IsMonitored</Name>
      <Definition>This property defines if the Drain Chanel is monitored (TRUE) or not (FALSE).</Definition>
      <PropertyType>
        <TypePropertySingleValue>
          <DataType type="IfcBoolean" />
        </TypePropertySingleValue>
      </PropertyType>
      <NameAliases />
      <DefinitionAliases />
    </PropertyDef>
  </PropertyDefs>
  <PsetDefinitionAliases>
    <PsetDefinitionAlias lang="en" />
  </PsetDefinitionAliases>
</PropertySetDef>