<?xml version="1.0" encoding="utf-8"?>
<PropertySetDef xmlns:xsi="http://www.w3.org/2001/XMLSchema-instance" xmlns:xsd="http://www.w3.org/2001/XMLSchema" ifdguid="b377ff76f12a4bcb83453288b8f0035d" templatetype="PSET_OCCURRENCEDRIVEN" xsi:noNamespaceSchemaLocation="http://buildingSMART-tech.org/xml/psd/PSD_IFC4.xsd" xmlns="http://buildingSMART-tech.org/xml/psd/PSD_IFC4.xsd">
  <IfcVersion version="IFC4X4" />
  <Name>Pset_InSituTestCommon</Name>
  <Definition>Properties in common for in-situ tests in soil or rock.</Definition>
  <Applicability />
  <ApplicableClasses>
    <ClassName>IfcGeoScienceObservation/INSITUTESTRESULT</ClassName>
  </ApplicableClasses>
  <ApplicableTypeValue>IfcGeoScienceObservation/INSITUTESTRESULT</ApplicableTypeValue>
  <PropertyDefs>
    <PropertyDef ifdguid="a344447b3cc74205a8e6ed1160f302b2">
      <Name>DepthRange</Name>
      <Definition>The depth range where the test was performed.</Definition>
      <PropertyType>
        <TypePropertyBoundedValue>
          <DataType type="IfcNonNegativeLengthMeasure" />
        </TypePropertyBoundedValue>
      </PropertyType>
      <NameAliases />
      <DefinitionAliases />
    </PropertyDef>
    <PropertyDef ifdguid="b207ebbf5ea64f7f9d0c31b19060ffc0">
      <Name>TestMethod</Name>
      <Definition>The test method used.</Definition>
      <PropertyType>
        <TypePropertySingleValue>
          <DataType type="IfcLabel" />
        </TypePropertySingleValue>
      </PropertyType>
      <NameAliases />
      <DefinitionAliases />
    </PropertyDef>
    <PropertyDef ifdguid="25e948630bee4ec1b39008364251f1aa">
      <Name>TestType</Name>
      <Definition>The test type.</Definition>
      <PropertyType>
        <TypePropertySingleValue>
          <DataType type="IfcLabel" />
        </TypePropertySingleValue>
      </PropertyType>
      <NameAliases />
      <DefinitionAliases />
    </PropertyDef>
  </PropertyDefs>
  <PsetDefinitionAliases />
</PropertySetDef>