<?xml version="1.0" encoding="utf-8"?>
<PropertySetDef xmlns:xsi="http://www.w3.org/2001/XMLSchema-instance" xmlns:xsd="http://www.w3.org/2001/XMLSchema" ifdguid="922c8f0c2cb9423cb6cbb013b28e0705" templatetype="PSET_TYPEDRIVENOVERRIDE" xsi:noNamespaceSchemaLocation="http://buildingSMART-tech.org/xml/psd/PSD_IFC4.xsd" xmlns="http://buildingSMART-tech.org/xml/psd/PSD_IFC4.xsd">
  <IfcVersion version="IFC4X4" />
  <Name>Pset_UnitaryControlElementTypeThermostat</Name>
  <Definition>Unitary control element type thermostat attributes. HISTORY: Added in IFC4.</Definition>
  <Applicability />
  <ApplicableClasses>
    <ClassName>IfcUnitaryControlElement/THERMOSTAT</ClassName>
  </ApplicableClasses>
  <ApplicableTypeValue>IfcUnitaryControlElement/THERMOSTAT</ApplicableTypeValue>
  <PropertyDefs>
    <PropertyDef ifdguid="d7fa24cb5a1e44d79fd980d7b999ca69">
      <Name>TemperatureSetPoint</Name>
      <Definition>The temperature setpoint range and default setpoint.</Definition>
      <PropertyType>
        <TypePropertyBoundedValue>
          <DataType type="IfcThermodynamicTemperatureMeasure" />
        </TypePropertyBoundedValue>
      </PropertyType>
      <NameAliases />
      <DefinitionAliases />
    </PropertyDef>
  </PropertyDefs>
  <PsetDefinitionAliases>
    <PsetDefinitionAlias lang="en" />
  </PsetDefinitionAliases>
</PropertySetDef>