<?xml version="1.0" encoding="utf-8"?>
<PropertySetDef xmlns:xsi="http://www.w3.org/2001/XMLSchema-instance" xmlns:xsd="http://www.w3.org/2001/XMLSchema" ifdguid="d30c4f80d20e11e1800000215ad4efdf" templatetype="PSET_TYPEDRIVENOVERRIDE" xsi:noNamespaceSchemaLocation="http://buildingSMART-tech.org/xml/psd/PSD_IFC4.xsd" xmlns="http://buildingSMART-tech.org/xml/psd/PSD_IFC4.xsd">
  <IfcVersion version="IFC4X4" />
  <Name>Pset_SwitchingDeviceTypeToggleSwitch</Name>
  <Definition>A toggle switch is a switch that enables or isolates electrical power through a two position on/off action.  HISTORY: SetPoint added in IFC4.</Definition>
  <Applicability />
  <ApplicableClasses>
    <ClassName>IfcSwitchingDevice/TOGGLESWITCH</ClassName>
  </ApplicableClasses>
  <ApplicableTypeValue>IfcSwitchingDevice/TOGGLESWITCH</ApplicableTypeValue>
  <PropertyDefs>
    <PropertyDef ifdguid="d9023080d20e11e1800000215ad4efdf">
      <Name>ToggleSwitchType</Name>
      <Definition>A list of the available types of toggle switch from which that required may be selected.</Definition>
      <PropertyType>
        <TypePropertyEnumeratedValue>
          <EnumList name="PEnum_SwitchingDeviceToggleSwitchType">
            <EnumItem>BREAKGLASS</EnumItem>
            <EnumItem>CHANGEOVER</EnumItem>
            <EnumItem>KEYOPERATED</EnumItem>
            <EnumItem>MANUALPULL</EnumItem>
            <EnumItem>PUSHBUTTON</EnumItem>
            <EnumItem>PULLCORD</EnumItem>
            <EnumItem>ROCKER</EnumItem>
            <EnumItem>SELECTOR</EnumItem>
            <EnumItem>TWIST</EnumItem>
            <EnumItem>OTHER</EnumItem>
            <EnumItem>NOTKNOWN</EnumItem>
            <EnumItem>UNSET</EnumItem>
          </EnumList>
          <ConstantList>
            <ConstantDef>
              <Name>BREAKGLASS</Name>
              <NameAliases>
                <NameAlias lang="en">Break Glass</NameAlias>
              </NameAliases>
              <DefinitionAliases />
            </ConstantDef>
            <ConstantDef>
              <Name>CHANGEOVER</Name>
              <NameAliases>
                <NameAlias lang="en">Changeover</NameAlias>
              </NameAliases>
              <DefinitionAliases />
            </ConstantDef>
            <ConstantDef>
              <Name>KEYOPERATED</Name>
              <NameAliases>
                <NameAlias lang="en">Key Operated</NameAlias>
              </NameAliases>
              <DefinitionAliases />
            </ConstantDef>
            <ConstantDef>
              <Name>MANUALPULL</Name>
              <NameAliases>
                <NameAlias lang="en">Manual Pull</NameAlias>
              </NameAliases>
              <DefinitionAliases />
            </ConstantDef>
            <ConstantDef>
              <Name>PUSHBUTTON</Name>
              <NameAliases>
                <NameAlias lang="en">Push Button</NameAlias>
              </NameAliases>
              <DefinitionAliases />
            </ConstantDef>
            <ConstantDef>
              <Name>PULLCORD</Name>
              <NameAliases>
                <NameAlias lang="en">Pull Cord</NameAlias>
              </NameAliases>
              <DefinitionAliases />
            </ConstantDef>
            <ConstantDef>
              <Name>ROCKER</Name>
              <NameAliases>
                <NameAlias lang="en">Rocker</NameAlias>
              </NameAliases>
              <DefinitionAliases />
            </ConstantDef>
            <ConstantDef>
              <Name>SELECTOR</Name>
              <NameAliases>
                <NameAlias lang="en">Selector</NameAlias>
              </NameAliases>
              <DefinitionAliases />
            </ConstantDef>
            <ConstantDef>
              <Name>TWIST</Name>
              <NameAliases>
                <NameAlias lang="en">Twist</NameAlias>
              </NameAliases>
              <DefinitionAliases />
            </ConstantDef>
            <ConstantDef>
              <Name>OTHER</Name>
              <Definition>required category not on scale</Definition>
              <NameAliases>
                <NameAlias lang="en">(other)</NameAlias>
              </NameAliases>
              <DefinitionAliases>
                <DefinitionAlias lang="en">Value is not listed.</DefinitionAlias>
              </DefinitionAliases>
            </ConstantDef>
            <ConstantDef>
              <Name>NOTKNOWN</Name>
              <Definition>Value is unkown</Definition>
              <NameAliases>
                <NameAlias lang="en">(unknown)</NameAlias>
              </NameAliases>
              <DefinitionAliases>
                <DefinitionAlias lang="en">Value is unknown.</DefinitionAlias>
              </DefinitionAliases>
            </ConstantDef>
            <ConstantDef>
              <Name>UNSET</Name>
              <Definition>Value has not been specified</Definition>
              <NameAliases>
                <NameAlias lang="en">(unset)</NameAlias>
              </NameAliases>
              <DefinitionAliases>
                <DefinitionAlias lang="en">Value has not been specified.</DefinitionAlias>
              </DefinitionAliases>
            </ConstantDef>
          </ConstantList>
        </TypePropertyEnumeratedValue>
      </PropertyType>
      <NameAliases>
        <NameAlias lang="en">Toggle Switch Type</NameAlias>
        <NameAlias lang="ja-JP">レバースイッチタイプ</NameAlias>
        <NameAlias lang="ko-KR">레버스위치 유형</NameAlias>
      </NameAliases>
      <DefinitionAliases>
        <DefinitionAlias lang="en" />
        <DefinitionAlias lang="ja-JP">選択が必要となる、トグルスイッチの一覧リスト。</DefinitionAlias>
        <DefinitionAlias lang="ko-KR">선택이 필요한 토글 스위치 목록</DefinitionAlias>
      </DefinitionAliases>
    </PropertyDef>
    <PropertyDef ifdguid="eddec400d20e11e1800000215ad4efdf">
      <Name>SwitchUsage</Name>
      <Definition>A list of the available usages for toggle switches from which that required may be selected.</Definition>
      <PropertyType>
        <TypePropertyEnumeratedValue>
          <EnumList name="PEnum_SwitchUsage">
            <EnumItem>EMERGENCY</EnumItem>
            <EnumItem>GUARD</EnumItem>
            <EnumItem>LIMIT</EnumItem>
            <EnumItem>START</EnumItem>
            <EnumItem>STOP</EnumItem>
            <EnumItem>OTHER</EnumItem>
            <EnumItem>NOTKNOWN</EnumItem>
            <EnumItem>UNSET</EnumItem>
          </EnumList>
          <ConstantList>
            <ConstantDef>
              <Name>EMERGENCY</Name>
              <NameAliases>
                <NameAlias lang="en">Emergency</NameAlias>
              </NameAliases>
              <DefinitionAliases />
            </ConstantDef>
            <ConstantDef>
              <Name>GUARD</Name>
              <NameAliases>
                <NameAlias lang="en">Guard</NameAlias>
              </NameAliases>
              <DefinitionAliases />
            </ConstantDef>
            <ConstantDef>
              <Name>LIMIT</Name>
              <NameAliases>
                <NameAlias lang="en">Limit</NameAlias>
              </NameAliases>
              <DefinitionAliases />
            </ConstantDef>
            <ConstantDef>
              <Name>START</Name>
              <NameAliases>
                <NameAlias lang="en">Start</NameAlias>
              </NameAliases>
              <DefinitionAliases />
            </ConstantDef>
            <ConstantDef>
              <Name>STOP</Name>
              <NameAliases>
                <NameAlias lang="en">Stop</NameAlias>
              </NameAliases>
              <DefinitionAliases />
            </ConstantDef>
            <ConstantDef>
              <Name>OTHER</Name>
              <Definition>required category not on scale</Definition>
              <NameAliases>
                <NameAlias lang="en">(other)</NameAlias>
              </NameAliases>
              <DefinitionAliases>
                <DefinitionAlias lang="en">Value is not listed.</DefinitionAlias>
              </DefinitionAliases>
            </ConstantDef>
            <ConstantDef>
              <Name>NOTKNOWN</Name>
              <Definition>Value is unkown</Definition>
              <NameAliases>
                <NameAlias lang="en">(unknown)</NameAlias>
              </NameAliases>
              <DefinitionAliases>
                <DefinitionAlias lang="en">Value is unknown.</DefinitionAlias>
              </DefinitionAliases>
            </ConstantDef>
            <ConstantDef>
              <Name>UNSET</Name>
              <Definition>Value has not been specified</Definition>
              <NameAliases>
                <NameAlias lang="en">(unset)</NameAlias>
              </NameAliases>
              <DefinitionAliases>
                <DefinitionAlias lang="en">Value has not been specified.</DefinitionAlias>
              </DefinitionAliases>
            </ConstantDef>
          </ConstantList>
        </TypePropertyEnumeratedValue>
      </PropertyType>
      <NameAliases>
        <NameAlias lang="en">Switch Usage</NameAlias>
        <NameAlias lang="ja-JP">スイッチの使用法</NameAlias>
        <NameAlias lang="ko-KR">스위치 사용</NameAlias>
      </NameAliases>
      <DefinitionAliases>
        <DefinitionAlias lang="en" />
        <DefinitionAlias lang="ja-JP">選択が必要となる、トグルスイッチの使用法の一覧リスト。</DefinitionAlias>
        <DefinitionAlias lang="ko-KR">선택이 필요한 토글 스위치 사용목록</DefinitionAlias>
      </DefinitionAliases>
    </PropertyDef>
    <PropertyDef ifdguid="fdf6a380d20e11e1800000215ad4efdf">
      <Name>SwitchActivation</Name>
      <Definition>A list of the available activations for toggle switches from which that required may be selected.</Definition>
      <PropertyType>
        <TypePropertyEnumeratedValue>
          <EnumList name="PEnum_SwitchActivation">
            <EnumItem>ACTUATOR</EnumItem>
            <EnumItem>FOOT</EnumItem>
            <EnumItem>HAND</EnumItem>
            <EnumItem>PROXIMITY</EnumItem>
            <EnumItem>SOUND</EnumItem>
            <EnumItem>TWOHAND</EnumItem>
            <EnumItem>WIRE</EnumItem>
            <EnumItem>OTHER</EnumItem>
            <EnumItem>NOTKNOWN</EnumItem>
            <EnumItem>UNSET</EnumItem>
          </EnumList>
          <ConstantList>
            <ConstantDef>
              <Name>ACTUATOR</Name>
              <NameAliases>
                <NameAlias lang="en">Actuator</NameAlias>
              </NameAliases>
              <DefinitionAliases />
            </ConstantDef>
            <ConstantDef>
              <Name>FOOT</Name>
              <NameAliases>
                <NameAlias lang="en">Foot</NameAlias>
              </NameAliases>
              <DefinitionAliases />
            </ConstantDef>
            <ConstantDef>
              <Name>HAND</Name>
              <NameAliases>
                <NameAlias lang="en">Hand</NameAlias>
              </NameAliases>
              <DefinitionAliases />
            </ConstantDef>
            <ConstantDef>
              <Name>PROXIMITY</Name>
              <NameAliases>
                <NameAlias lang="en">Proximity</NameAlias>
              </NameAliases>
              <DefinitionAliases />
            </ConstantDef>
            <ConstantDef>
              <Name>SOUND</Name>
              <NameAliases>
                <NameAlias lang="en">Sound</NameAlias>
              </NameAliases>
              <DefinitionAliases />
            </ConstantDef>
            <ConstantDef>
              <Name>TWOHAND</Name>
              <NameAliases>
                <NameAlias lang="en">Two Hand</NameAlias>
              </NameAliases>
              <DefinitionAliases />
            </ConstantDef>
            <ConstantDef>
              <Name>WIRE</Name>
              <NameAliases>
                <NameAlias lang="en">Wire</NameAlias>
              </NameAliases>
              <DefinitionAliases />
            </ConstantDef>
            <ConstantDef>
              <Name>OTHER</Name>
              <Definition>required category not on scale</Definition>
              <NameAliases>
                <NameAlias lang="en">(other)</NameAlias>
              </NameAliases>
              <DefinitionAliases>
                <DefinitionAlias lang="en">Value is not listed.</DefinitionAlias>
              </DefinitionAliases>
            </ConstantDef>
            <ConstantDef>
              <Name>NOTKNOWN</Name>
              <Definition>Value is unkown</Definition>
              <NameAliases>
                <NameAlias lang="en">(unknown)</NameAlias>
              </NameAliases>
              <DefinitionAliases>
                <DefinitionAlias lang="en">Value is unknown.</DefinitionAlias>
              </DefinitionAliases>
            </ConstantDef>
            <ConstantDef>
              <Name>UNSET</Name>
              <Definition>Value has not been specified</Definition>
              <NameAliases>
                <NameAlias lang="en">(unset)</NameAlias>
              </NameAliases>
              <DefinitionAliases>
                <DefinitionAlias lang="en">Value has not been specified.</DefinitionAlias>
              </DefinitionAliases>
            </ConstantDef>
          </ConstantList>
        </TypePropertyEnumeratedValue>
      </PropertyType>
      <NameAliases>
        <NameAlias lang="en">Switch Activation</NameAlias>
        <NameAlias lang="ja-JP">起動方式</NameAlias>
        <NameAlias lang="ko-KR">기동 방식</NameAlias>
      </NameAliases>
      <DefinitionAliases>
        <DefinitionAlias lang="en" />
        <DefinitionAlias lang="ja-JP">選択が必要となる、トグルスイッチの起動方式の一覧リスト。</DefinitionAlias>
        <DefinitionAlias lang="ko-KR">선택이 필요한 토글 스위치 부팅 방식의 목록</DefinitionAlias>
      </DefinitionAliases>
    </PropertyDef>
  </PropertyDefs>
  <PsetDefinitionAliases>
    <PsetDefinitionAlias lang="en" />
    <PsetDefinitionAlias lang="ja-JP">トグルスイッチとはON、OFFの２つのポジションの動作で、電力を接続したり遮断したりするスイッチである。 
履歴： IFC4 に SetPoint を追加。</PsetDefinitionAlias>
  </PsetDefinitionAliases>
</PropertySetDef>