<?xml version="1.0" encoding="utf-8"?>
<PropertySetDef xmlns:xsi="http://www.w3.org/2001/XMLSchema-instance" xmlns:xsd="http://www.w3.org/2001/XMLSchema" ifdguid="77bd6b80d1d411e1800000215ad4efdf" templatetype="PSET_TYPEDRIVENOVERRIDE" xsi:noNamespaceSchemaLocation="http://buildingSMART-tech.org/xml/psd/PSD_IFC4.xsd" xmlns="http://buildingSMART-tech.org/xml/psd/PSD_IFC4.xsd">
  <IfcVersion version="IFC4X4" />
  <Name>Pset_DistributionChamberElementTypeTrench</Name>
  <Definition>Excavation, the length of which greatly exceeds the width.</Definition>
  <Applicability />
  <ApplicableClasses>
    <ClassName>IfcDistributionChamberElement/TRENCH</ClassName>
  </ApplicableClasses>
  <ApplicableTypeValue>IfcDistributionChamberElement/TRENCH</ApplicableTypeValue>
  <PropertyDefs>
    <PropertyDef ifdguid="7d1ab600d1d411e1800000215ad4efdf">
      <Name>Width</Name>
      <Definition>The width of the trench.</Definition>
      <PropertyType>
        <TypePropertySingleValue>
          <DataType type="IfcPositiveLengthMeasure" />
        </TypePropertySingleValue>
      </PropertyType>
      <NameAliases>
        <NameAlias lang="en">Width</NameAlias>
        <NameAlias lang="ja-JP">長さ</NameAlias>
        <NameAlias lang="ko-KR">길이</NameAlias>
      </NameAliases>
      <DefinitionAliases>
        <DefinitionAlias lang="en" />
        <DefinitionAlias lang="ja-JP">溝の長さ。</DefinitionAlias>
        <DefinitionAlias lang="ko-KR">홈의 길이</DefinitionAlias>
      </DefinitionAliases>
    </PropertyDef>
    <PropertyDef ifdguid="83a92d80d1d411e1800000215ad4efdf">
      <Name>Depth</Name>
      <Definition>The depth of the trench.</Definition>
      <PropertyType>
        <TypePropertySingleValue>
          <DataType type="IfcPositiveLengthMeasure" />
        </TypePropertySingleValue>
      </PropertyType>
      <NameAliases>
        <NameAlias lang="en">Depth</NameAlias>
        <NameAlias lang="ja-JP">幅</NameAlias>
        <NameAlias lang="ko-KR">폭</NameAlias>
      </NameAliases>
      <DefinitionAliases>
        <DefinitionAlias lang="en" />
        <DefinitionAlias lang="ja-JP">溝の幅。</DefinitionAlias>
        <DefinitionAlias lang="ko-KR">홈의 폭</DefinitionAlias>
      </DefinitionAliases>
    </PropertyDef>
    <PropertyDef ifdguid="899f0e80d1d411e1800000215ad4efdf">
      <Name>InvertLevel</Name>
      <Definition>Level of the lowest part of the cross section as measured from ground level.</Definition>
      <PropertyType>
        <TypePropertySingleValue>
          <DataType type="IfcLengthMeasure" />
        </TypePropertySingleValue>
      </PropertyType>
      <NameAliases>
        <NameAlias lang="en">Invert Level</NameAlias>
        <NameAlias lang="ja-JP">最大深さ</NameAlias>
        <NameAlias lang="ko-KR">최대 깊이</NameAlias>
      </NameAliases>
      <DefinitionAliases>
        <DefinitionAlias lang="en" />
        <DefinitionAlias lang="ja-JP">断面の最も低い部分の深さ（地面から）。</DefinitionAlias>
        <DefinitionAlias lang="ko-KR">단면의 가장 낮은 부분의 깊이 (지상)</DefinitionAlias>
      </DefinitionAliases>
    </PropertyDef>
  </PropertyDefs>
  <PsetDefinitionAliases>
    <PsetDefinitionAlias lang="en" />
    <PsetDefinitionAlias lang="ja-JP">チャンバーの溝（長さは幅より長い）に関する属性情報。</PsetDefinitionAlias>
  </PsetDefinitionAliases>
</PropertySetDef>