<?xml version="1.0" encoding="utf-8"?>
<PropertySetDef xmlns:xsi="http://www.w3.org/2001/XMLSchema-instance" xmlns:xsd="http://www.w3.org/2001/XMLSchema" ifdguid="61aeab80d1d211e1800000215ad4efdf" templatetype="PSET_TYPEDRIVENOVERRIDE" xsi:noNamespaceSchemaLocation="http://buildingSMART-tech.org/xml/psd/PSD_IFC4.xsd" xmlns="http://buildingSMART-tech.org/xml/psd/PSD_IFC4.xsd">
  <IfcVersion version="IFC4X4" />
  <Name>Pset_DiscreteAccessoryDiagonalTrussConnector</Name>
  <Definition>Shape properties specific to connecting accessories in truss form with diagonal cross-bars.</Definition>
  <Applicability />
  <ApplicableClasses>
    <ClassName>IfcDiscreteAccessory/Diagonal truss connector</ClassName>
  </ApplicableClasses>
  <ApplicableTypeValue>IfcDiscreteAccessory/Diagonal truss connector</ApplicableTypeValue>
  <PropertyDefs>
    <PropertyDef ifdguid="67a48c80d1d211e1800000215ad4efdf">
      <Name>DiagonalTrussHeight</Name>
      <Definition>The overall height of the truss connector.</Definition>
      <PropertyType>
        <TypePropertySingleValue>
          <DataType type="IfcPositiveLengthMeasure" />
        </TypePropertySingleValue>
      </PropertyType>
      <NameAliases>
        <NameAlias lang="en">Diagonal Truss Height</NameAlias>
        <NameAlias lang="ja-JP">全体高さ</NameAlias>
        <NameAlias lang="ko-KR">전체 높이</NameAlias>
      </NameAliases>
      <DefinitionAliases>
        <DefinitionAlias lang="en" />
        <DefinitionAlias lang="ja-JP">トラス接続部材の全体の高さ。</DefinitionAlias>
        <DefinitionAlias lang="ko-KR">트러스 연결 부재의 전체 높이</DefinitionAlias>
      </DefinitionAliases>
    </PropertyDef>
    <PropertyDef ifdguid="6d01d700d1d211e1800000215ad4efdf">
      <Name>DiagonalTrussLength</Name>
      <Definition>The overall length of the truss connector.</Definition>
      <PropertyType>
        <TypePropertySingleValue>
          <DataType type="IfcPositiveLengthMeasure" />
        </TypePropertySingleValue>
      </PropertyType>
      <NameAliases>
        <NameAlias lang="en">Diagonal Truss Length</NameAlias>
        <NameAlias lang="ja-JP">全体長さ</NameAlias>
        <NameAlias lang="ko-KR">전체 길이</NameAlias>
      </NameAliases>
      <DefinitionAliases>
        <DefinitionAlias lang="en" />
        <DefinitionAlias lang="ja-JP">トラス接続部材の全体の長さ。</DefinitionAlias>
        <DefinitionAlias lang="ko-KR">트러스 연결 부재의 전체 길이</DefinitionAlias>
      </DefinitionAliases>
    </PropertyDef>
    <PropertyDef ifdguid="71c68b00d1d211e1800000215ad4efdf">
      <Name>DiagonalTrussCrossBarSpacing</Name>
      <Definition>The spacing between diagonal cross-bar sections.</Definition>
      <PropertyType>
        <TypePropertySingleValue>
          <DataType type="IfcPositiveLengthMeasure" />
        </TypePropertySingleValue>
      </PropertyType>
      <NameAliases>
        <NameAlias lang="en">Diagonal Truss Cross Bar Spacing</NameAlias>
        <NameAlias lang="ja-JP">クロスバー間隔</NameAlias>
        <NameAlias lang="ko-KR">크로스바 간격</NameAlias>
      </NameAliases>
      <DefinitionAliases>
        <DefinitionAlias lang="en" />
        <DefinitionAlias lang="ja-JP">斜めのクロスバーの間隔。</DefinitionAlias>
        <DefinitionAlias lang="ko-KR">대각선 크로스바 간격</DefinitionAlias>
      </DefinitionAliases>
    </PropertyDef>
    <PropertyDef ifdguid="7723d580d1d211e1800000215ad4efdf">
      <Name>DiagonalTrussBaseBarDiameter</Name>
      <Definition>The nominal diameter of the base bar.</Definition>
      <PropertyType>
        <TypePropertySingleValue>
          <DataType type="IfcPositiveLengthMeasure" />
        </TypePropertySingleValue>
      </PropertyType>
      <NameAliases>
        <NameAlias lang="en">Diagonal Truss Base Bar Diameter</NameAlias>
        <NameAlias lang="ja-JP">ベースバー径</NameAlias>
        <NameAlias lang="ko-KR">기반 막대 지름</NameAlias>
      </NameAliases>
      <DefinitionAliases>
        <DefinitionAlias lang="en" />
        <DefinitionAlias lang="ja-JP">ベースバーの公称直径。</DefinitionAlias>
        <DefinitionAlias lang="ko-KR">기반 막대의 공칭 지름</DefinitionAlias>
      </DefinitionAliases>
    </PropertyDef>
    <PropertyDef ifdguid="7c812000d1d211e1800000215ad4efdf">
      <Name>DiagonalTrussSecondaryBarDiameter</Name>
      <Definition>The nominal diameter of the secondary bar.</Definition>
      <PropertyType>
        <TypePropertySingleValue>
          <DataType type="IfcPositiveLengthMeasure" />
        </TypePropertySingleValue>
      </PropertyType>
      <NameAliases>
        <NameAlias lang="en">Diagonal Truss Secondary Bar Diameter</NameAlias>
        <NameAlias lang="ja-JP">二次バー径</NameAlias>
        <NameAlias lang="ko-KR">보조 막대 지름</NameAlias>
      </NameAliases>
      <DefinitionAliases>
        <DefinitionAlias lang="en" />
        <DefinitionAlias lang="ja-JP">二次バーの公称直径。</DefinitionAlias>
        <DefinitionAlias lang="ko-KR">보조 막대의 공칭 지름</DefinitionAlias>
      </DefinitionAliases>
    </PropertyDef>
    <PropertyDef ifdguid="81de6a80d1d211e1800000215ad4efdf">
      <Name>DiagonalTrussCrossBarDiameter</Name>
      <Definition>The nominal diameter of the diagonal cross-bars.</Definition>
      <PropertyType>
        <TypePropertySingleValue>
          <DataType type="IfcPositiveLengthMeasure" />
        </TypePropertySingleValue>
      </PropertyType>
      <NameAliases>
        <NameAlias lang="en">Diagonal Truss Cross Bar Diameter</NameAlias>
        <NameAlias lang="ja-JP">クロスバー径</NameAlias>
        <NameAlias lang="ko-KR">크로스바 지름</NameAlias>
      </NameAliases>
      <DefinitionAliases>
        <DefinitionAlias lang="en" />
        <DefinitionAlias lang="ja-JP">斜めクロスバーの公称直径。</DefinitionAlias>
        <DefinitionAlias lang="ko-KR">대각선 크로스바 공칭 지름</DefinitionAlias>
      </DefinitionAliases>
    </PropertyDef>
  </PropertyDefs>
  <PsetDefinitionAliases>
    <PsetDefinitionAlias lang="en" />
    <PsetDefinitionAlias lang="ja-JP">斜めのクロスバーを使って接続したトラスの形状定義。</PsetDefinitionAlias>
  </PsetDefinitionAliases>
</PropertySetDef>