<?xml version="1.0" encoding="utf-8"?>
<PropertySetDef xmlns:xsi="http://www.w3.org/2001/XMLSchema-instance" xmlns:xsd="http://www.w3.org/2001/XMLSchema" ifdguid="1cdc11edd92c47e68f1cfc94d7d4430e" xsi:noNamespaceSchemaLocation="http://buildingSMART-tech.org/xml/psd/PSD_IFC4.xsd" xmlns="http://buildingSMART-tech.org/xml/psd/PSD_IFC4.xsd">
  <IfcVersion version="IFC4X4" />
  <Name>Pset_GroundReinforcementElementTypePlate</Name>
  <Definition>Properties for ground reinforcement elements of type PLATE.</Definition>
  <Applicability />
  <ApplicableClasses>
    <ClassName>IfcGroundReinforcementElement/PLATE</ClassName>
  </ApplicableClasses>
  <ApplicableTypeValue>IfcGroundReinforcementElement/PLATE</ApplicableTypeValue>
  <PropertyDefs>
    <PropertyDef ifdguid="076d1500d1e911e1800000215ad4efdf">
      <Name>NominalLength</Name>
      <Definition>The nominal overall length of the object. The size information is provided in addition to the shape representation and the geometric parameters used within. In case of inconsistency between the geometric parameters and the size properties, provided in the attached property set, the geometric parameters take precedence.</Definition>
      <PropertyType>
        <TypePropertySingleValue>
          <DataType type="IfcNonNegativeLengthMeasure" />
        </TypePropertySingleValue>
      </PropertyType>
      <NameAliases>
        <NameAlias lang="en">Nominal Length</NameAlias>
      </NameAliases>
      <DefinitionAliases>
        <DefinitionAlias lang="en" />
      </DefinitionAliases>
    </PropertyDef>
    <PropertyDef ifdguid="6cf48d3d336e4eb0acdf9bdf68db0d60">
      <Name>NominalWidth</Name>
      <Definition>Nominal or quoted width of the object.</Definition>
      <PropertyType>
        <TypePropertySingleValue>
          <DataType type="IfcPositiveLengthMeasure" />
        </TypePropertySingleValue>
      </PropertyType>
      <NameAliases />
      <DefinitionAliases />
    </PropertyDef>
    <PropertyDef ifdguid="9aa93573818943ee9e7ad7e898fddfae">
      <Name>NominalThickness</Name>
      <Definition>The nominal thickness of the object. The size information is provided in addition to the shape representation and the geometric parameters used within. In case of inconsistency between the geometric parameters and the size properties, provided in the attached property set, the geometric parameters take precedence.</Definition>
      <PropertyType>
        <TypePropertySingleValue>
          <DataType type="IfcNonNegativeLengthMeasure" />
        </TypePropertySingleValue>
      </PropertyType>
      <NameAliases>
        <NameAlias lang="en">Nominal Thickness</NameAlias>
      </NameAliases>
      <DefinitionAliases>
        <DefinitionAlias lang="en">The nominal wall thickness of the duct at the connection point.</DefinitionAlias>
      </DefinitionAliases>
    </PropertyDef>
  </PropertyDefs>
  <PsetDefinitionAliases />
</PropertySetDef>