<?xml version="1.0" encoding="utf-8"?>
<PropertySetDef xmlns:xsi="http://www.w3.org/2001/XMLSchema-instance" xmlns:xsd="http://www.w3.org/2001/XMLSchema" ifdguid="4ab2a15067674090b54aa91ccf4928c6" templatetype="PSET_TYPEDRIVENOVERRIDE" xsi:noNamespaceSchemaLocation="http://buildingSMART-tech.org/xml/psd/PSD_IFC4.xsd" xmlns="http://buildingSMART-tech.org/xml/psd/PSD_IFC4.xsd">
  <IfcVersion version="IFC4X4" />
  <Name>Pset_SensorTypeCO2Sensor</Name>
  <Definition>A device that senses or detects carbon dioxide.</Definition>
  <Applicability />
  <ApplicableClasses>
    <ClassName>IfcSensor/CO2SENSOR</ClassName>
  </ApplicableClasses>
  <ApplicableTypeValue>IfcSensor/CO2SENSOR</ApplicableTypeValue>
  <PropertyDefs>
    <PropertyDef ifdguid="e4ab0c98841748269c10ddef20bb5aa9">
      <Name>SetPointConcentration</Name>
      <Definition>The carbon dioxide concentration to be sensed. Use IfcPropertyBoundedValue.SetPointValue to set the set point value.</Definition>
      <PropertyType>
        <TypePropertyBoundedValue>
          <DataType type="IfcPositiveRatioMeasure" />
        </TypePropertyBoundedValue>
      </PropertyType>
      <NameAliases>
        <NameAlias lang="en">Set Point Concentration</NameAlias>
      </NameAliases>
      <DefinitionAliases>
        <DefinitionAlias lang="en" />
      </DefinitionAliases>
    </PropertyDef>
  </PropertyDefs>
  <PsetDefinitionAliases>
    <PsetDefinitionAlias lang="en" />
  </PsetDefinitionAliases>
</PropertySetDef>