<?xml version="1.0" encoding="utf-8"?>
<PropertySetDef xmlns:xsi="http://www.w3.org/2001/XMLSchema-instance" xmlns:xsd="http://www.w3.org/2001/XMLSchema" ifdguid="4f7b441b679c4febac404cf848cbc2c1" templatetype="PSET_OCCURRENCEDRIVEN" xsi:noNamespaceSchemaLocation="http://buildingSMART-tech.org/xml/psd/PSD_IFC4.xsd" xmlns="http://buildingSMART-tech.org/xml/psd/PSD_IFC4.xsd">
  <IfcVersion version="IFC4X4" />
  <Name>Pset_AlignmentCantSegmentCommon</Name>
  <Definition>Properties common to the definition of all instances of alignment cant segment.</Definition>
  <Applicability />
  <ApplicableClasses>
    <ClassName>IfcAlignmentSegment</ClassName>
  </ApplicableClasses>
  <ApplicableTypeValue>IfcAlignmentSegment</ApplicableTypeValue>
  <PropertyDefs>
    <PropertyDef ifdguid="9480d64eb62644f999ccd8978ebf680a">
      <Name>CantDeficiency</Name>
      <Definition>Difference between applied cant and a higher equilibrium cant.</Definition>
      <PropertyType>
        <TypePropertySingleValue>
          <DataType type="IfcLengthMeasure" />
        </TypePropertySingleValue>
      </PropertyType>
      <NameAliases />
      <DefinitionAliases />
    </PropertyDef>
    <PropertyDef ifdguid="c070d9a85cbd4634b277a695ed964e15">
      <Name>CantEquilibrium</Name>
      <Definition>Cant at a particular speed at which the vehicle will have a resultant force perpendicular to the running plane.</Definition>
      <PropertyType>
        <TypePropertySingleValue>
          <DataType type="IfcLengthMeasure" />
        </TypePropertySingleValue>
      </PropertyType>
      <NameAliases />
      <DefinitionAliases />
    </PropertyDef>
    <PropertyDef ifdguid="0166ccf67e3d496886aae89f945a93df">
      <Name>StartSmoothingLength</Name>
      <Definition>Length for the circular transition change of curvature at the start of the cant segment, measured from the start of the cant segment to the end of the circular transition change of curvature.</Definition>
      <PropertyType>
        <TypePropertySingleValue>
          <DataType type="IfcPositiveLengthMeasure" />
        </TypePropertySingleValue>
      </PropertyType>
      <NameAliases />
      <DefinitionAliases />
    </PropertyDef>
    <PropertyDef ifdguid="8edd3209e8aa4da996a9c4c5f2eee5c6">
      <Name>EndSmoothingLength</Name>
      <Definition>Length for the circular transition change of curvature at the end of the cant segment, measured from the start of the circular transition change of curvature to the end of the cant segment.</Definition>
      <PropertyType>
        <TypePropertySingleValue>
          <DataType type="IfcPositiveLengthMeasure" />
        </TypePropertySingleValue>
      </PropertyType>
      <NameAliases />
      <DefinitionAliases />
    </PropertyDef>
  </PropertyDefs>
  <PsetDefinitionAliases />
</PropertySetDef>