<?xml version="1.0" encoding="utf-8"?>
<PropertySetDef xmlns:xsi="http://www.w3.org/2001/XMLSchema-instance" xmlns:xsd="http://www.w3.org/2001/XMLSchema" ifdguid="d6ec5cd4d162436d95f06cbfcc65e75a" templatetype="PSET_TYPEDRIVENOVERRIDE" xsi:noNamespaceSchemaLocation="http://buildingSMART-tech.org/xml/psd/PSD_IFC4.xsd" xmlns="http://buildingSMART-tech.org/xml/psd/PSD_IFC4.xsd">
  <IfcVersion version="IFC4X4" />
  <Name>Pset_FenderDesignCriteria</Name>
  <Definition>Properties common to the definition of design criteria of all occurrences of  _IfcImpactProtectionDevice_ and types of _IfcImpactProtectionDeviceType_ with the predefined type set to FENDER.</Definition>
  <Applicability />
  <ApplicableClasses>
    <ClassName>IfcSpace/BERTH</ClassName>
  </ApplicableClasses>
  <ApplicableTypeValue>IfcSpace/BERTH</ApplicableTypeValue>
  <PropertyDefs>
    <PropertyDef ifdguid="97baf3b1244a4a2a9a5268b8b68b18cd">
      <Name>CoefficientOfFriction</Name>
      <Definition>Coefficient of friction value for the fender</Definition>
      <PropertyType>
        <TypePropertySingleValue>
          <DataType type="IfcPositiveRatioMeasure" />
        </TypePropertySingleValue>
      </PropertyType>
      <NameAliases />
      <DefinitionAliases />
    </PropertyDef>
    <PropertyDef ifdguid="584c11f8a9a8400cb9c47114b2e86c05">
      <Name>EnergyAbsorptionTolerance</Name>
      <Definition>Manufacturing tolerance on energy absorption</Definition>
      <PropertyType>
        <TypePropertySingleValue>
          <DataType type="IfcPositiveRatioMeasure" />
        </TypePropertySingleValue>
      </PropertyType>
      <NameAliases />
      <DefinitionAliases />
    </PropertyDef>
    <PropertyDef ifdguid="19c34ea975464d20acaa40382d72490e">
      <Name>MaxReactionTolerance</Name>
      <Definition>Manufacturing tolerance on maximum reaction at fender support.</Definition>
      <PropertyType>
        <TypePropertySingleValue>
          <DataType type="IfcPositiveRatioMeasure" />
        </TypePropertySingleValue>
      </PropertyType>
      <NameAliases />
      <DefinitionAliases />
    </PropertyDef>
    <PropertyDef ifdguid="dac95fda84904346b6cd9931990cd218">
      <Name>MaximumTemperatureFactor</Name>
      <Definition>Deviation in performance due to maximum design temperature</Definition>
      <PropertyType>
        <TypePropertySingleValue>
          <DataType type="IfcPositiveRatioMeasure" />
        </TypePropertySingleValue>
      </PropertyType>
      <NameAliases />
      <DefinitionAliases />
    </PropertyDef>
    <PropertyDef ifdguid="0c97c89ab51346aba80052fdba6f7477">
      <Name>MinimumTemperatureFactor</Name>
      <Definition>Deviation in performance due to minimum design temperature</Definition>
      <PropertyType>
        <TypePropertySingleValue>
          <DataType type="IfcPositiveRatioMeasure" />
        </TypePropertySingleValue>
      </PropertyType>
      <NameAliases />
      <DefinitionAliases />
    </PropertyDef>
    <PropertyDef ifdguid="4071b741916e45eba6ec1394129ce3c3">
      <Name>VelocityFactorEnergy</Name>
      <Definition>Deviation in energy absorption performance due to strain rate</Definition>
      <PropertyType>
        <TypePropertySingleValue>
          <DataType type="IfcPositiveRatioMeasure" />
        </TypePropertySingleValue>
      </PropertyType>
      <NameAliases />
      <DefinitionAliases />
    </PropertyDef>
    <PropertyDef ifdguid="903492d9dff846e8be5d143a4e276481">
      <Name>VelocityFactorReaction</Name>
      <Definition>Deviation in reaction due to strain rate</Definition>
      <PropertyType>
        <TypePropertySingleValue>
          <DataType type="IfcPositiveRatioMeasure" />
        </TypePropertySingleValue>
      </PropertyType>
      <NameAliases />
      <DefinitionAliases />
    </PropertyDef>
    <PropertyDef ifdguid="e63a1a3884e64e38bcda8a508392395f">
      <Name>EnergyAbsorption </Name>
      <Definition>Energy absorption capacity of the element.</Definition>
      <PropertyType>
        <TypePropertySingleValue>
          <DataType type="IfcEnergyMeasure" />
        </TypePropertySingleValue>
      </PropertyType>
      <NameAliases />
      <DefinitionAliases />
    </PropertyDef>
    <PropertyDef ifdguid="520740867e694162b1ede81854827ecf">
      <Name>MaxReaction</Name>
      <Definition>Maximum reaction from the element</Definition>
      <PropertyType>
        <TypePropertySingleValue>
          <DataType type="IfcForceMeasure" />
        </TypePropertySingleValue>
      </PropertyType>
      <NameAliases />
      <DefinitionAliases />
    </PropertyDef>
    <PropertyDef ifdguid="adc37a21e0424e62a4b5f40f0f135a1a">
      <Name>MinCompressedFenderHeight</Name>
      <Definition>Minimum height required for a compressed fender to prevent vessels striking the structure</Definition>
      <PropertyType>
        <TypePropertySingleValue>
          <DataType type="IfcPositiveLengthMeasure" />
        </TypePropertySingleValue>
      </PropertyType>
      <NameAliases />
      <DefinitionAliases />
    </PropertyDef>
    <PropertyDef ifdguid="c250bdee26a04d7eaa0500648837b594">
      <Name>AddedMassCoefficientMethod</Name>
      <Definition>Method used to determine the Added Mass Coefficient used for design</Definition>
      <PropertyType>
        <TypePropertyEnumeratedValue>
          <EnumList name="PEnum_AddedMassCoefficientMethod">
            <EnumItem>PIANC</EnumItem>
            <EnumItem>SHIGERU_UEDA</EnumItem>
            <EnumItem>VASCO_COSTA</EnumItem>
          </EnumList>
          <ConstantList>
            <ConstantDef>
              <Name>PIANC</Name>
              <Definition>The World Association for Waterborne Transport Infrastructure design guidance</Definition>
              <NameAliases />
              <DefinitionAliases />
            </ConstantDef>
            <ConstantDef>
              <Name>SHIGERU_UEDA</Name>
              <Definition>Shigeru Ueda methodology</Definition>
              <NameAliases />
              <DefinitionAliases />
            </ConstantDef>
            <ConstantDef>
              <Name>VASCO_COSTA</Name>
              <Definition>Vasco Costa methodology</Definition>
              <NameAliases />
              <DefinitionAliases />
            </ConstantDef>
          </ConstantList>
        </TypePropertyEnumeratedValue>
      </PropertyType>
      <NameAliases />
      <DefinitionAliases />
    </PropertyDef>
  </PropertyDefs>
  <PsetDefinitionAliases />
</PropertySetDef>