<?xml version="1.0" encoding="utf-8"?>
<PropertySetDef xmlns:xsi="http://www.w3.org/2001/XMLSchema-instance" xmlns:xsd="http://www.w3.org/2001/XMLSchema" ifdguid="e3a0f7f7ae494e08baa3474d1816fafd" templatetype="PSET_OCCURRENCEDRIVEN" xsi:noNamespaceSchemaLocation="http://buildingSMART-tech.org/xml/psd/PSD_IFC4.xsd" xmlns="http://buildingSMART-tech.org/xml/psd/PSD_IFC4.xsd">
  <IfcVersion version="IFC4X4" />
  <Name>Pset_DistributionPortTypeDuct</Name>
  <Definition>Duct port occurrence attributes attached to an instance of IfcDistributionPort.</Definition>
  <Applicability />
  <ApplicableClasses>
    <ClassName>IfcDistributionPort/DUCT</ClassName>
  </ApplicableClasses>
  <ApplicableTypeValue>IfcDistributionPort/DUCT</ApplicableTypeValue>
  <PropertyDefs>
    <PropertyDef ifdguid="d2b239a61db14c2ab423e3d735a6de1f">
      <Name>ConnectionType</Name>
      <Definition>The end-style treatment of the duct port:

BEADEDSLEEVE: Beaded Sleeve. COMPRESSION: Compression. CRIMP: Crimp. DRAWBAND: Drawband. DRIVESLIP: Drive slip. FLANGED: Flanged. OUTSIDESLEEVE: Outside Sleeve. SLIPON: Slipon. SOLDERED: Soldered. SSLIP: S-Slip. STANDINGSEAM: Standing seam. SWEDGE: Swedge. WELDED: Welded. OTHER: Another type of end-style has been applied. NONE: No end-style has been applied.</Definition>
      <PropertyType>
        <TypePropertyEnumeratedValue>
          <EnumList name="PEnum_DuctConnectionType">
            <EnumItem>BEADEDSLEEVE</EnumItem>
            <EnumItem>COMPRESSION</EnumItem>
            <EnumItem>CRIMP</EnumItem>
            <EnumItem>DRAWBAND</EnumItem>
            <EnumItem>DRIVESLIP</EnumItem>
            <EnumItem>FLANGED</EnumItem>
            <EnumItem>OUTSIDESLEEVE</EnumItem>
            <EnumItem>SLIPON</EnumItem>
            <EnumItem>SOLDERED</EnumItem>
            <EnumItem>SSLIP</EnumItem>
            <EnumItem>STANDINGSEAM</EnumItem>
            <EnumItem>SWEDGE</EnumItem>
            <EnumItem>WELDED</EnumItem>
            <EnumItem>OTHER</EnumItem>
            <EnumItem>NONE</EnumItem>
            <EnumItem>USERDEFINED</EnumItem>
            <EnumItem>NOTDEFINED</EnumItem>
          </EnumList>
          <ConstantList>
            <ConstantDef>
              <Name>BEADEDSLEEVE</Name>
              <NameAliases>
                <NameAlias lang="en">Beaded Sleeve</NameAlias>
              </NameAliases>
              <DefinitionAliases>
                <DefinitionAlias lang="en">Beaded Sleeve</DefinitionAlias>
              </DefinitionAliases>
            </ConstantDef>
            <ConstantDef>
              <Name>COMPRESSION</Name>
              <NameAliases>
                <NameAlias lang="en">Compression</NameAlias>
              </NameAliases>
              <DefinitionAliases>
                <DefinitionAlias lang="en">Compression</DefinitionAlias>
              </DefinitionAliases>
            </ConstantDef>
            <ConstantDef>
              <Name>CRIMP</Name>
              <NameAliases>
                <NameAlias lang="en">Crimp</NameAlias>
              </NameAliases>
              <DefinitionAliases>
                <DefinitionAlias lang="en">Crimp</DefinitionAlias>
              </DefinitionAliases>
            </ConstantDef>
            <ConstantDef>
              <Name>DRAWBAND</Name>
              <NameAliases>
                <NameAlias lang="en">Drawband</NameAlias>
              </NameAliases>
              <DefinitionAliases>
                <DefinitionAlias lang="en">Drawband</DefinitionAlias>
              </DefinitionAliases>
            </ConstantDef>
            <ConstantDef>
              <Name>DRIVESLIP</Name>
              <NameAliases>
                <NameAlias lang="en">Driveslip</NameAlias>
              </NameAliases>
              <DefinitionAliases>
                <DefinitionAlias lang="en">Drive slip</DefinitionAlias>
              </DefinitionAliases>
            </ConstantDef>
            <ConstantDef>
              <Name>FLANGED</Name>
              <NameAliases>
                <NameAlias lang="en">Flanged</NameAlias>
              </NameAliases>
              <DefinitionAliases>
                <DefinitionAlias lang="en">Flanged</DefinitionAlias>
              </DefinitionAliases>
            </ConstantDef>
            <ConstantDef>
              <Name>OUTSIDESLEEVE</Name>
              <NameAliases>
                <NameAlias lang="en">Outside Sleeve</NameAlias>
              </NameAliases>
              <DefinitionAliases>
                <DefinitionAlias lang="en">Outside Sleeve</DefinitionAlias>
              </DefinitionAliases>
            </ConstantDef>
            <ConstantDef>
              <Name>SLIPON</Name>
              <NameAliases>
                <NameAlias lang="en">Slipon</NameAlias>
              </NameAliases>
              <DefinitionAliases>
                <DefinitionAlias lang="en">Slipon</DefinitionAlias>
              </DefinitionAliases>
            </ConstantDef>
            <ConstantDef>
              <Name>SOLDERED</Name>
              <NameAliases>
                <NameAlias lang="en">Soldered</NameAlias>
              </NameAliases>
              <DefinitionAliases>
                <DefinitionAlias lang="en">Soldered</DefinitionAlias>
              </DefinitionAliases>
            </ConstantDef>
            <ConstantDef>
              <Name>SSLIP</Name>
              <NameAliases>
                <NameAlias lang="en">S-Slip</NameAlias>
              </NameAliases>
              <DefinitionAliases>
                <DefinitionAlias lang="en">S-Slip</DefinitionAlias>
              </DefinitionAliases>
            </ConstantDef>
            <ConstantDef>
              <Name>STANDINGSEAM</Name>
              <NameAliases>
                <NameAlias lang="en">Standing seam</NameAlias>
              </NameAliases>
              <DefinitionAliases>
                <DefinitionAlias lang="en">Standing seam</DefinitionAlias>
              </DefinitionAliases>
            </ConstantDef>
            <ConstantDef>
              <Name>SWEDGE</Name>
              <NameAliases>
                <NameAlias lang="en">Swedge</NameAlias>
              </NameAliases>
              <DefinitionAliases>
                <DefinitionAlias lang="en">Swedge</DefinitionAlias>
              </DefinitionAliases>
            </ConstantDef>
            <ConstantDef>
              <Name>WELDED</Name>
              <NameAliases>
                <NameAlias lang="en">Welded</NameAlias>
              </NameAliases>
              <DefinitionAliases>
                <DefinitionAlias lang="en">Welded</DefinitionAlias>
              </DefinitionAliases>
            </ConstantDef>
            <ConstantDef>
              <Name>OTHER</Name>
              <Definition>required category not on scale</Definition>
              <NameAliases>
                <NameAlias lang="en">(other)</NameAlias>
              </NameAliases>
              <DefinitionAliases>
                <DefinitionAlias lang="en">Value is not listed.</DefinitionAlias>
              </DefinitionAliases>
            </ConstantDef>
            <ConstantDef>
              <Name>NONE</Name>
              <Definition>No waterproof.</Definition>
              <NameAliases>
                <NameAlias lang="en">None</NameAlias>
              </NameAliases>
              <DefinitionAliases>
                <DefinitionAlias lang="en">None, empty or no additional action or function.</DefinitionAlias>
              </DefinitionAliases>
            </ConstantDef>
            <ConstantDef>
              <Name>USERDEFINED</Name>
              <NameAliases>
                <NameAlias lang="en">User Defined</NameAlias>
              </NameAliases>
              <DefinitionAliases />
            </ConstantDef>
            <ConstantDef>
              <Name>NOTDEFINED</Name>
              <NameAliases>
                <NameAlias lang="en">Notdefined</NameAlias>
              </NameAliases>
              <DefinitionAliases />
            </ConstantDef>
          </ConstantList>
        </TypePropertyEnumeratedValue>
      </PropertyType>
      <NameAliases>
        <NameAlias lang="en">Connection Type</NameAlias>
      </NameAliases>
      <DefinitionAliases>
        <DefinitionAlias lang="en" />
      </DefinitionAliases>
    </PropertyDef>
    <PropertyDef ifdguid="15d916dd1d7340bc81481576f81d2a08">
      <Name>ConnectionSubtype</Name>
      <Definition>The physical port connection subtype that further qualifies the ConnectionType. The following values are recommended:

ACPLUG: A, B, C, D, E, F, EF, G, H, I, J, K, L, M
DIN: Mini3P, Mini4P, Mini5P, Mini6P, Mini7P, Mini8P, Mini9P
DSub: DA15, DB25, DC37, DD50, DE9, DE15
EIAJ: RC5720
HDMI: A, B, C
RADIO: IEEE802.11g, IEEE802.11n
RJ: 4P4C, 6P2C, 8P8C
SOCKET: E-11, E-12, E-14, E-17, E-26, E-27, E-39, E-40
TRS: TS_Mini, TS_SubMini, TRS_Mini, TRS_SubMini</Definition>
      <PropertyType>
        <TypePropertySingleValue>
          <DataType type="IfcLabel" />
        </TypePropertySingleValue>
      </PropertyType>
      <NameAliases>
        <NameAlias lang="en">Connection Sub Type</NameAlias>
      </NameAliases>
      <DefinitionAliases>
        <DefinitionAlias lang="en" />
      </DefinitionAliases>
    </PropertyDef>
    <PropertyDef ifdguid="a28e9f226e204a909976810e633a45f4">
      <Name>NominalWidth</Name>
      <Definition>The nominal overall width of the object. The size information is provided in addition to the shape representation and the geometric parameters used within. In cases of inconsistency between the geometric parameters and the size properties, provided in the attached property set, the geometric parameters take precedence.</Definition>
      <PropertyType>
        <TypePropertySingleValue>
          <DataType type="IfcNonNegativeLengthMeasure" />
        </TypePropertySingleValue>
      </PropertyType>
      <NameAliases>
        <NameAlias lang="en">Nominal Width</NameAlias>
        <NameAlias lang="ja-JP">公称幅</NameAlias>
        <NameAlias lang="ko-KR">공칭 폭</NameAlias>
      </NameAliases>
      <DefinitionAliases>
        <DefinitionAlias lang="en" />
        <DefinitionAlias lang="ja-JP">呼び幅寸法。</DefinitionAlias>
        <DefinitionAlias lang="ko-KR">폭 치수</DefinitionAlias>
      </DefinitionAliases>
    </PropertyDef>
    <PropertyDef ifdguid="90a90418907a41809a527bb1ef069005">
      <Name>NominalHeight</Name>
      <Definition>The nominal height of the object. The size information is provided in addition to the shape representation and the geometric parameters used within. In cases of inconsistency between the geometric parameters and the size properties, provided in the attached property set, the geometric parameters take precedence.

The nominal height of the duct connection. Only provided for rectangular shaped ducts.</Definition>
      <PropertyType>
        <TypePropertySingleValue>
          <DataType type="IfcPositiveLengthMeasure" />
        </TypePropertySingleValue>
      </PropertyType>
      <NameAliases>
        <NameAlias lang="en">Nominal Height</NameAlias>
      </NameAliases>
      <DefinitionAliases>
        <DefinitionAlias lang="en" />
      </DefinitionAliases>
    </PropertyDef>
    <PropertyDef ifdguid="e67741b634704b7caa49bc70951af4bc">
      <Name>NominalThickness</Name>
      <Definition>The nominal thickness of the object. The size information is provided in addition to the shape representation and the geometric parameters used within. In case of inconsistency between the geometric parameters and the size properties, provided in the attached property set, the geometric parameters take precedence.</Definition>
      <PropertyType>
        <TypePropertySingleValue>
          <DataType type="IfcNonNegativeLengthMeasure" />
        </TypePropertySingleValue>
      </PropertyType>
      <NameAliases />
      <DefinitionAliases />
    </PropertyDef>
    <PropertyDef ifdguid="0e28d2efe50346319664f17e52ebd118">
      <Name>DryBulbTemperature</Name>
      <Definition>Dry bulb temperature of the object.

Indicates dry bulb temperature of the air.</Definition>
      <PropertyType>
        <TypePropertyBoundedValue>
          <DataType type="IfcThermodynamicTemperatureMeasure" />
        </TypePropertyBoundedValue>
      </PropertyType>
      <NameAliases>
        <NameAlias lang="en">Dry Bulb Temperature</NameAlias>
      </NameAliases>
      <DefinitionAliases>
        <DefinitionAlias lang="en" />
      </DefinitionAliases>
    </PropertyDef>
    <PropertyDef ifdguid="46e6cb4f3ecb4016b3d952ec26836ce6">
      <Name>WetBulbTemperature</Name>
      <Definition>Wet bulb temperature of the air.</Definition>
      <PropertyType>
        <TypePropertyBoundedValue>
          <DataType type="IfcThermodynamicTemperatureMeasure" />
        </TypePropertyBoundedValue>
      </PropertyType>
      <NameAliases>
        <NameAlias lang="en">Wet Bulb Temperature</NameAlias>
      </NameAliases>
      <DefinitionAliases>
        <DefinitionAlias lang="en" />
      </DefinitionAliases>
    </PropertyDef>
    <PropertyDef ifdguid="639c0067eb444ed8b9d177247c1f1cc2">
      <Name>VolumetricFlowRate</Name>
      <Definition>The volumetric flow rate of the fluid.</Definition>
      <PropertyType>
        <TypePropertyBoundedValue>
          <DataType type="IfcVolumetricFlowRateMeasure" />
        </TypePropertyBoundedValue>
      </PropertyType>
      <NameAliases>
        <NameAlias lang="en">Volumetric Flow Rate</NameAlias>
      </NameAliases>
      <DefinitionAliases>
        <DefinitionAlias lang="en" />
      </DefinitionAliases>
    </PropertyDef>
    <PropertyDef ifdguid="26538518abf6475ba1562ce731d7975e">
      <Name>Velocity</Name>
      <Definition>The velocity of the fluid.</Definition>
      <PropertyType>
        <TypePropertyBoundedValue>
          <DataType type="IfcLinearVelocityMeasure" />
        </TypePropertyBoundedValue>
      </PropertyType>
      <NameAliases>
        <NameAlias lang="en">Velocity</NameAlias>
      </NameAliases>
      <DefinitionAliases>
        <DefinitionAlias lang="en" />
      </DefinitionAliases>
    </PropertyDef>
    <PropertyDef ifdguid="cc4abc86f21d4ee3a86d3815019c5ab3">
      <Name>Pressure</Name>
      <Definition>The pressure of the fluid.</Definition>
      <PropertyType>
        <TypePropertyBoundedValue>
          <DataType type="IfcPressureMeasure" />
        </TypePropertyBoundedValue>
      </PropertyType>
      <NameAliases>
        <NameAlias lang="en">Pressure</NameAlias>
        <NameAlias lang="ja-JP">圧力</NameAlias>
      </NameAliases>
      <DefinitionAliases>
        <DefinitionAlias lang="en" />
        <DefinitionAlias lang="ja-JP">流体の圧力。</DefinitionAlias>
      </DefinitionAliases>
    </PropertyDef>
  </PropertyDefs>
  <PsetDefinitionAliases>
    <PsetDefinitionAlias lang="en" />
  </PsetDefinitionAliases>
</PropertySetDef>