<?xml version="1.0" encoding="utf-8"?>
<PropertySetDef xmlns:xsi="http://www.w3.org/2001/XMLSchema-instance" xmlns:xsd="http://www.w3.org/2001/XMLSchema" ifdguid="ffe029d5901e429babb7f9b61a7cf52b" templatetype="PSET_TYPEDRIVENOVERRIDE" xsi:noNamespaceSchemaLocation="http://buildingSMART-tech.org/xml/psd/PSD_IFC4.xsd" xmlns="http://buildingSMART-tech.org/xml/psd/PSD_IFC4.xsd">
  <IfcVersion version="IFC4X4" />
  <Name>Pset_MarineVehicleCommon</Name>
  <Definition>Properties common to the definition of all occurrences of _IfcTransportElement_ and types of _IfcTransportElementType_ with the predefined type set to VEHICLEMARINE.</Definition>
  <Applicability />
  <ApplicableClasses>
    <ClassName>IfcVehicle/VEHICLEMARINE</ClassName>
  </ApplicableClasses>
  <ApplicableTypeValue>IfcVehicle/VEHICLEMARINE</ApplicableTypeValue>
  <PropertyDefs>
    <PropertyDef ifdguid="0425f1d5380d4edea894d49b7ffe3b5c">
      <Name>LengthBetweenPerpendiculars</Name>
      <Definition>Length of vessel from rudder shaft to crossing point of the bow and the loaded waterline.</Definition>
      <PropertyType>
        <TypePropertySingleValue>
          <DataType type="IfcPositiveLengthMeasure" />
        </TypePropertySingleValue>
      </PropertyType>
      <NameAliases />
      <DefinitionAliases />
    </PropertyDef>
    <PropertyDef ifdguid="61363e01905a4309b268994367146f68">
      <Name>VesselDepth</Name>
      <Definition>Depth of the vessel from the main deck to the keel.</Definition>
      <PropertyType>
        <TypePropertySingleValue>
          <DataType type="IfcLengthMeasure" />
        </TypePropertySingleValue>
      </PropertyType>
      <NameAliases />
      <DefinitionAliases />
    </PropertyDef>
    <PropertyDef ifdguid="7f508079e7da42978b28c73ff40f5edf">
      <Name>VesselDraft</Name>
      <Definition>Depth of vessel from the waterline to the keel (LightShip, Ballasted, Maximum)</Definition>
      <PropertyType>
        <TypePropertySingleValue>
          <DataType type="IfcLengthMeasure" />
        </TypePropertySingleValue>
      </PropertyType>
      <NameAliases />
      <DefinitionAliases />
    </PropertyDef>
    <PropertyDef ifdguid="b71df18768c14165b998315367cda990">
      <Name>AboveDeckProjectedWindEnd</Name>
      <Definition>End on projected windage area above the main deck</Definition>
      <PropertyType>
        <TypePropertySingleValue>
          <DataType type="IfcAreaMeasure" />
        </TypePropertySingleValue>
      </PropertyType>
      <NameAliases />
      <DefinitionAliases />
    </PropertyDef>
    <PropertyDef ifdguid="873f7b02c778409eab1f2e714eb86ea2">
      <Name>AboveDeckProjectedWindSide</Name>
      <Definition>Side on projected windage area above the main deck</Definition>
      <PropertyType>
        <TypePropertySingleValue>
          <DataType type="IfcAreaMeasure" />
        </TypePropertySingleValue>
      </PropertyType>
      <NameAliases />
      <DefinitionAliases />
    </PropertyDef>
    <PropertyDef ifdguid="59b275962c084061aa072f9b3161c619">
      <Name>Displacement</Name>
      <Definition>Weight of water displaced by the vessel</Definition>
      <PropertyType>
        <TypePropertySingleValue>
          <DataType type="IfcMassMeasure" />
        </TypePropertySingleValue>
      </PropertyType>
      <NameAliases />
      <DefinitionAliases />
    </PropertyDef>
    <PropertyDef ifdguid="b97fb3f641094369829284978ef2baa4">
      <Name>CargoDeadWeight</Name>
      <Definition>Weight of (bulk) cargo carried</Definition>
      <PropertyType>
        <TypePropertySingleValue>
          <DataType type="IfcMassMeasure" />
        </TypePropertySingleValue>
      </PropertyType>
      <NameAliases />
      <DefinitionAliases />
    </PropertyDef>
    <PropertyDef ifdguid="7a4a1d5957834a04b2946cb25d0e9b5b">
      <Name>LaneMeters</Name>
      <Definition>Length of lanes accommodating vehicles on roll-on, roll-off vessels</Definition>
      <PropertyType>
        <TypePropertySingleValue>
          <DataType type="IfcLengthMeasure" />
        </TypePropertySingleValue>
      </PropertyType>
      <NameAliases />
      <DefinitionAliases />
    </PropertyDef>
  </PropertyDefs>
  <PsetDefinitionAliases />
</PropertySetDef>