<?xml version="1.0" encoding="utf-8"?>
<PropertySetDef xmlns:xsi="http://www.w3.org/2001/XMLSchema-instance" xmlns:xsd="http://www.w3.org/2001/XMLSchema" ifdguid="68a5e000d20b11e1800000215ad4efdf" templatetype="PSET_TYPEDRIVENOVERRIDE" xsi:noNamespaceSchemaLocation="http://buildingSMART-tech.org/xml/psd/PSD_IFC4.xsd" xmlns="http://buildingSMART-tech.org/xml/psd/PSD_IFC4.xsd">
  <IfcVersion version="IFC4X4" />
  <Name>Pset_SpaceThermalLoad</Name>
  <Definition>The space thermal load defines all thermal losses and gains occurring within a space or zone.  The thermal load source attribute defines an enumeration of possible sources of the thermal load. The maximum, minimum, time series and app</Definition>
  <Applicability />
  <ApplicableClasses>
    <ClassName>IfcSpace</ClassName>
  </ApplicableClasses>
  <ApplicableTypeValue>IfcSpace</ApplicableTypeValue>
  <PropertyDefs>
    <PropertyDef ifdguid="6e032a80d20b11e1800000215ad4efdf">
      <Name>People</Name>
      <Definition>Heat gains and losses from people.</Definition>
      <PropertyType>
        <TypePropertyBoundedValue>
          <DataType type="IfcPowerMeasure" />
        </TypePropertyBoundedValue>
      </PropertyType>
      <NameAliases>
        <NameAlias lang="en">People</NameAlias>
        <NameAlias lang="ja-JP">人員</NameAlias>
        <NameAlias lang="ko-KR">인원</NameAlias>
      </NameAliases>
      <DefinitionAliases>
        <DefinitionAlias lang="en" />
        <DefinitionAlias lang="ja-JP">人員からの熱取得。</DefinitionAlias>
        <DefinitionAlias lang="ko-KR">사람의 열</DefinitionAlias>
      </DefinitionAliases>
    </PropertyDef>
    <PropertyDef ifdguid="7491a200d20b11e1800000215ad4efdf">
      <Name>Lighting</Name>
      <Definition>Lighting loads.</Definition>
      <PropertyType>
        <TypePropertyBoundedValue>
          <DataType type="IfcPowerMeasure" />
        </TypePropertyBoundedValue>
      </PropertyType>
      <NameAliases>
        <NameAlias lang="en">Lighting</NameAlias>
        <NameAlias lang="ja-JP">照明</NameAlias>
        <NameAlias lang="ko-KR">조명</NameAlias>
      </NameAliases>
      <DefinitionAliases>
        <DefinitionAlias lang="en" />
        <DefinitionAlias lang="ja-JP">照明負荷。</DefinitionAlias>
        <DefinitionAlias lang="ko-KR">조명 부하</DefinitionAlias>
      </DefinitionAliases>
    </PropertyDef>
    <PropertyDef ifdguid="807d6400d20b11e1800000215ad4efdf">
      <Name>EquipmentSensible</Name>
      <Definition>Heat gains and losses from equipment.</Definition>
      <PropertyType>
        <TypePropertyBoundedValue>
          <DataType type="IfcPowerMeasure" />
        </TypePropertyBoundedValue>
      </PropertyType>
      <NameAliases>
        <NameAlias lang="en">Equipment Sensible</NameAlias>
        <NameAlias lang="ja-JP">事務機器の顕熱</NameAlias>
        <NameAlias lang="ko-KR">사무기기의 현열</NameAlias>
      </NameAliases>
      <DefinitionAliases>
        <DefinitionAlias lang="en" />
        <DefinitionAlias lang="ja-JP">事務機器からの熱取得と熱ロス。</DefinitionAlias>
        <DefinitionAlias lang="ko-KR">사무기기에서 열 취득 및 손실</DefinitionAlias>
      </DefinitionAliases>
    </PropertyDef>
    <PropertyDef ifdguid="870bdb80d20b11e1800000215ad4efdf">
      <Name>VentilationIndoorAir</Name>
      <Definition>Ventilation loads from indoor air.</Definition>
      <PropertyType>
        <TypePropertyBoundedValue>
          <DataType type="IfcPowerMeasure" />
        </TypePropertyBoundedValue>
      </PropertyType>
      <NameAliases>
        <NameAlias lang="en">Ventilation Indoor Air</NameAlias>
        <NameAlias lang="ja-JP">室内の換気量</NameAlias>
        <NameAlias lang="ko-KR">실내 환기량</NameAlias>
      </NameAliases>
      <DefinitionAliases>
        <DefinitionAlias lang="en" />
        <DefinitionAlias lang="ja-JP">室内の換気による熱負荷。</DefinitionAlias>
        <DefinitionAlias lang="ko-KR">실내 환기에 의한 열 부하</DefinitionAlias>
      </DefinitionAliases>
    </PropertyDef>
    <PropertyDef ifdguid="8f641680d20b11e1800000215ad4efdf">
      <Name>VentilationOutdoorAir</Name>
      <Definition>Ventilation loads from outdoor air.</Definition>
      <PropertyType>
        <TypePropertyBoundedValue>
          <DataType type="IfcPowerMeasure" />
        </TypePropertyBoundedValue>
      </PropertyType>
      <NameAliases>
        <NameAlias lang="en">Ventilation Outdoor Air</NameAlias>
        <NameAlias lang="ja-JP">外気量</NameAlias>
        <NameAlias lang="ko-KR">외기량</NameAlias>
      </NameAliases>
      <DefinitionAliases>
        <DefinitionAlias lang="en" />
        <DefinitionAlias lang="ja-JP">外気による熱負荷。</DefinitionAlias>
        <DefinitionAlias lang="ko-KR">외기에한 열부하</DefinitionAlias>
      </DefinitionAliases>
    </PropertyDef>
    <PropertyDef ifdguid="9723bb00d20b11e1800000215ad4efdf">
      <Name>RecirculatedAir</Name>
      <Definition>Loads from recirculated air.</Definition>
      <PropertyType>
        <TypePropertyBoundedValue>
          <DataType type="IfcPowerMeasure" />
        </TypePropertyBoundedValue>
      </PropertyType>
      <NameAliases>
        <NameAlias lang="en">Recirculated Air</NameAlias>
        <NameAlias lang="ja-JP">循環空気</NameAlias>
        <NameAlias lang="ko-KR">순환공기</NameAlias>
      </NameAliases>
      <DefinitionAliases>
        <DefinitionAlias lang="en" />
        <DefinitionAlias lang="ja-JP">循環空気による熱負荷。</DefinitionAlias>
        <DefinitionAlias lang="ko-KR">순환공기에 의한 열부하</DefinitionAlias>
      </DefinitionAliases>
    </PropertyDef>
    <PropertyDef ifdguid="9db23280d20b11e1800000215ad4efdf">
      <Name>ExhaustAir</Name>
      <Definition>Loads from exhaust air.</Definition>
      <PropertyType>
        <TypePropertyBoundedValue>
          <DataType type="IfcPowerMeasure" />
        </TypePropertyBoundedValue>
      </PropertyType>
      <NameAliases>
        <NameAlias lang="en">Exhaust Air</NameAlias>
        <NameAlias lang="ja-JP">排気</NameAlias>
        <NameAlias lang="ko-KR">배기</NameAlias>
      </NameAliases>
      <DefinitionAliases>
        <DefinitionAlias lang="en" />
        <DefinitionAlias lang="ja-JP">排気による熱負荷。</DefinitionAlias>
        <DefinitionAlias lang="ko-KR">배기에 의한 열부하</DefinitionAlias>
      </DefinitionAliases>
    </PropertyDef>
    <PropertyDef ifdguid="a4d94080d20b11e1800000215ad4efdf">
      <Name>AirExchangeRate</Name>
      <Definition>Loads from the air exchange rate.</Definition>
      <PropertyType>
        <TypePropertyBoundedValue>
          <DataType type="IfcPowerMeasure" />
        </TypePropertyBoundedValue>
      </PropertyType>
      <NameAliases>
        <NameAlias lang="en">Air Exchange Rate</NameAlias>
        <NameAlias lang="ja-JP">換気回数</NameAlias>
        <NameAlias lang="ko-KR">환기회수</NameAlias>
      </NameAliases>
      <DefinitionAliases>
        <DefinitionAlias lang="en" />
        <DefinitionAlias lang="ja-JP">換気による熱負荷。</DefinitionAlias>
        <DefinitionAlias lang="ko-KR">환기에 의한 열부하</DefinitionAlias>
      </DefinitionAliases>
    </PropertyDef>
    <PropertyDef ifdguid="bfabb500d20b11e1800000215ad4efdf">
      <Name>DryBulbTemperature</Name>
      <Definition>Loads from the dry bulb temperature.</Definition>
      <PropertyType>
        <TypePropertyBoundedValue>
          <DataType type="IfcPowerMeasure" />
        </TypePropertyBoundedValue>
      </PropertyType>
      <NameAliases>
        <NameAlias lang="en">Dry Bulb Temperature</NameAlias>
        <NameAlias lang="ja-JP">乾球温度</NameAlias>
        <NameAlias lang="ko-KR">건구온도</NameAlias>
      </NameAliases>
      <DefinitionAliases>
        <DefinitionAlias lang="en" />
        <DefinitionAlias lang="ja-JP">乾球温度による熱負荷。</DefinitionAlias>
        <DefinitionAlias lang="ko-KR">건구온도에의한 열부하</DefinitionAlias>
      </DefinitionAliases>
    </PropertyDef>
    <PropertyDef ifdguid="c6d2c300d20b11e1800000215ad4efdf">
      <Name>RelativeHumidity</Name>
      <Definition>Loads from the relative humidity.</Definition>
      <PropertyType>
        <TypePropertyBoundedValue>
          <DataType type="IfcPowerMeasure" />
        </TypePropertyBoundedValue>
      </PropertyType>
      <NameAliases>
        <NameAlias lang="en">Relative Humidity</NameAlias>
        <NameAlias lang="ja-JP">相対湿度</NameAlias>
        <NameAlias lang="ko-KR">상대습도</NameAlias>
      </NameAliases>
      <DefinitionAliases>
        <DefinitionAlias lang="en" />
        <DefinitionAlias lang="ja-JP">相対湿度による熱負荷。</DefinitionAlias>
        <DefinitionAlias lang="ko-KR">상대습도에 의한 열부하</DefinitionAlias>
      </DefinitionAliases>
    </PropertyDef>
    <PropertyDef ifdguid="ce926780d20b11e1800000215ad4efdf">
      <Name>InfiltrationSensible</Name>
      <Definition>Heat gains and losses from infiltration.</Definition>
      <PropertyType>
        <TypePropertyBoundedValue>
          <DataType type="IfcPowerMeasure" />
        </TypePropertyBoundedValue>
      </PropertyType>
      <NameAliases>
        <NameAlias lang="en">Infiltration Sensible</NameAlias>
        <NameAlias lang="ja-JP">すき間風の顕熱</NameAlias>
        <NameAlias lang="ko-KR">열취득 및 손실</NameAlias>
      </NameAliases>
      <DefinitionAliases>
        <DefinitionAlias lang="en" />
        <DefinitionAlias lang="ja-JP">すき間風からの熱負荷と熱ロス。</DefinitionAlias>
        <DefinitionAlias lang="ko-KR">열 부하및 열손실</DefinitionAlias>
      </DefinitionAliases>
    </PropertyDef>
    <PropertyDef ifdguid="d6520c00d20b11e1800000215ad4efdf">
      <Name>TotalSensibleLoad</Name>
      <Definition>Total energy added or removed from air that affects its temperature.  If a value is less than zero (negative), then the thermal load is lost from the space. If a value is greater than zero (positive), then the thermal load is a gain to the space.</Definition>
      <PropertyType>
        <TypePropertyBoundedValue>
          <DataType type="IfcPowerMeasure" />
        </TypePropertyBoundedValue>
      </PropertyType>
      <NameAliases>
        <NameAlias lang="en">Total Sensible Load</NameAlias>
        <NameAlias lang="ja-JP">顕熱負荷の合計</NameAlias>
        <NameAlias lang="ko-KR">현열부하의 합계</NameAlias>
      </NameAliases>
      <DefinitionAliases>
        <DefinitionAlias lang="en" />
        <DefinitionAlias lang="ja-JP">空気温度を上昇・下降させる取得・損失の熱量の合計。ゼロより小さい（－）場合、室内が熱損失となる。ゼロより大きい（＋）場合、室内が熱取得となる。</DefinitionAlias>
        <DefinitionAlias lang="ko-KR">공기 온도를 상승 · 하강하는 취득 · 손실 열량의 총. 제로보다 작은 (-) 경우 실내가 열 손실이된다. 제로보다 큰 (+) 경우 실내가 열을 검색된다.</DefinitionAlias>
      </DefinitionAliases>
    </PropertyDef>
    <PropertyDef ifdguid="de11b080d20b11e1800000215ad4efdf">
      <Name>TotalLatentLoad</Name>
      <Definition>Total energy added or removed from air that affects its humidity or concentration of water vapor.  If a value is less than zero (negative), then the thermal load is lost from the space. If a value is greater than zero (positive), then the thermal load is a gain to the space.</Definition>
      <PropertyType>
        <TypePropertyBoundedValue>
          <DataType type="IfcPowerMeasure" />
        </TypePropertyBoundedValue>
      </PropertyType>
      <NameAliases>
        <NameAlias lang="en">Total Latent Load</NameAlias>
        <NameAlias lang="ja-JP">潜熱負荷の合計</NameAlias>
        <NameAlias lang="ko-KR">잠열부하의 합계</NameAlias>
      </NameAliases>
      <DefinitionAliases>
        <DefinitionAlias lang="en" />
        <DefinitionAlias lang="ja-JP">空気湿度（水蒸気量）を上昇・下降させる取得・損失の熱量の合計。ゼロより小さい（－）場合、室内の水蒸気が減少となる。ゼロより大きい（＋）場合、室内の水蒸気が増大となる。</DefinitionAlias>
        <DefinitionAlias lang="ko-KR">습도 (수증기량)을 상승 · 하강하는 취득 · 손실 열량의 총. 제로보다 작은 (-) 경우 실내의 수증기가 감소된다. 제로보다 큰 (+) 경우 실내의 수증기가 증가된다.</DefinitionAlias>
      </DefinitionAliases>
    </PropertyDef>
    <PropertyDef ifdguid="e8cc4580d20b11e1800000215ad4efdf">
      <Name>TotalRadiantLoad</Name>
      <Definition>Total electromagnetic energy added or removed by emission or absorption.  If a value is less than zero (negative), then the thermal load is lost from the space. If a value is greater than zero (positive), then the thermal load is a gain to the space.</Definition>
      <PropertyType>
        <TypePropertyBoundedValue>
          <DataType type="IfcPowerMeasure" />
        </TypePropertyBoundedValue>
      </PropertyType>
      <NameAliases>
        <NameAlias lang="en">Total Radiant Load</NameAlias>
        <NameAlias lang="ja-JP">放射熱負荷の合計</NameAlias>
        <NameAlias lang="ko-KR">복사열로드 합계</NameAlias>
      </NameAliases>
      <DefinitionAliases>
        <DefinitionAlias lang="en" />
        <DefinitionAlias lang="ja-JP">放射や吸収による放射エネルギーの増加、或いは減少の合計。ゼロより小さい（－）場合、放射エネルギーが減少となる。ゼロより大きい（＋）場合、放射エネルギーが増大となる。</DefinitionAlias>
        <DefinitionAlias lang="ko-KR">방사선 및 흡수에 의한 방사 에너지 증가 또는 감소의 총. 제로보다 작은 (-) 경우 방사 에너지가 감소된다. 제로보다 큰 (+) 경우 방사 에너지가 증대된다.</DefinitionAlias>
      </DefinitionAliases>
    </PropertyDef>
  </PropertyDefs>
  <PsetDefinitionAliases>
    <PsetDefinitionAlias lang="en" />
    <PsetDefinitionAlias lang="ja-JP">室内熱負荷は居室或いはゾーンの全ての熱ロスと熱取得を定義する。熱取得の要因属性は熱負荷の各因子を示している。最大値、最小値、時間変動など。</PsetDefinitionAlias>
  </PsetDefinitionAliases>
</PropertySetDef>