<?xml version="1.0" encoding="utf-8"?>
<PropertySetDef xmlns:xsi="http://www.w3.org/2001/XMLSchema-instance" xmlns:xsd="http://www.w3.org/2001/XMLSchema" ifdguid="8281fb80d1e811e1800000215ad4efdf" templatetype="PSET_TYPEDRIVENOVERRIDE" xsi:noNamespaceSchemaLocation="http://buildingSMART-tech.org/xml/psd/PSD_IFC4.xsd" xmlns="http://buildingSMART-tech.org/xml/psd/PSD_IFC4.xsd">
  <IfcVersion version="IFC4X4" />
  <Name>Pset_FlowMeterTypeWaterMeter</Name>
  <Definition>Device that measures, indicates and sometimes records, the volume of water that passes through it without interrupting the flow.</Definition>
  <Applicability />
  <ApplicableClasses>
    <ClassName>IfcFlowMeter/WATERMETER</ClassName>
  </ApplicableClasses>
  <ApplicableTypeValue>IfcFlowMeter/WATERMETER</ApplicableTypeValue>
  <PropertyDefs>
    <PropertyDef ifdguid="87df4600d1e811e1800000215ad4efdf">
      <Name>Type</Name>
      <Definition>Defines the allowed values for selection of the flow meter operation type.</Definition>
      <PropertyType>
        <TypePropertyEnumeratedValue>
          <EnumList name="PEnum_WaterMeterType">
            <EnumItem>COMPOUND</EnumItem>
            <EnumItem>INFERENTIAL</EnumItem>
            <EnumItem>PISTON</EnumItem>
            <EnumItem>OTHER</EnumItem>
            <EnumItem>NOTKNOWN</EnumItem>
            <EnumItem>UNSET</EnumItem>
          </EnumList>
          <ConstantList>
            <ConstantDef>
              <Name>COMPOUND</Name>
              <NameAliases>
                <NameAlias lang="en">Compound</NameAlias>
              </NameAliases>
              <DefinitionAliases />
            </ConstantDef>
            <ConstantDef>
              <Name>INFERENTIAL</Name>
              <NameAliases>
                <NameAlias lang="en">Inferential</NameAlias>
              </NameAliases>
              <DefinitionAliases />
            </ConstantDef>
            <ConstantDef>
              <Name>PISTON</Name>
              <NameAliases>
                <NameAlias lang="en">Piston</NameAlias>
              </NameAliases>
              <DefinitionAliases />
            </ConstantDef>
            <ConstantDef>
              <Name>OTHER</Name>
              <Definition>required category not on scale</Definition>
              <NameAliases>
                <NameAlias lang="en">(other)</NameAlias>
              </NameAliases>
              <DefinitionAliases>
                <DefinitionAlias lang="en">Value is not listed.</DefinitionAlias>
              </DefinitionAliases>
            </ConstantDef>
            <ConstantDef>
              <Name>NOTKNOWN</Name>
              <Definition>Value is unkown</Definition>
              <NameAliases>
                <NameAlias lang="en">(unknown)</NameAlias>
              </NameAliases>
              <DefinitionAliases>
                <DefinitionAlias lang="en">Value is unknown.</DefinitionAlias>
              </DefinitionAliases>
            </ConstantDef>
            <ConstantDef>
              <Name>UNSET</Name>
              <Definition>Value has not been specified</Definition>
              <NameAliases>
                <NameAlias lang="en">(unset)</NameAlias>
              </NameAliases>
              <DefinitionAliases>
                <DefinitionAlias lang="en">Value has not been specified.</DefinitionAlias>
              </DefinitionAliases>
            </ConstantDef>
          </ConstantList>
        </TypePropertyEnumeratedValue>
      </PropertyType>
      <NameAliases>
        <NameAlias lang="en">Type</NameAlias>
      </NameAliases>
      <DefinitionAliases>
        <DefinitionAlias lang="en" />
      </DefinitionAliases>
    </PropertyDef>
    <PropertyDef ifdguid="5c5c5b80d1e811e1800000215ad4efdf">
      <Name>ConnectionSize</Name>
      <Definition>The connection size of the object.

Inlet and outlet pipe connections to the meter.</Definition>
      <PropertyType>
        <TypePropertySingleValue>
          <DataType type="IfcPositiveLengthMeasure" />
        </TypePropertySingleValue>
      </PropertyType>
      <NameAliases>
        <NameAlias lang="en">Connection Size</NameAlias>
      </NameAliases>
      <DefinitionAliases>
        <DefinitionAlias lang="en" />
      </DefinitionAliases>
    </PropertyDef>
    <PropertyDef ifdguid="99c0e900d1e811e1800000215ad4efdf">
      <Name>MaximumFlowRate</Name>
      <Definition>Maximum rate of flow which the meter is expected to pass.</Definition>
      <PropertyType>
        <TypePropertySingleValue>
          <DataType type="IfcVolumetricFlowRateMeasure" />
        </TypePropertySingleValue>
      </PropertyType>
      <NameAliases>
        <NameAlias lang="en">Maximum Flow Rate</NameAlias>
      </NameAliases>
      <DefinitionAliases>
        <DefinitionAlias lang="en" />
      </DefinitionAliases>
    </PropertyDef>
    <PropertyDef ifdguid="9fb6ca00d1e811e1800000215ad4efdf">
      <Name>MaximumPressureLoss</Name>
      <Definition>Pressure loss expected across the meter under conditions of maximum flow.</Definition>
      <PropertyType>
        <TypePropertySingleValue>
          <DataType type="IfcPressureMeasure" />
        </TypePropertySingleValue>
      </PropertyType>
      <NameAliases>
        <NameAlias lang="en">Maximum Pressure Loss</NameAlias>
      </NameAliases>
      <DefinitionAliases>
        <DefinitionAlias lang="en" />
      </DefinitionAliases>
    </PropertyDef>
    <PropertyDef ifdguid="a47b7e00d1e811e1800000215ad4efdf">
      <Name>BackflowPreventerType</Name>
      <Definition>Identifies the type of backflow preventer installed to prevent the backflow of contaminated or polluted water from an irrigation/reticulation system to a potable water supply.</Definition>
      <PropertyType>
        <TypePropertyEnumeratedValue>
          <EnumList name="PEnum_BackflowPreventerType">
            <EnumItem>NONE</EnumItem>
            <EnumItem>ATMOSPHERICVACUUMBREAKER</EnumItem>
            <EnumItem>ANTISIPHONVALVE</EnumItem>
            <EnumItem>DOUBLECHECKBACKFLOWPREVENTER</EnumItem>
            <EnumItem>PRESSUREVACUUMBREAKER</EnumItem>
            <EnumItem>REDUCEDPRESSUREBACKFLOWPREVENTER</EnumItem>
            <EnumItem>OTHER</EnumItem>
            <EnumItem>NOTKNOWN</EnumItem>
            <EnumItem>UNSET</EnumItem>
          </EnumList>
          <ConstantList>
            <ConstantDef>
              <Name>NONE</Name>
              <Definition>No waterproof.</Definition>
              <NameAliases>
                <NameAlias lang="en">None</NameAlias>
              </NameAliases>
              <DefinitionAliases>
                <DefinitionAlias lang="en">None, empty or no additional action or function.</DefinitionAlias>
              </DefinitionAliases>
            </ConstantDef>
            <ConstantDef>
              <Name>ATMOSPHERICVACUUMBREAKER</Name>
              <NameAliases>
                <NameAlias lang="en">Atmospheric Vacuum Breaker</NameAlias>
              </NameAliases>
              <DefinitionAliases />
            </ConstantDef>
            <ConstantDef>
              <Name>ANTISIPHONVALVE</Name>
              <NameAliases>
                <NameAlias lang="en">Antisiphon Valve</NameAlias>
              </NameAliases>
              <DefinitionAliases />
            </ConstantDef>
            <ConstantDef>
              <Name>DOUBLECHECKBACKFLOWPREVENTER</Name>
              <NameAliases>
                <NameAlias lang="en">Double Check Backflow Preventer</NameAlias>
              </NameAliases>
              <DefinitionAliases />
            </ConstantDef>
            <ConstantDef>
              <Name>PRESSUREVACUUMBREAKER</Name>
              <NameAliases>
                <NameAlias lang="en">Pressure Vacuum Breaker</NameAlias>
              </NameAliases>
              <DefinitionAliases />
            </ConstantDef>
            <ConstantDef>
              <Name>REDUCEDPRESSUREBACKFLOWPREVENTER</Name>
              <NameAliases>
                <NameAlias lang="en">Reduced Pressure Backflow Preventer</NameAlias>
              </NameAliases>
              <DefinitionAliases />
            </ConstantDef>
            <ConstantDef>
              <Name>OTHER</Name>
              <Definition>required category not on scale</Definition>
              <NameAliases>
                <NameAlias lang="en">(other)</NameAlias>
              </NameAliases>
              <DefinitionAliases>
                <DefinitionAlias lang="en">Value is not listed.</DefinitionAlias>
              </DefinitionAliases>
            </ConstantDef>
            <ConstantDef>
              <Name>NOTKNOWN</Name>
              <Definition>Value is unkown</Definition>
              <NameAliases>
                <NameAlias lang="en">(unknown)</NameAlias>
              </NameAliases>
              <DefinitionAliases>
                <DefinitionAlias lang="en">Value is unknown.</DefinitionAlias>
              </DefinitionAliases>
            </ConstantDef>
            <ConstantDef>
              <Name>UNSET</Name>
              <Definition>Value has not been specified</Definition>
              <NameAliases>
                <NameAlias lang="en">(unset)</NameAlias>
              </NameAliases>
              <DefinitionAliases>
                <DefinitionAlias lang="en">Value has not been specified.</DefinitionAlias>
              </DefinitionAliases>
            </ConstantDef>
          </ConstantList>
        </TypePropertyEnumeratedValue>
      </PropertyType>
      <NameAliases>
        <NameAlias lang="en">Backflow Preventer Type</NameAlias>
      </NameAliases>
      <DefinitionAliases>
        <DefinitionAlias lang="en" />
      </DefinitionAliases>
    </PropertyDef>
  </PropertyDefs>
  <PsetDefinitionAliases>
    <PsetDefinitionAlias lang="en" />
  </PsetDefinitionAliases>
</PropertySetDef>