<?xml version="1.0" encoding="utf-8"?>
<PropertySetDef xmlns:xsi="http://www.w3.org/2001/XMLSchema-instance" xmlns:xsd="http://www.w3.org/2001/XMLSchema" ifdguid="a577d400d21711e1800000215ad4efdf" templatetype="PSET_TYPEDRIVENOVERRIDE" xsi:noNamespaceSchemaLocation="http://buildingSMART-tech.org/xml/psd/PSD_IFC4.xsd" xmlns="http://buildingSMART-tech.org/xml/psd/PSD_IFC4.xsd">
  <IfcVersion version="IFC4X4" />
  <Name>Pset_WasteTerminalTypeGullyTrap</Name>
  <Definition>Pipe fitting or assembly of fittings to receive surface water or waste water, fitted with a grating or sealed cover and discharging through a trap (BS6100 330 3504 modified)</Definition>
  <Applicability />
  <ApplicableClasses>
    <ClassName>IfcWasteTerminal/GULLYTRAP</ClassName>
  </ApplicableClasses>
  <ApplicableTypeValue>IfcWasteTerminal/GULLYTRAP</ApplicableTypeValue>
  <PropertyDefs>
    <PropertyDef ifdguid="5aa98c80d21611e1800000215ad4efdf">
      <Name>NominalBodyLength</Name>
      <Definition>Nominal or quoted length measured along the x-axis of the local coordinate system of the object.</Definition>
      <PropertyType>
        <TypePropertySingleValue>
          <DataType type="IfcPositiveLengthMeasure" />
        </TypePropertySingleValue>
      </PropertyType>
      <NameAliases>
        <NameAlias lang="en">Nominal Body Length</NameAlias>
        <NameAlias lang="ja-JP">呼称躯体長</NameAlias>
      </NameAliases>
      <DefinitionAliases>
        <DefinitionAlias lang="en" />
        <DefinitionAlias lang="ja-JP">防臭弁の区画の半径か局所座標系のＸ軸に沿って測定された呼称もしくは積算された長さ。</DefinitionAlias>
      </DefinitionAliases>
    </PropertyDef>
    <PropertyDef ifdguid="639a5e00d21611e1800000215ad4efdf">
      <Name>NominalBodyWidth</Name>
      <Definition>Nominal or quoted length, measured along the y-axis of the local coordinate system of the object.</Definition>
      <PropertyType>
        <TypePropertySingleValue>
          <DataType type="IfcPositiveLengthMeasure" />
        </TypePropertySingleValue>
      </PropertyType>
      <NameAliases>
        <NameAlias lang="en">Nominal Body Width</NameAlias>
        <NameAlias lang="ja-JP">呼称躯体幅</NameAlias>
      </NameAliases>
      <DefinitionAliases>
        <DefinitionAlias lang="en" />
        <DefinitionAlias lang="ja-JP">防臭弁の区画の半径か局所座標系のＹ軸に沿って測定された呼称もしくは積算された長さ。</DefinitionAlias>
      </DefinitionAliases>
    </PropertyDef>
    <PropertyDef ifdguid="6bf29900d21611e1800000215ad4efdf">
      <Name>NominalBodyDepth</Name>
      <Definition>Nominal or quoted length measured along the z-axis of the local coordinate system of the object.</Definition>
      <PropertyType>
        <TypePropertySingleValue>
          <DataType type="IfcPositiveLengthMeasure" />
        </TypePropertySingleValue>
      </PropertyType>
      <NameAliases>
        <NameAlias lang="en">Nominal Body Depth</NameAlias>
        <NameAlias lang="ja-JP">呼称躯体深さ</NameAlias>
      </NameAliases>
      <DefinitionAliases>
        <DefinitionAlias lang="en" />
        <DefinitionAlias lang="ja-JP">防臭弁の区画の半径か局所座標系のZ軸に沿って測定された呼称もしくは積算された長さ。</DefinitionAlias>
      </DefinitionAliases>
    </PropertyDef>
    <PropertyDef ifdguid="c809ed00d21711e1800000215ad4efdf">
      <Name>GullyType</Name>
      <Definition>Identifies the predefined types of gully from which the type required may be set.</Definition>
      <PropertyType>
        <TypePropertyEnumeratedValue>
          <EnumList name="PEnum_GullyType">
            <EnumItem>VERTICAL</EnumItem>
            <EnumItem>BACKINLET</EnumItem>
            <EnumItem>OTHER</EnumItem>
            <EnumItem>NOTKNOWN</EnumItem>
            <EnumItem>UNSET</EnumItem>
          </EnumList>
          <ConstantList>
            <ConstantDef>
              <Name>VERTICAL</Name>
              <NameAliases>
                <NameAlias lang="en">Vertical</NameAlias>
              </NameAliases>
              <DefinitionAliases />
            </ConstantDef>
            <ConstantDef>
              <Name>BACKINLET</Name>
              <NameAliases>
                <NameAlias lang="en">Backinlet</NameAlias>
              </NameAliases>
              <DefinitionAliases />
            </ConstantDef>
            <ConstantDef>
              <Name>OTHER</Name>
              <Definition>required category not on scale</Definition>
              <NameAliases>
                <NameAlias lang="en">(other)</NameAlias>
              </NameAliases>
              <DefinitionAliases>
                <DefinitionAlias lang="en">Value is not listed.</DefinitionAlias>
              </DefinitionAliases>
            </ConstantDef>
            <ConstantDef>
              <Name>NOTKNOWN</Name>
              <Definition>Value is unkown</Definition>
              <NameAliases>
                <NameAlias lang="en">(unknown)</NameAlias>
              </NameAliases>
              <DefinitionAliases>
                <DefinitionAlias lang="en">Value is unknown.</DefinitionAlias>
              </DefinitionAliases>
            </ConstantDef>
            <ConstantDef>
              <Name>UNSET</Name>
              <Definition>Value has not been specified</Definition>
              <NameAliases>
                <NameAlias lang="en">(unset)</NameAlias>
              </NameAliases>
              <DefinitionAliases>
                <DefinitionAlias lang="en">Value has not been specified.</DefinitionAlias>
              </DefinitionAliases>
            </ConstantDef>
          </ConstantList>
        </TypePropertyEnumeratedValue>
      </PropertyType>
      <NameAliases>
        <NameAlias lang="en">Gully Type</NameAlias>
        <NameAlias lang="ja-JP">防臭弁の種類</NameAlias>
      </NameAliases>
      <DefinitionAliases>
        <DefinitionAlias lang="en" />
        <DefinitionAlias lang="ja-JP">設置する予定の溝をあらかじめ定義でタイプを確認します。</DefinitionAlias>
      </DefinitionAliases>
    </PropertyDef>
    <PropertyDef ifdguid="d5bf7280d21711e1800000215ad4efdf">
      <Name>HasStrainer</Name>
      <Definition>Indicates whether the gully trap has a strainer (= TRUE) or not (= FALSE).</Definition>
      <PropertyType>
        <TypePropertySingleValue>
          <DataType type="IfcBoolean" />
        </TypePropertySingleValue>
      </PropertyType>
      <NameAliases>
        <NameAlias lang="en">Has Strainer</NameAlias>
        <NameAlias lang="ja-JP">ろ過装置</NameAlias>
      </NameAliases>
      <DefinitionAliases>
        <DefinitionAlias lang="en" />
        <DefinitionAlias lang="ja-JP">溝の防臭弁がろ過装置を備えているかどうかの指示。</DefinitionAlias>
      </DefinitionAliases>
    </PropertyDef>
    <PropertyDef ifdguid="dd7f1700d21711e1800000215ad4efdf">
      <Name>TrapType</Name>
      <Definition>Identifies the predefined types of trap from which the type required may be set.</Definition>
      <PropertyType>
        <TypePropertyEnumeratedValue>
          <EnumList name="PEnum_TrapType">
            <EnumItem>NONE</EnumItem>
            <EnumItem>P_TRAP</EnumItem>
            <EnumItem>Q_TRAP</EnumItem>
            <EnumItem>S_TRAP</EnumItem>
            <EnumItem>OTHER</EnumItem>
            <EnumItem>NOTKNOWN</EnumItem>
            <EnumItem>UNSET</EnumItem>
          </EnumList>
          <ConstantList>
            <ConstantDef>
              <Name>NONE</Name>
              <Definition>No waterproof.</Definition>
              <NameAliases>
                <NameAlias lang="en">None</NameAlias>
              </NameAliases>
              <DefinitionAliases>
                <DefinitionAlias lang="en">None, empty or no additional action or function.</DefinitionAlias>
              </DefinitionAliases>
            </ConstantDef>
            <ConstantDef>
              <Name>P_TRAP</Name>
              <NameAliases>
                <NameAlias lang="en">P Trap</NameAlias>
              </NameAliases>
              <DefinitionAliases />
            </ConstantDef>
            <ConstantDef>
              <Name>Q_TRAP</Name>
              <NameAliases>
                <NameAlias lang="en">Q Trap</NameAlias>
              </NameAliases>
              <DefinitionAliases />
            </ConstantDef>
            <ConstantDef>
              <Name>S_TRAP</Name>
              <NameAliases>
                <NameAlias lang="en">S Trap</NameAlias>
              </NameAliases>
              <DefinitionAliases />
            </ConstantDef>
            <ConstantDef>
              <Name>OTHER</Name>
              <Definition>required category not on scale</Definition>
              <NameAliases>
                <NameAlias lang="en">(other)</NameAlias>
              </NameAliases>
              <DefinitionAliases>
                <DefinitionAlias lang="en">Value is not listed.</DefinitionAlias>
              </DefinitionAliases>
            </ConstantDef>
            <ConstantDef>
              <Name>NOTKNOWN</Name>
              <Definition>Value is unkown</Definition>
              <NameAliases>
                <NameAlias lang="en">(unknown)</NameAlias>
              </NameAliases>
              <DefinitionAliases>
                <DefinitionAlias lang="en">Value is unknown.</DefinitionAlias>
              </DefinitionAliases>
            </ConstantDef>
            <ConstantDef>
              <Name>UNSET</Name>
              <Definition>Value has not been specified</Definition>
              <NameAliases>
                <NameAlias lang="en">(unset)</NameAlias>
              </NameAliases>
              <DefinitionAliases>
                <DefinitionAlias lang="en">Value has not been specified.</DefinitionAlias>
              </DefinitionAliases>
            </ConstantDef>
          </ConstantList>
        </TypePropertyEnumeratedValue>
      </PropertyType>
      <NameAliases>
        <NameAlias lang="en">Trap Type</NameAlias>
        <NameAlias lang="ja-JP">防臭弁の種類</NameAlias>
      </NameAliases>
      <DefinitionAliases>
        <DefinitionAlias lang="en" />
        <DefinitionAlias lang="ja-JP">セットされる予定の防臭弁のあらかじめ定義されたタイプを確認します。</DefinitionAlias>
      </DefinitionAliases>
    </PropertyDef>
    <PropertyDef ifdguid="ec65c980d21711e1800000215ad4efdf">
      <Name>OutletConnectionSize</Name>
      <Definition>Size of the outlet connection from the object.</Definition>
      <PropertyType>
        <TypePropertySingleValue>
          <DataType type="IfcPositiveLengthMeasure" />
        </TypePropertySingleValue>
      </PropertyType>
      <NameAliases>
        <NameAlias lang="en">Outlet Connection Size</NameAlias>
        <NameAlias lang="ja-JP">排気口接続口サイズ</NameAlias>
      </NameAliases>
      <DefinitionAliases>
        <DefinitionAlias lang="en" />
        <DefinitionAlias lang="ja-JP">要素からの接続口サイズ。</DefinitionAlias>
      </DefinitionAliases>
    </PropertyDef>
    <PropertyDef ifdguid="f4be0480d21711e1800000215ad4efdf">
      <Name>BackInletPatternType</Name>
      <Definition>Identifies the pattern of inlet connections to a gully trap.

A gulley trap may have 0,1,2,3 or 4 inlet connections and the pattern of their arrangement may vary. The enumeration makes the convention that an outlet is either vertical or is placed at the bottom (south side) of the gully trap (when viewed in plan). Position 1 is to the left (west), position 2 is to the top (north), position 3 is to the right (east) and position 4 is to the bottom (south).

               2
               |
   ----------------
   !                       |
1-|                       |-3
   !                       |
   ----------------
               |
              4</Definition>
      <PropertyType>
        <TypePropertyEnumeratedValue>
          <EnumList name="PEnum_BackInletPatternType">
            <EnumItem>NONE</EnumItem>
            <EnumItem>1</EnumItem>
            <EnumItem>2</EnumItem>
            <EnumItem>3</EnumItem>
            <EnumItem>4</EnumItem>
            <EnumItem>12</EnumItem>
            <EnumItem>13</EnumItem>
            <EnumItem>14</EnumItem>
            <EnumItem>23</EnumItem>
            <EnumItem>24</EnumItem>
            <EnumItem>34</EnumItem>
            <EnumItem>123</EnumItem>
            <EnumItem>124</EnumItem>
            <EnumItem>134</EnumItem>
            <EnumItem>234</EnumItem>
            <EnumItem>1234</EnumItem>
          </EnumList>
          <ConstantList>
            <ConstantDef>
              <Name>NONE</Name>
              <Definition>No waterproof.</Definition>
              <NameAliases>
                <NameAlias lang="en">None</NameAlias>
              </NameAliases>
              <DefinitionAliases>
                <DefinitionAlias lang="en">None, empty or no additional action or function.</DefinitionAlias>
              </DefinitionAliases>
            </ConstantDef>
            <ConstantDef>
              <Name>1</Name>
              <NameAliases>
                <NameAlias lang="en">1</NameAlias>
              </NameAliases>
              <DefinitionAliases />
            </ConstantDef>
            <ConstantDef>
              <Name>2</Name>
              <NameAliases>
                <NameAlias lang="en">2</NameAlias>
              </NameAliases>
              <DefinitionAliases />
            </ConstantDef>
            <ConstantDef>
              <Name>3</Name>
              <NameAliases>
                <NameAlias lang="en">3</NameAlias>
              </NameAliases>
              <DefinitionAliases />
            </ConstantDef>
            <ConstantDef>
              <Name>4</Name>
              <NameAliases>
                <NameAlias lang="en">4</NameAlias>
              </NameAliases>
              <DefinitionAliases />
            </ConstantDef>
            <ConstantDef>
              <Name>12</Name>
              <NameAliases>
                <NameAlias lang="en">12</NameAlias>
              </NameAliases>
              <DefinitionAliases />
            </ConstantDef>
            <ConstantDef>
              <Name>13</Name>
              <NameAliases>
                <NameAlias lang="en">13</NameAlias>
              </NameAliases>
              <DefinitionAliases />
            </ConstantDef>
            <ConstantDef>
              <Name>14</Name>
              <NameAliases>
                <NameAlias lang="en">14</NameAlias>
              </NameAliases>
              <DefinitionAliases />
            </ConstantDef>
            <ConstantDef>
              <Name>23</Name>
              <NameAliases>
                <NameAlias lang="en">23</NameAlias>
              </NameAliases>
              <DefinitionAliases />
            </ConstantDef>
            <ConstantDef>
              <Name>24</Name>
              <NameAliases>
                <NameAlias lang="en">24</NameAlias>
              </NameAliases>
              <DefinitionAliases />
            </ConstantDef>
            <ConstantDef>
              <Name>34</Name>
              <NameAliases>
                <NameAlias lang="en">34</NameAlias>
              </NameAliases>
              <DefinitionAliases />
            </ConstantDef>
            <ConstantDef>
              <Name>123</Name>
              <NameAliases>
                <NameAlias lang="en">123</NameAlias>
              </NameAliases>
              <DefinitionAliases />
            </ConstantDef>
            <ConstantDef>
              <Name>124</Name>
              <NameAliases>
                <NameAlias lang="en">124</NameAlias>
              </NameAliases>
              <DefinitionAliases />
            </ConstantDef>
            <ConstantDef>
              <Name>134</Name>
              <NameAliases>
                <NameAlias lang="en">134</NameAlias>
              </NameAliases>
              <DefinitionAliases />
            </ConstantDef>
            <ConstantDef>
              <Name>234</Name>
              <NameAliases>
                <NameAlias lang="en">234</NameAlias>
              </NameAliases>
              <DefinitionAliases />
            </ConstantDef>
            <ConstantDef>
              <Name>1234</Name>
              <NameAliases>
                <NameAlias lang="en">1234</NameAlias>
              </NameAliases>
              <DefinitionAliases />
            </ConstantDef>
          </ConstantList>
        </TypePropertyEnumeratedValue>
      </PropertyType>
      <NameAliases>
        <NameAlias lang="en">Back Inlet Pattern Type</NameAlias>
      </NameAliases>
      <DefinitionAliases>
        <DefinitionAlias lang="en" />
      </DefinitionAliases>
    </PropertyDef>
    <PropertyDef ifdguid="c4299b00d21611e1800000215ad4efdf">
      <Name>InletConnectionSize</Name>
      <Definition>Size of the inlet connection.
Note that all inlet connections are assumed to be the same size.</Definition>
      <PropertyType>
        <TypePropertySingleValue>
          <DataType type="IfcPositiveLengthMeasure" />
        </TypePropertySingleValue>
      </PropertyType>
      <NameAliases>
        <NameAlias lang="en">Inlet Connection Size</NameAlias>
        <NameAlias lang="ja-JP">吸気口サイズ</NameAlias>
      </NameAliases>
      <DefinitionAliases>
        <DefinitionAlias lang="en" />
        <DefinitionAlias lang="ja-JP">吸気口接続口のサイズ

注意：同サイズの吸気口接続口がないものとする。</DefinitionAlias>
      </DefinitionAliases>
    </PropertyDef>
    <PropertyDef ifdguid="cdb30300d21611e1800000215ad4efdf">
      <Name>CoverLength</Name>
      <Definition>The length measured along the x-axis in the local coordinate system or the radius (in the case of a circular shape in plan) of the cover of the object.</Definition>
      <PropertyType>
        <TypePropertySingleValue>
          <DataType type="IfcPositiveLengthMeasure" />
        </TypePropertySingleValue>
      </PropertyType>
      <NameAliases>
        <NameAlias lang="en">Cover Length</NameAlias>
        <NameAlias lang="ja-JP">カバー長さ</NameAlias>
      </NameAliases>
      <DefinitionAliases>
        <DefinitionAlias lang="en" />
        <DefinitionAlias lang="ja-JP">局所座標系のX軸に沿うか、半径（円状の形の場合）で測定された防臭弁カバーの長さ。</DefinitionAlias>
      </DefinitionAliases>
    </PropertyDef>
    <PropertyDef ifdguid="d6a3d480d21611e1800000215ad4efdf">
      <Name>CoverWidth</Name>
      <Definition>The length measured along the y-axis in the local coordinate system of the cover of the object.</Definition>
      <PropertyType>
        <TypePropertySingleValue>
          <DataType type="IfcPositiveLengthMeasure" />
        </TypePropertySingleValue>
      </PropertyType>
      <NameAliases>
        <NameAlias lang="en">Cover Width</NameAlias>
        <NameAlias lang="ja-JP">カバー幅</NameAlias>
      </NameAliases>
      <DefinitionAliases>
        <DefinitionAlias lang="en" />
        <DefinitionAlias lang="ja-JP">局所座標系のY軸で測定された防臭弁カバーの長さ。</DefinitionAlias>
      </DefinitionAliases>
    </PropertyDef>
  </PropertyDefs>
  <PsetDefinitionAliases>
    <PsetDefinitionAlias lang="en" />
    <PsetDefinitionAlias lang="ja-JP">表面水や廃水を受けるために取り付けられる、取付器具や配管(BS6100 330 3504)グレーチングや防臭弁を通して排出されるよう取り付けられる。</PsetDefinitionAlias>
  </PsetDefinitionAliases>
</PropertySetDef>