<?xml version="1.0" encoding="utf-8"?>
<PropertySetDef xmlns:xsi="http://www.w3.org/2001/XMLSchema-instance" xmlns:xsd="http://www.w3.org/2001/XMLSchema" ifdguid="08507780d1e611e1800000215ad4efdf" templatetype="PSET_TYPEDRIVENOVERRIDE" xsi:noNamespaceSchemaLocation="http://buildingSMART-tech.org/xml/psd/PSD_IFC4.xsd" xmlns="http://buildingSMART-tech.org/xml/psd/PSD_IFC4.xsd">
  <IfcVersion version="IFC4X4" />
  <Name>Pset_FilterTypeCompressedAirFilter</Name>
  <Definition>Compressed air filter type attributes.</Definition>
  <Applicability />
  <ApplicableClasses>
    <ClassName>IfcFilter/COMPRESSEDAIRFILTER</ClassName>
  </ApplicableClasses>
  <ApplicableTypeValue>IfcFilter/COMPRESSEDAIRFILTER</ApplicableTypeValue>
  <PropertyDefs>
    <PropertyDef ifdguid="0c7c9500d1e611e1800000215ad4efdf">
      <Name>CompressedAirFilterType</Name>
      <Definition>ACTIVATEDCARBON: absorbs oil vapor and odor; PARTICLE_FILTER: used to absorb solid particles of medium size; COALESCENSE_FILTER: used to absorb fine solid, oil, and water particles, also called micro filter</Definition>
      <PropertyType>
        <TypePropertyEnumeratedValue>
          <EnumList name="PEnum_CompressedAirFilterType">
            <EnumItem>ACTIVATEDCARBON</EnumItem>
            <EnumItem>PARTICLE_FILTER</EnumItem>
            <EnumItem>COALESCENSE_FILTER</EnumItem>
            <EnumItem>OTHER</EnumItem>
            <EnumItem>NOTKNOWN</EnumItem>
            <EnumItem>UNSET</EnumItem>
          </EnumList>
          <ConstantList>
            <ConstantDef>
              <Name>ACTIVATEDCARBON</Name>
              <NameAliases>
                <NameAlias lang="en">Activated Carbon</NameAlias>
              </NameAliases>
              <DefinitionAliases />
            </ConstantDef>
            <ConstantDef>
              <Name>PARTICLE_FILTER</Name>
              <NameAliases>
                <NameAlias lang="en">Particle Filter</NameAlias>
              </NameAliases>
              <DefinitionAliases>
                <DefinitionAlias lang="en">used to absorb solid particles of medium size</DefinitionAlias>
              </DefinitionAliases>
            </ConstantDef>
            <ConstantDef>
              <Name>COALESCENSE_FILTER</Name>
              <NameAliases>
                <NameAlias lang="en">Coalescense Filter</NameAlias>
              </NameAliases>
              <DefinitionAliases>
                <DefinitionAlias lang="en">used to absorb fine solid, oil, and water particles, also called micro filter</DefinitionAlias>
              </DefinitionAliases>
            </ConstantDef>
            <ConstantDef>
              <Name>OTHER</Name>
              <Definition>required category not on scale</Definition>
              <NameAliases>
                <NameAlias lang="en">(other)</NameAlias>
              </NameAliases>
              <DefinitionAliases>
                <DefinitionAlias lang="en">Value is not listed.</DefinitionAlias>
              </DefinitionAliases>
            </ConstantDef>
            <ConstantDef>
              <Name>NOTKNOWN</Name>
              <Definition>Value is unkown</Definition>
              <NameAliases>
                <NameAlias lang="en">(unknown)</NameAlias>
              </NameAliases>
              <DefinitionAliases>
                <DefinitionAlias lang="en">Value is unknown.</DefinitionAlias>
              </DefinitionAliases>
            </ConstantDef>
            <ConstantDef>
              <Name>UNSET</Name>
              <Definition>Value has not been specified</Definition>
              <NameAliases>
                <NameAlias lang="en">(unset)</NameAlias>
              </NameAliases>
              <DefinitionAliases>
                <DefinitionAlias lang="en">Value has not been specified.</DefinitionAlias>
              </DefinitionAliases>
            </ConstantDef>
          </ConstantList>
        </TypePropertyEnumeratedValue>
      </PropertyType>
      <NameAliases>
        <NameAlias lang="en">Compressed Air Filter Type</NameAlias>
      </NameAliases>
      <DefinitionAliases>
        <DefinitionAlias lang="en" />
      </DefinitionAliases>
    </PropertyDef>
    <PropertyDef ifdguid="17cfc080d1e611e1800000215ad4efdf">
      <Name>OperationPressureMax</Name>
      <Definition>Maximum pressure under normal operating conditions.</Definition>
      <PropertyType>
        <TypePropertySingleValue>
          <DataType type="IfcPressureMeasure" />
        </TypePropertySingleValue>
      </PropertyType>
      <NameAliases>
        <NameAlias lang="en">Operation Pressure Max</NameAlias>
      </NameAliases>
      <DefinitionAliases>
        <DefinitionAlias lang="en" />
      </DefinitionAliases>
    </PropertyDef>
    <PropertyDef ifdguid="1bfbde00d1e611e1800000215ad4efdf">
      <Name>ParticleAbsorptionCurve</Name>
      <Definition>Ratio of particles that are removed by the filter. Each entry describes the ratio of particles absorbed greater than equal to the specified size and less than the next specified size. For example, given for 3 significant particle sizes &gt;= 0,1 micro m, &gt;= 1 micro m, &gt;= 5 micro m</Definition>
      <PropertyType>
        <TypePropertyTableValue>
          <Expression />
          <DefiningValue>
            <DataType type="IfcPositiveLengthMeasure" />
          </DefiningValue>
          <DefinedValue>
            <DataType type="IfcPositiveRatioMeasure" />
          </DefinedValue>
        </TypePropertyTableValue>
      </PropertyType>
      <NameAliases>
        <NameAlias lang="en">Particle Absorption Curve</NameAlias>
      </NameAliases>
      <DefinitionAliases>
        <DefinitionAlias lang="en" />
      </DefinitionAliases>
    </PropertyDef>
    <PropertyDef ifdguid="25854600d1e611e1800000215ad4efdf">
      <Name>AutomaticCondensateDischarge</Name>
      <Definition>Whether or not the condensing water or oil is discharged automatically from the filter.</Definition>
      <PropertyType>
        <TypePropertySingleValue>
          <DataType type="IfcBoolean" />
        </TypePropertySingleValue>
      </PropertyType>
      <NameAliases>
        <NameAlias lang="en">Automatic Condensate Discharge</NameAlias>
      </NameAliases>
      <DefinitionAliases>
        <DefinitionAlias lang="en" />
      </DefinitionAliases>
    </PropertyDef>
    <PropertyDef ifdguid="2ae29080d1e611e1800000215ad4efdf">
      <Name>CloggingIndicator</Name>
      <Definition>Whether the filter has an indicator to display the degree of clogging of the filter.</Definition>
      <PropertyType>
        <TypePropertySingleValue>
          <DataType type="IfcBoolean" />
        </TypePropertySingleValue>
      </PropertyType>
      <NameAliases>
        <NameAlias lang="en">Clogging Indicator</NameAlias>
      </NameAliases>
      <DefinitionAliases>
        <DefinitionAlias lang="en" />
      </DefinitionAliases>
    </PropertyDef>
  </PropertyDefs>
  <PsetDefinitionAliases>
    <PsetDefinitionAlias lang="en" />
  </PsetDefinitionAliases>
</PropertySetDef>