<?xml version="1.0" encoding="utf-8"?>
<PropertySetDef xmlns:xsi="http://www.w3.org/2001/XMLSchema-instance" xmlns:xsd="http://www.w3.org/2001/XMLSchema" ifdguid="667a5494a9fb4696bcaed51889066551" templatetype="PSET_OCCURRENCEDRIVEN" xsi:noNamespaceSchemaLocation="http://buildingSMART-tech.org/xml/psd/PSD_IFC4.xsd" xmlns="http://buildingSMART-tech.org/xml/psd/PSD_IFC4.xsd">
  <IfcVersion version="IFC4X4" />
  <Name>Pset_ShiplockComplex</Name>
  <Definition>Properties common to the definition of occurrences of _IfcMarineFacility_ with the predefined type set to SHIPLOCK, where the facility represents a complex of multiple shiplocks.</Definition>
  <Applicability />
  <ApplicableClasses>
    <ClassName>IfcMarineFacility/SHIPLOCK</ClassName>
  </ApplicableClasses>
  <ApplicableTypeValue>IfcMarineFacility/SHIPLOCK</ApplicableTypeValue>
  <PropertyDefs>
    <PropertyDef ifdguid="24a73a145f384a5384745a3bced8740d">
      <Name>LockGrade</Name>
      <Definition>Operational grading of the ship lock complex</Definition>
      <PropertyType>
        <TypePropertySingleValue>
          <DataType type="IfcLabel" />
        </TypePropertySingleValue>
      </PropertyType>
      <NameAliases />
      <DefinitionAliases />
    </PropertyDef>
    <PropertyDef ifdguid="cc1f9cb6382d49eea23e9676803e3e4d">
      <Name>LockLines</Name>
      <Definition>Number of Parallel lock series</Definition>
      <PropertyType>
        <TypePropertySingleValue>
          <DataType type="IfcCountMeasure" />
        </TypePropertySingleValue>
      </PropertyType>
      <NameAliases />
      <DefinitionAliases />
    </PropertyDef>
    <PropertyDef ifdguid="39c17c036f3b4a3fb42366e9883ff217">
      <Name>LockChamberLevels</Name>
      <Definition>Number of steps (chambers) in a lock line</Definition>
      <PropertyType>
        <TypePropertySingleValue>
          <DataType type="IfcCountMeasure" />
        </TypePropertySingleValue>
      </PropertyType>
      <NameAliases />
      <DefinitionAliases />
    </PropertyDef>
    <PropertyDef ifdguid="cf69ef9662154e1ea385aecc401c59dc">
      <Name>LockMode</Name>
      <Definition>Type of lock system used.</Definition>
      <PropertyType>
        <TypePropertySingleValue>
          <DataType type="IfcLabel" />
        </TypePropertySingleValue>
      </PropertyType>
      <NameAliases />
      <DefinitionAliases />
    </PropertyDef>
  </PropertyDefs>
  <PsetDefinitionAliases />
</PropertySetDef>