<?xml version="1.0" encoding="utf-8"?>
<PropertySetDef xmlns:xsi="http://www.w3.org/2001/XMLSchema-instance" xmlns:xsd="http://www.w3.org/2001/XMLSchema" ifdguid="d5990d9464989b91447d629338bc2da0" templatetype="PSET_TYPEDRIVENOVERRIDE" xsi:noNamespaceSchemaLocation="http://buildingSMART-tech.org/xml/psd/PSD_IFC4.xsd" xmlns="http://buildingSMART-tech.org/xml/psd/PSD_IFC4.xsd">
  <IfcVersion version="IFC4X4" />
  <Name>Pset_ElementAssemblyTypeMast</Name>
  <Definition>Telecom Tower properties used in railway. The property set can be used by the predefined type MAST of IfcElementAssembly.</Definition>
  <Applicability />
  <ApplicableClasses>
    <ClassName>IfcElementAssembly/MAST</ClassName>
  </ApplicableClasses>
  <ApplicableTypeValue>IfcElementAssembly/MAST</ApplicableTypeValue>
  <PropertyDefs>
    <PropertyDef ifdguid="f3657b1bf04849539297a716ee242fc0">
      <Name>WithLightningRod</Name>
      <Definition>Indicates whether the element is equipped with a lightning rod (TRUE) or not (FALSE).</Definition>
      <PropertyType>
        <TypePropertySingleValue>
          <DataType type="IfcBoolean" />
        </TypePropertySingleValue>
      </PropertyType>
      <NameAliases />
      <DefinitionAliases />
    </PropertyDef>
  </PropertyDefs>
  <PsetDefinitionAliases />
</PropertySetDef>