<?xml version="1.0" encoding="utf-8"?>
<PropertySetDef xmlns:xsi="http://www.w3.org/2001/XMLSchema-instance" xmlns:xsd="http://www.w3.org/2001/XMLSchema" ifdguid="6f23c50586f7455da261721bcc1fa9ea" xsi:noNamespaceSchemaLocation="http://buildingSMART-tech.org/xml/psd/PSD_IFC4.xsd" xmlns="http://buildingSMART-tech.org/xml/psd/PSD_IFC4.xsd">
  <IfcVersion version="IFC4X4" />
  <Name>Pset_SensorTypeIdentifierSensor</Name>
  <Definition>A device that senses identification tags.</Definition>
  <Applicability />
  <ApplicableClasses>
    <ClassName>IfcSensor/IDENTIFIERSENSOR</ClassName>
  </ApplicableClasses>
  <ApplicableTypeValue>IfcSensor/IDENTIFIERSENSOR</ApplicableTypeValue>
  <PropertyDefs>
    <PropertyDef ifdguid="51b07040b89147dda5f701b8e246bf62">
      <Name>SetPointIdentifier</Name>
      <Definition>The detected tag value.</Definition>
      <PropertyType>
        <TypePropertyBoundedValue>
          <DataType type="IfcIdentifier" />
        </TypePropertyBoundedValue>
      </PropertyType>
      <NameAliases>
        <NameAlias lang="en">Set Point Identifier</NameAlias>
      </NameAliases>
      <DefinitionAliases>
        <DefinitionAlias lang="en" />
      </DefinitionAliases>
    </PropertyDef>
  </PropertyDefs>
  <PsetDefinitionAliases>
    <PsetDefinitionAlias lang="en" />
  </PsetDefinitionAliases>
</PropertySetDef>