<?xml version="1.0" encoding="utf-8"?>
<PropertySetDef xmlns:xsi="http://www.w3.org/2001/XMLSchema-instance" xmlns:xsd="http://www.w3.org/2001/XMLSchema" ifdguid="de4899f4772e4fcdebf89929fa461163" templatetype="PSET_TYPEDRIVENOVERRIDE" xsi:noNamespaceSchemaLocation="http://buildingSMART-tech.org/xml/psd/PSD_IFC4.xsd" xmlns="http://buildingSMART-tech.org/xml/psd/PSD_IFC4.xsd">
  <IfcVersion version="IFC4X4" />
  <Name>Pset_CableCarrierSegmentTypeCatenaryWire</Name>
  <Definition>Properties of a catenary wire, which is a longtitudinal wire supporting the grooved contact wires. Properties in this property set are applicable to a type or an occurence _ifcCableCarrierSegment_ with predefined type of CATENARYWIRE.</Definition>
  <Applicability />
  <ApplicableClasses>
    <ClassName>IfcCableCarrierSegment/CATENARYWIRE</ClassName>
  </ApplicableClasses>
  <ApplicableTypeValue>IfcCableCarrierSegment/CATENARYWIRE</ApplicableTypeValue>
  <PropertyDefs>
    <PropertyDef ifdguid="bf9dd06046c447428099a348641c3733">
      <Name>ACResistance</Name>
      <Definition>The resistance under AC.</Definition>
      <PropertyType>
        <TypePropertySingleValue>
          <DataType type="IfcElectricResistanceMeasure" />
        </TypePropertySingleValue>
      </PropertyType>
      <NameAliases />
      <DefinitionAliases />
    </PropertyDef>
    <PropertyDef ifdguid="284d71d234d045d8badb4db9c476d31e">
      <Name>UltimateTensileStrength</Name>
      <Definition>Indicates the maximum stress that a material or element can withstand before breaking while being stretched or pulled.</Definition>
      <PropertyType>
        <TypePropertySingleValue>
          <DataType type="IfcForceMeasure" />
        </TypePropertySingleValue>
      </PropertyType>
      <NameAliases />
      <DefinitionAliases />
    </PropertyDef>
    <PropertyDef ifdguid="c3be61588507493e8ef973fdfcd7b003">
      <Name>CatenaryWireType</Name>
      <Definition>Indicate the type of Catenary wire.</Definition>
      <PropertyType>
        <TypePropertySingleValue>
          <DataType type="IfcLabel" />
        </TypePropertySingleValue>
      </PropertyType>
      <NameAliases />
      <DefinitionAliases />
    </PropertyDef>
    <PropertyDef ifdguid="8b290080d1ed11e1800000215ad4efdf">
      <Name>ThermalExpansionCoefficient</Name>
      <Definition>Quantity characterizing the variation with thermodynamic temperature T of the distance l between two points of a body, under given conditions (IEC 113-04-27). The ratio is defined per Kelvin.</Definition>
      <PropertyType>
        <TypePropertySingleValue>
          <DataType type="IfcThermalExpansionCoefficientMeasure" />
        </TypePropertySingleValue>
      </PropertyType>
      <NameAliases>
        <NameAlias lang="en">Thermal Expansion Coefficient</NameAlias>
      </NameAliases>
      <DefinitionAliases>
        <DefinitionAlias lang="en" />
      </DefinitionAliases>
    </PropertyDef>
    <PropertyDef ifdguid="a56d336272784003b1418d8169f8652f">
      <Name>CurrentCarryingCapacity</Name>
      <Definition>Maximum value of electric current which can be carried continuously by a conductor, a device or an apparatus, under specified conditions without its steady-state temperature exceeding a  specified value. Based on IEC60826-11-13. NOTE: The temperature specified value is maximum Design Ambient Temperature.</Definition>
      <PropertyType>
        <TypePropertySingleValue>
          <DataType type="IfcElectricCurrentMeasure" />
        </TypePropertySingleValue>
      </PropertyType>
      <NameAliases>
        <NameAlias lang="en">Current Carrying Capasity</NameAlias>
      </NameAliases>
      <DefinitionAliases>
        <DefinitionAlias lang="en" />
      </DefinitionAliases>
    </PropertyDef>
    <PropertyDef ifdguid="6c4768ceed5f40fab50dc297372ba984">
      <Name>DCResistance</Name>
      <Definition>The resistance under direct current and 20 degrees centigrade.</Definition>
      <PropertyType>
        <TypePropertySingleValue>
          <DataType type="IfcElectricResistanceMeasure" />
        </TypePropertySingleValue>
      </PropertyType>
      <NameAliases />
      <DefinitionAliases />
    </PropertyDef>
    <PropertyDef ifdguid="554e00d7e4384f2bac771d98f84aa0f1">
      <Name>LayRatio</Name>
      <Definition>The ratio between lay length and the diameter of the single conductor.</Definition>
      <PropertyType>
        <TypePropertySingleValue>
          <DataType type="IfcPositiveRatioMeasure" />
        </TypePropertySingleValue>
      </PropertyType>
      <NameAliases />
      <DefinitionAliases />
    </PropertyDef>
    <PropertyDef ifdguid="65ecc000d1f611e1800000215ad4efdf">
      <Name>MassPerLength</Name>
      <Definition>Mass per length, i.e. mass of a beam with a unit length of extrusion. For example measured in kg/m.</Definition>
      <PropertyType>
        <TypePropertySingleValue>
          <DataType type="IfcMassPerLengthMeasure" />
        </TypePropertySingleValue>
      </PropertyType>
      <NameAliases>
        <NameAlias lang="en">Mass Per Length</NameAlias>
      </NameAliases>
      <DefinitionAliases>
        <DefinitionAlias lang="en" />
      </DefinitionAliases>
    </PropertyDef>
    <PropertyDef ifdguid="17b55d65a05e43f7838cd76234d9e298">
      <Name>MechanicalTension</Name>
      <Definition>Nominal value of mechanical force applied to a flow segment.</Definition>
      <PropertyType>
        <TypePropertySingleValue>
          <DataType type="IfcForceMeasure" />
        </TypePropertySingleValue>
      </PropertyType>
      <NameAliases />
      <DefinitionAliases />
    </PropertyDef>
    <PropertyDef ifdguid="542d6a9157b14b24b7dc51e4ce45cb09">
      <Name>PhysicalDescriptionReference</Name>
      <Definition>Physical description as external reference of the equipment, including e.g.weight, shape, model, length, height, diameter.</Definition>
      <PropertyType>
        <TypePropertyReferenceValue reftype="IfcExternalReference" />
      </PropertyType>
      <NameAliases />
      <DefinitionAliases />
    </PropertyDef>
    <PropertyDef ifdguid="d553478a5eae4425b46fd12b9438d449">
      <Name>StrandingMethod</Name>
      <Definition>Specifies the method used to strand the cable. Stranding is the process where a particular number of stranding elements are joined together while winding them round a common axis.</Definition>
      <PropertyType>
        <TypePropertySingleValue>
          <DataType type="IfcLabel" />
        </TypePropertySingleValue>
      </PropertyType>
      <NameAliases />
      <DefinitionAliases />
    </PropertyDef>
    <PropertyDef ifdguid="7561e794915842b6a10e7015c0cbcd6c">
      <Name>TensileStrength</Name>
      <Definition>Indicates the ability to withstand breakage apart under applied force.</Definition>
      <PropertyType>
        <TypePropertySingleValue>
          <DataType type="IfcPressureMeasure" />
        </TypePropertySingleValue>
      </PropertyType>
      <NameAliases />
      <DefinitionAliases />
    </PropertyDef>
    <PropertyDef ifdguid="7b112100d1ed11e1800000215ad4efdf">
      <Name>YoungModulus</Name>
      <Definition>A measure of the Young's modulus of elasticity of the material.</Definition>
      <PropertyType>
        <TypePropertySingleValue>
          <DataType type="IfcModulusOfElasticityMeasure" />
        </TypePropertySingleValue>
      </PropertyType>
      <NameAliases>
        <NameAlias lang="en">Young Modulus</NameAlias>
      </NameAliases>
      <DefinitionAliases>
        <DefinitionAlias lang="en" />
      </DefinitionAliases>
    </PropertyDef>
  </PropertyDefs>
  <PsetDefinitionAliases />
</PropertySetDef>