<?xml version="1.0" encoding="utf-8"?>
<PropertySetDef xmlns:xsi="http://www.w3.org/2001/XMLSchema-instance" xmlns:xsd="http://www.w3.org/2001/XMLSchema" ifdguid="6d957000d1c811e1800000215ad4efdf" templatetype="PSET_TYPEDRIVENOVERRIDE" xsi:noNamespaceSchemaLocation="http://buildingSMART-tech.org/xml/psd/PSD_IFC4.xsd" xmlns="http://buildingSMART-tech.org/xml/psd/PSD_IFC4.xsd">
  <IfcVersion version="IFC4X4" />
  <Name>Pset_CableSegmentTypeCoreSegment</Name>
  <Definition>An assembly comprising a conductor with its own insulation (and screens if any)</Definition>
  <Applicability />
  <ApplicableClasses>
    <ClassName>IfcCableSegment/CORESEGMENT</ClassName>
  </ApplicableClasses>
  <ApplicableTypeValue>IfcCableSegment/CORESEGMENT</ApplicableTypeValue>
  <PropertyDefs>
    <PropertyDef ifdguid="72f2ba80d1c811e1800000215ad4efdf">
      <Name>OverallDiameter</Name>
      <Definition>The overall diameter of a object.

The overall diameter of a core (maximum space used).</Definition>
      <PropertyType>
        <TypePropertySingleValue>
          <DataType type="IfcPositiveLengthMeasure" />
        </TypePropertySingleValue>
      </PropertyType>
      <NameAliases>
        <NameAlias lang="en">Overall Diameter</NameAlias>
        <NameAlias lang="ja-JP">全径</NameAlias>
        <NameAlias lang="ko-KR">전체 직경</NameAlias>
      </NameAliases>
      <DefinitionAliases>
        <DefinitionAlias lang="en" />
        <DefinitionAlias lang="ja-JP">全体の直径（最大スペース）。</DefinitionAlias>
        <DefinitionAlias lang="ko-KR">전체 직경 (최대 공간).</DefinitionAlias>
      </DefinitionAliases>
    </PropertyDef>
    <PropertyDef ifdguid="78e89b80d1c811e1800000215ad4efdf">
      <Name>RatedVoltage</Name>
      <Definition>The range of allowed voltage that a device is certified to handle. The upper bound of this value is the maximum.</Definition>
      <PropertyType>
        <TypePropertyBoundedValue>
          <DataType type="IfcElectricVoltageMeasure" />
        </TypePropertyBoundedValue>
      </PropertyType>
      <NameAliases>
        <NameAlias lang="en">Rated Voltage</NameAlias>
        <NameAlias lang="ja-JP">定格電圧</NameAlias>
        <NameAlias lang="ko-KR">정격 전압</NameAlias>
      </NameAliases>
      <DefinitionAliases>
        <DefinitionAlias lang="en" />
        <DefinitionAlias lang="ja-JP">機器を使用できる保障された電圧。上限値は最大値。</DefinitionAlias>
        <DefinitionAlias lang="ko-KR">장치를 사용할 보장된 전압. 상한은 최대.</DefinitionAlias>
      </DefinitionAliases>
    </PropertyDef>
    <PropertyDef ifdguid="7f771300d1c811e1800000215ad4efdf">
      <Name>RatedTemperature</Name>
      <Definition>The range of allowed temperature that a device is certified to handle. The upper bound of this value is the maximum.</Definition>
      <PropertyType>
        <TypePropertyBoundedValue>
          <DataType type="IfcThermodynamicTemperatureMeasure" />
        </TypePropertyBoundedValue>
      </PropertyType>
      <NameAliases>
        <NameAlias lang="en">Rated Temperature</NameAlias>
        <NameAlias lang="ja-JP">定格温度</NameAlias>
        <NameAlias lang="ko-KR">정격 온도</NameAlias>
      </NameAliases>
      <DefinitionAliases>
        <DefinitionAlias lang="en" />
        <DefinitionAlias lang="ja-JP">機器を使用できる保障された温度。上限値は最大値。</DefinitionAlias>
        <DefinitionAlias lang="ko-KR">장치를 사용할 보장된 온도 상한은 최대.</DefinitionAlias>
      </DefinitionAliases>
    </PropertyDef>
    <PropertyDef ifdguid="8c940200d1c811e1800000215ad4efdf">
      <Name>CoreIdentifier</Name>
      <Definition>The core identification used Identifiers may be used such as by color (Black, Brown, Grey) or by number (1, 2, 3) or by IEC phase reference (L1, L2, L3) etc.</Definition>
      <PropertyType>
        <TypePropertySingleValue>
          <DataType type="IfcIdentifier" />
        </TypePropertySingleValue>
      </PropertyType>
      <NameAliases>
        <NameAlias lang="en">Core Identifier</NameAlias>
        <NameAlias lang="ja-JP">コア識別子</NameAlias>
        <NameAlias lang="ko-KR">코어 식별자</NameAlias>
      </NameAliases>
      <DefinitionAliases>
        <DefinitionAlias lang="en" />
        <DefinitionAlias lang="ja-JP">コアの識別は、色（ブラック、ブラウン、グレー）又は番号（1、2、3）又はIECの位相基準（L1、L2、L3）などを使用。</DefinitionAlias>
        <DefinitionAlias lang="ko-KR">코어 식별 색 (블랙, 브라운, 그레이) 또는 번호 (1,2,3) 또는 IEC의 위상 기준 (L1, L2, L3)를 사용.</DefinitionAlias>
      </DefinitionAliases>
    </PropertyDef>
    <PropertyDef ifdguid="4ab68c00d1c711e1800000215ad4efdf">
      <Name>ScreenDiameter</Name>
      <Definition>The diameter of the screen around an object (if present).</Definition>
      <PropertyType>
        <TypePropertySingleValue>
          <DataType type="IfcPositiveLengthMeasure" />
        </TypePropertySingleValue>
      </PropertyType>
      <NameAliases>
        <NameAlias lang="en">Screen Diameter</NameAlias>
        <NameAlias lang="ja-JP">スクリーン径</NameAlias>
        <NameAlias lang="ko-KR">스크린 지름</NameAlias>
      </NameAliases>
      <DefinitionAliases>
        <DefinitionAlias lang="en" />
        <DefinitionAlias lang="ja-JP">遮へい層の径、厚さ。</DefinitionAlias>
        <DefinitionAlias lang="ko-KR">차폐 층의 직경, 두께.</DefinitionAlias>
      </DefinitionAliases>
    </PropertyDef>
    <PropertyDef ifdguid="9289e300d1c811e1800000215ad4efdf">
      <Name>SheathColours</Name>
      <Definition>Colour of the core (derived from IEC 60757). Note that the combined color 'GreenAndYellow' shall be used only as Protective Earth (PE) conductors according to the requirements of IEC 60446.</Definition>
      <PropertyType>
        <TypePropertyEnumeratedValue>
          <EnumList name="PEnum_CoreColoursEnum">
            <EnumItem>BLACK</EnumItem>
            <EnumItem>BLUE</EnumItem>
            <EnumItem>BROWN</EnumItem>
            <EnumItem>GOLD</EnumItem>
            <EnumItem>GREEN</EnumItem>
            <EnumItem>GREY</EnumItem>
            <EnumItem>ORANGE</EnumItem>
            <EnumItem>PINK</EnumItem>
            <EnumItem>RED</EnumItem>
            <EnumItem>SILVER</EnumItem>
            <EnumItem>TURQUOISE</EnumItem>
            <EnumItem>VIOLET</EnumItem>
            <EnumItem>WHITE</EnumItem>
            <EnumItem>YELLOW</EnumItem>
            <EnumItem>GREENANDYELLOW</EnumItem>
            <EnumItem>OTHER</EnumItem>
            <EnumItem>NOTKNOWN</EnumItem>
            <EnumItem>UNSET</EnumItem>
          </EnumList>
          <ConstantList>
            <ConstantDef>
              <Name>BLACK</Name>
              <NameAliases>
                <NameAlias lang="en">Black</NameAlias>
              </NameAliases>
              <DefinitionAliases />
            </ConstantDef>
            <ConstantDef>
              <Name>BLUE</Name>
              <NameAliases>
                <NameAlias lang="en">Blue</NameAlias>
              </NameAliases>
              <DefinitionAliases />
            </ConstantDef>
            <ConstantDef>
              <Name>BROWN</Name>
              <NameAliases>
                <NameAlias lang="en">Brown</NameAlias>
              </NameAliases>
              <DefinitionAliases />
            </ConstantDef>
            <ConstantDef>
              <Name>GOLD</Name>
              <NameAliases>
                <NameAlias lang="en">Gold</NameAlias>
              </NameAliases>
              <DefinitionAliases />
            </ConstantDef>
            <ConstantDef>
              <Name>GREEN</Name>
              <NameAliases>
                <NameAlias lang="en">Green</NameAlias>
              </NameAliases>
              <DefinitionAliases />
            </ConstantDef>
            <ConstantDef>
              <Name>GREY</Name>
              <NameAliases>
                <NameAlias lang="en">Grey</NameAlias>
              </NameAliases>
              <DefinitionAliases />
            </ConstantDef>
            <ConstantDef>
              <Name>ORANGE</Name>
              <NameAliases>
                <NameAlias lang="en">Orange</NameAlias>
              </NameAliases>
              <DefinitionAliases />
            </ConstantDef>
            <ConstantDef>
              <Name>PINK</Name>
              <NameAliases>
                <NameAlias lang="en">Pink</NameAlias>
              </NameAliases>
              <DefinitionAliases />
            </ConstantDef>
            <ConstantDef>
              <Name>RED</Name>
              <NameAliases>
                <NameAlias lang="en">Red</NameAlias>
              </NameAliases>
              <DefinitionAliases />
            </ConstantDef>
            <ConstantDef>
              <Name>SILVER</Name>
              <NameAliases>
                <NameAlias lang="en">Silver</NameAlias>
              </NameAliases>
              <DefinitionAliases />
            </ConstantDef>
            <ConstantDef>
              <Name>TURQUOISE</Name>
              <NameAliases>
                <NameAlias lang="en">Turquoise</NameAlias>
              </NameAliases>
              <DefinitionAliases />
            </ConstantDef>
            <ConstantDef>
              <Name>VIOLET</Name>
              <NameAliases>
                <NameAlias lang="en">Violet</NameAlias>
              </NameAliases>
              <DefinitionAliases />
            </ConstantDef>
            <ConstantDef>
              <Name>WHITE</Name>
              <NameAliases>
                <NameAlias lang="en">White</NameAlias>
              </NameAliases>
              <DefinitionAliases />
            </ConstantDef>
            <ConstantDef>
              <Name>YELLOW</Name>
              <NameAliases>
                <NameAlias lang="en">Yellow</NameAlias>
              </NameAliases>
              <DefinitionAliases />
            </ConstantDef>
            <ConstantDef>
              <Name>GREENANDYELLOW</Name>
              <NameAliases>
                <NameAlias lang="en">Green and Yellow</NameAlias>
              </NameAliases>
              <DefinitionAliases />
            </ConstantDef>
            <ConstantDef>
              <Name>OTHER</Name>
              <Definition>required category not on scale</Definition>
              <NameAliases>
                <NameAlias lang="en">(other)</NameAlias>
              </NameAliases>
              <DefinitionAliases>
                <DefinitionAlias lang="en">Value is not listed.</DefinitionAlias>
              </DefinitionAliases>
            </ConstantDef>
            <ConstantDef>
              <Name>NOTKNOWN</Name>
              <Definition>Value is unkown</Definition>
              <NameAliases>
                <NameAlias lang="en">(unknown)</NameAlias>
              </NameAliases>
              <DefinitionAliases>
                <DefinitionAlias lang="en">Value is unknown.</DefinitionAlias>
              </DefinitionAliases>
            </ConstantDef>
            <ConstantDef>
              <Name>UNSET</Name>
              <Definition>Value has not been specified</Definition>
              <NameAliases>
                <NameAlias lang="en">(unset)</NameAlias>
              </NameAliases>
              <DefinitionAliases>
                <DefinitionAlias lang="en">Value has not been specified.</DefinitionAlias>
              </DefinitionAliases>
            </ConstantDef>
          </ConstantList>
        </TypePropertyEnumeratedValue>
      </PropertyType>
      <NameAliases>
        <NameAlias lang="en">Sheath Colors</NameAlias>
        <NameAlias lang="ja-JP">シース色</NameAlias>
        <NameAlias lang="ko-KR">코어 색</NameAlias>
      </NameAliases>
      <DefinitionAliases>
        <DefinitionAlias lang="en" />
        <DefinitionAlias lang="ja-JP">コア色（IEC60757による）。緑と黄色の混合色の保護接地（PE）の導体は、IEC60446の要件に応じて注意して使用。</DefinitionAlias>
        <DefinitionAlias lang="ko-KR">녹색과 노란색 혼합 색상의 보호 접지 (PE) 도체는 IEC60446의 요구에 따라주의하여 사용.</DefinitionAlias>
      </DefinitionAliases>
    </PropertyDef>
    <PropertyDef ifdguid="b1887500d1c811e1800000215ad4efdf">
      <Name>Weight</Name>
      <Definition>Total weight of object

Weight of core kg/km.</Definition>
      <PropertyType>
        <TypePropertySingleValue>
          <DataType type="IfcMassMeasure" />
        </TypePropertySingleValue>
      </PropertyType>
      <NameAliases>
        <NameAlias lang="en">Weight</NameAlias>
        <NameAlias lang="ja-JP">重量</NameAlias>
        <NameAlias lang="ko-KR">무게</NameAlias>
      </NameAliases>
      <DefinitionAliases>
        <DefinitionAlias lang="en" />
        <DefinitionAlias lang="ja-JP">コアkg/kmの重量。</DefinitionAlias>
        <DefinitionAlias lang="ko-KR">코어 kg / km의 무게.</DefinitionAlias>
      </DefinitionAliases>
    </PropertyDef>
    <PropertyDef ifdguid="284d71d234d045d8badb4db9c476d31e">
      <Name>UltimateTensileStrength</Name>
      <Definition>Indicates the maximum stress that a material or element can withstand before breaking while being stretched or pulled.</Definition>
      <PropertyType>
        <TypePropertySingleValue>
          <DataType type="IfcForceMeasure" />
        </TypePropertySingleValue>
      </PropertyType>
      <NameAliases />
      <DefinitionAliases />
    </PropertyDef>
    <PropertyDef ifdguid="b64d2900d1c811e1800000215ad4efdf">
      <Name>SelfExtinguishing60332_1</Name>
      <Definition>Self Extinguishing cable/core according to IEC 60332.1.</Definition>
      <PropertyType>
        <TypePropertySingleValue>
          <DataType type="IfcBoolean" />
        </TypePropertySingleValue>
      </PropertyType>
      <NameAliases>
        <NameAlias lang="en">Self Extinguishing60332_1</NameAlias>
        <NameAlias lang="ja-JP">自動消火60332_1</NameAlias>
        <NameAlias lang="ko-KR">자동 소화 60332_1</NameAlias>
      </NameAliases>
      <DefinitionAliases>
        <DefinitionAlias lang="en" />
        <DefinitionAlias lang="ja-JP">自動消火ケーブル/コアはIEC 60332.1に準じる。</DefinitionAlias>
        <DefinitionAlias lang="ko-KR">자동 소화 케이블 / 코어는 IEC 60332.1에 준한다</DefinitionAlias>
      </DefinitionAliases>
    </PropertyDef>
    <PropertyDef ifdguid="bbaa7380d1c811e1800000215ad4efdf">
      <Name>SelfExtinguishing60332_3</Name>
      <Definition>Self Extinguishing cable/core according to IEC 60332.3.</Definition>
      <PropertyType>
        <TypePropertySingleValue>
          <DataType type="IfcBoolean" />
        </TypePropertySingleValue>
      </PropertyType>
      <NameAliases>
        <NameAlias lang="en">Self Extinguishing60332_3</NameAlias>
        <NameAlias lang="ja-JP">自動消火60332_3</NameAlias>
        <NameAlias lang="ko-KR">자동 소화 60332_3</NameAlias>
      </NameAliases>
      <DefinitionAliases>
        <DefinitionAlias lang="en" />
        <DefinitionAlias lang="ja-JP">自己消化ケーブル/コアはIEC 60332.3.に準じる。</DefinitionAlias>
        <DefinitionAlias lang="ko-KR">자기 소화 케이블 / 코어는 IEC 60332.3.에 준한다.</DefinitionAlias>
      </DefinitionAliases>
    </PropertyDef>
    <PropertyDef ifdguid="c107be00d1c811e1800000215ad4efdf">
      <Name>HalogenProof</Name>
      <Definition>Produces small amount of smoke and irritating Deaerator/Gas.</Definition>
      <PropertyType>
        <TypePropertySingleValue>
          <DataType type="IfcBoolean" />
        </TypePropertySingleValue>
      </PropertyType>
      <NameAliases>
        <NameAlias lang="en">Halogen Proof</NameAlias>
        <NameAlias lang="ja-JP">ハロゲン証明</NameAlias>
        <NameAlias lang="ko-KR">할로겐 증명</NameAlias>
      </NameAliases>
      <DefinitionAliases>
        <DefinitionAlias lang="en" />
        <DefinitionAlias lang="ja-JP">少量の煙および刺激する脱気/ガスを生成。</DefinitionAlias>
        <DefinitionAlias lang="ko-KR">소량의 연기와 자극 탈기 / 가스를 생성합니다.</DefinitionAlias>
      </DefinitionAliases>
    </PropertyDef>
    <PropertyDef ifdguid="a54fe800d1c711e1800000215ad4efdf">
      <Name>FunctionReliable</Name>
      <Definition>Element (such as cable, bus, core) maintain given properties/functions over a given (tested) time and conditions. According to IEC standard.</Definition>
      <PropertyType>
        <TypePropertySingleValue>
          <DataType type="IfcBoolean" />
        </TypePropertySingleValue>
      </PropertyType>
      <NameAliases>
        <NameAlias lang="en">Function Reliable</NameAlias>
        <NameAlias lang="ja-JP">信頼性のある機能</NameAlias>
        <NameAlias lang="ko-KR">신뢰할 수있는 기능</NameAlias>
      </NameAliases>
      <DefinitionAliases>
        <DefinitionAlias lang="en" />
        <DefinitionAlias lang="ja-JP">ケーブルや母線が与えられた時間と条件の中で規定される機能、性質を維持すること。これはIEC基準による。</DefinitionAlias>
        <DefinitionAlias lang="ko-KR">케이블 및 모선 주어진 시간과 조건에서 규정하는 기능, 성질을 유지한다. 이것은 IEC 기준에 의한다.</DefinitionAlias>
      </DefinitionAliases>
    </PropertyDef>
    <PropertyDef ifdguid="2b1f6380d1c711e1800000215ad4efdf">
      <Name>Standard</Name>
      <Definition>The designation of the standard applicable for the definition of the object used.</Definition>
      <PropertyType>
        <TypePropertySingleValue>
          <DataType type="IfcLabel" />
        </TypePropertySingleValue>
      </PropertyType>
      <NameAliases>
        <NameAlias lang="en">Standard</NameAlias>
        <NameAlias lang="ja-JP">標準</NameAlias>
        <NameAlias lang="ko-KR">표준</NameAlias>
      </NameAliases>
      <DefinitionAliases>
        <DefinitionAlias lang="en" />
        <DefinitionAlias lang="ja-JP">使用されるケーブル、busbarの定義のために使用される標準仕様。</DefinitionAlias>
        <DefinitionAlias lang="ko-KR">사용되는 케이블, busbar의 정의를 위해 사용되는 표준.</DefinitionAlias>
      </DefinitionAliases>
    </PropertyDef>
    <PropertyDef ifdguid="8b290080d1ed11e1800000215ad4efdf">
      <Name>ThermalExpansionCoefficient</Name>
      <Definition>Quantity characterizing the variation with thermodynamic temperature T of the distance l between two points of a body, under given conditions (IEC 113-04-27). The ratio is defined per Kelvin.</Definition>
      <PropertyType>
        <TypePropertySingleValue>
          <DataType type="IfcThermalExpansionCoefficientMeasure" />
        </TypePropertySingleValue>
      </PropertyType>
      <NameAliases>
        <NameAlias lang="en">Thermal Expansion Coefficient</NameAlias>
      </NameAliases>
      <DefinitionAliases>
        <DefinitionAlias lang="en" />
      </DefinitionAliases>
    </PropertyDef>
    <PropertyDef ifdguid="a56d336272784003b1418d8169f8652f">
      <Name>CurrentCarryingCapacity</Name>
      <Definition>Maximum value of electric current which can be carried continuously by a conductor, a device or an apparatus, under specified conditions without its steady-state temperature exceeding a  specified value. Based on IEC60826-11-13. NOTE: The temperature specified value is maximum Design Ambient Temperature.</Definition>
      <PropertyType>
        <TypePropertySingleValue>
          <DataType type="IfcElectricCurrentMeasure" />
        </TypePropertySingleValue>
      </PropertyType>
      <NameAliases>
        <NameAlias lang="en">Current Carrying Capasity</NameAlias>
      </NameAliases>
      <DefinitionAliases>
        <DefinitionAlias lang="en" />
      </DefinitionAliases>
    </PropertyDef>
    <PropertyDef ifdguid="6c4768ceed5f40fab50dc297372ba984">
      <Name>DCResistance</Name>
      <Definition>The resistance under direct current and 20 degrees centigrade.</Definition>
      <PropertyType>
        <TypePropertySingleValue>
          <DataType type="IfcElectricResistanceMeasure" />
        </TypePropertySingleValue>
      </PropertyType>
      <NameAliases />
      <DefinitionAliases />
    </PropertyDef>
    <PropertyDef ifdguid="554e00d7e4384f2bac771d98f84aa0f1">
      <Name>LayRatio</Name>
      <Definition>The ratio between lay length and the diameter of the single conductor.</Definition>
      <PropertyType>
        <TypePropertySingleValue>
          <DataType type="IfcPositiveRatioMeasure" />
        </TypePropertySingleValue>
      </PropertyType>
      <NameAliases />
      <DefinitionAliases />
    </PropertyDef>
    <PropertyDef ifdguid="65ecc000d1f611e1800000215ad4efdf">
      <Name>MassPerLength</Name>
      <Definition>Mass per length, i.e. mass of a beam with a unit length of extrusion. For example measured in kg/m.</Definition>
      <PropertyType>
        <TypePropertySingleValue>
          <DataType type="IfcMassPerLengthMeasure" />
        </TypePropertySingleValue>
      </PropertyType>
      <NameAliases>
        <NameAlias lang="en">Mass Per Length</NameAlias>
      </NameAliases>
      <DefinitionAliases>
        <DefinitionAlias lang="en" />
      </DefinitionAliases>
    </PropertyDef>
    <PropertyDef ifdguid="63e139d512664b6385603bd50c7c5504">
      <Name>TensileStrength</Name>
      <Definition>Indicates the ability to withstand breakage apart under applied force.</Definition>
      <PropertyType>
        <TypePropertySingleValue>
          <DataType type="IfcPressureMeasure" />
        </TypePropertySingleValue>
      </PropertyType>
      <NameAliases />
      <DefinitionAliases />
    </PropertyDef>
    <PropertyDef ifdguid="7b112100d1ed11e1800000215ad4efdf">
      <Name>YoungModulus</Name>
      <Definition>A measure of the Young's modulus of elasticity of the material.</Definition>
      <PropertyType>
        <TypePropertySingleValue>
          <DataType type="IfcModulusOfElasticityMeasure" />
        </TypePropertySingleValue>
      </PropertyType>
      <NameAliases>
        <NameAlias lang="en">Young Modulus</NameAlias>
      </NameAliases>
      <DefinitionAliases>
        <DefinitionAlias lang="en" />
      </DefinitionAliases>
    </PropertyDef>
    <PropertyDef ifdguid="bf9dd06046c447428099a348641c3733">
      <Name>ACResistance</Name>
      <Definition>The resistance under AC.</Definition>
      <PropertyType>
        <TypePropertySingleValue>
          <DataType type="IfcElectricResistanceMeasure" />
        </TypePropertySingleValue>
      </PropertyType>
      <NameAliases />
      <DefinitionAliases />
    </PropertyDef>
    <PropertyDef ifdguid="d553478a5eae4425b46fd12b9438d449">
      <Name>StrandingMethod</Name>
      <Definition>Specifies the method used to strand the cable. Stranding is the process where a particular number of stranding elements are joined together while winding them round a common axis.</Definition>
      <PropertyType>
        <TypePropertySingleValue>
          <DataType type="IfcLabel" />
        </TypePropertySingleValue>
      </PropertyType>
      <NameAliases />
      <DefinitionAliases />
    </PropertyDef>
  </PropertyDefs>
  <PsetDefinitionAliases>
    <PsetDefinitionAlias lang="en" />
    <PsetDefinitionAlias lang="ja-JP">絶縁（と、いくつかのシールド）をもった導体の集合。</PsetDefinitionAlias>
  </PsetDefinitionAliases>
</PropertySetDef>