<?xml version="1.0" encoding="utf-8"?>
<PropertySetDef xmlns:xsi="http://www.w3.org/2001/XMLSchema-instance" xmlns:xsd="http://www.w3.org/2001/XMLSchema" ifdguid="95a7c200d20e11e1800000215ad4efdf" templatetype="PSET_TYPEDRIVENOVERRIDE" xsi:noNamespaceSchemaLocation="http://buildingSMART-tech.org/xml/psd/PSD_IFC4.xsd" xmlns="http://buildingSMART-tech.org/xml/psd/PSD_IFC4.xsd">
  <IfcVersion version="IFC4X4" />
  <Name>Pset_SwitchingDeviceTypeStarter</Name>
  <Definition>A starter is a switch which in the closed position controls the application of power to an electrical device.</Definition>
  <Applicability />
  <ApplicableClasses>
    <ClassName>IfcSwitchingDevice/STARTER</ClassName>
  </ApplicableClasses>
  <ApplicableTypeValue>IfcSwitchingDevice/STARTER</ApplicableTypeValue>
  <PropertyDefs>
    <PropertyDef ifdguid="99d3df80d20e11e1800000215ad4efdf">
      <Name>StarterType</Name>
      <Definition>A list of the available types of starter from which that required may be selected where:

AutoTransformer: A starter for an induction motor which uses for starting one or more reduced voltages derived from an auto transformer. (IEC 441-14-45)
Manual: A starter in which the force for closing the main contacts is provided exclusively by manual energy. (IEC 441-14-39)
DirectOnLine: A starter which connects the line voltage across the motor terminals in one step. (IEC 441-14-40)
Frequency: A starter in which the frequency of the power supply is progressively increased until the normal operation frequency is attained.
nStep: A starter in which there are (n-1) intermediate accelerating positions between the off and full on positions. (IEC 441-14-41)
Rheostatic: A starter using one or several resistors for obtaining, during starting, stated motor torque characteristics and for limiting the current. (IEC 441-14-425)
StarDelta: A starter for a 3 phase induction motor such that in the starting position the stator windings are connected in star and in the final running position they are connected in delta. (IEC 441-14-44)</Definition>
      <PropertyType>
        <TypePropertyEnumeratedValue>
          <EnumList name="PEnum_StarterType">
            <EnumItem>AUTOTRANSFORMER</EnumItem>
            <EnumItem>MANUAL</EnumItem>
            <EnumItem>DIRECTONLINE</EnumItem>
            <EnumItem>FREQUENCY</EnumItem>
            <EnumItem>NSTEP</EnumItem>
            <EnumItem>RHEOSTATIC</EnumItem>
            <EnumItem>STARDELTA</EnumItem>
            <EnumItem>OTHER</EnumItem>
            <EnumItem>NOTKNOWN</EnumItem>
            <EnumItem>UNSET</EnumItem>
          </EnumList>
          <ConstantList>
            <ConstantDef>
              <Name>AUTOTRANSFORMER</Name>
              <NameAliases>
                <NameAlias lang="en">Auto Transformer</NameAlias>
              </NameAliases>
              <DefinitionAliases />
            </ConstantDef>
            <ConstantDef>
              <Name>MANUAL</Name>
              <NameAliases>
                <NameAlias lang="en">Manual</NameAlias>
              </NameAliases>
              <DefinitionAliases />
            </ConstantDef>
            <ConstantDef>
              <Name>DIRECTONLINE</Name>
              <NameAliases>
                <NameAlias lang="en">Direct Online</NameAlias>
              </NameAliases>
              <DefinitionAliases />
            </ConstantDef>
            <ConstantDef>
              <Name>FREQUENCY</Name>
              <NameAliases>
                <NameAlias lang="en">Frequency</NameAlias>
              </NameAliases>
              <DefinitionAliases />
            </ConstantDef>
            <ConstantDef>
              <Name>NSTEP</Name>
              <NameAliases>
                <NameAlias lang="en">Nstep</NameAlias>
              </NameAliases>
              <DefinitionAliases />
            </ConstantDef>
            <ConstantDef>
              <Name>RHEOSTATIC</Name>
              <NameAliases>
                <NameAlias lang="en">Rheostatic</NameAlias>
              </NameAliases>
              <DefinitionAliases />
            </ConstantDef>
            <ConstantDef>
              <Name>STARDELTA</Name>
              <NameAliases>
                <NameAlias lang="en">Star Delta</NameAlias>
              </NameAliases>
              <DefinitionAliases />
            </ConstantDef>
            <ConstantDef>
              <Name>OTHER</Name>
              <Definition>required category not on scale</Definition>
              <NameAliases>
                <NameAlias lang="en">(other)</NameAlias>
              </NameAliases>
              <DefinitionAliases>
                <DefinitionAlias lang="en">Value is not listed.</DefinitionAlias>
              </DefinitionAliases>
            </ConstantDef>
            <ConstantDef>
              <Name>NOTKNOWN</Name>
              <Definition>Value is unkown</Definition>
              <NameAliases>
                <NameAlias lang="en">(unknown)</NameAlias>
              </NameAliases>
              <DefinitionAliases>
                <DefinitionAlias lang="en">Value is unknown.</DefinitionAlias>
              </DefinitionAliases>
            </ConstantDef>
            <ConstantDef>
              <Name>UNSET</Name>
              <Definition>Value has not been specified</Definition>
              <NameAliases>
                <NameAlias lang="en">(unset)</NameAlias>
              </NameAliases>
              <DefinitionAliases>
                <DefinitionAlias lang="en">Value has not been specified.</DefinitionAlias>
              </DefinitionAliases>
            </ConstantDef>
          </ConstantList>
        </TypePropertyEnumeratedValue>
      </PropertyType>
      <NameAliases>
        <NameAlias lang="en">Starter Type</NameAlias>
        <NameAlias lang="ja-JP">始動タイプ</NameAlias>
        <NameAlias lang="ko-KR">시작 유형</NameAlias>
      </NameAliases>
      <DefinitionAliases>
        <DefinitionAlias lang="en" />
        <DefinitionAlias lang="ja-JP">以下より選択が必要となる、始動の一覧リスト：

自動： 自動トランスから引き出された１つ以上の低下した電圧でスタートするために使用する誘導電動機用のスターター (IEC 441-14-45)
手動： メインのコンタクトから強制的に分離されたところにあり、手動によりエネルギーが供給される (IEC 441-14-39)
じか入れ: ワンステップでモーター・ターミナル間の線間電圧をつなぐスターター (IEC 441-14-40)
振動：電源の振動数が通常の操作振動まで次第に増大して行くスターター
nStep: オフ（OFF)とオン（ON）の間で、（n-1）の中間の加速度的な位置であるスターター。 (IEC 441-14-41)
抵抗：モータのトルク特性の取得、開始、そして安定する間に、電流を制限するために 1 つまたはいくつかの抵抗を利用したスターター (IEC 441-14-425) 
スターデルタ：開始位置では固定小巻線（スターターワインディング）が星状で接続され、その後、最終の実行状態ではデルタ状に接続されるという3相誘導モーター用のスターター。（IEC 441-14-44）</DefinitionAlias>
        <DefinitionAlias lang="ko-KR">아래에서 선택이 필요한 시동 목록 목록 : 자동 : 자동 트랜스에서 가져온 하나 이상의 저하 전압으로 시작하는 데 사용하는 유도 전동기의 스타터 (IEC 441-14-45) 수동 : 기본 연락처에서 강제로 격리된 거리에 있으며, 수동으로 에너지가 공급되는 (IEC 441-14-39) 글자 하나 입력 : 한 번에 모터 터미널 사이의 선간 전압을 연결 스타터 (IEC 441-14-40) 진동 : 전원의 진동수가 정상 작동 진동까지 점차 증대 해가는 스타터 nStep : 꺼짐 (OFF)과 켜짐 (ON) 사이에서 (n-1) 사이의 가속도적인 위치이다 스타터. (IEC 441-14-41) 저항 : 모터의 토크 특성 가져오기 시작, 그리고 안정 사이에 전류를 제한하기 위해 하나 또는 몇 가지 저항을 이용한 스타터 (IEC 441-14-425) 스타 델타 : 시작 위치는 고정 小巻 선 (초보 와인)이 소행성에 연결된 후, 최종 상태에서는 델타 모양으로 연결된다 3 상 유도 모터의 스타터. (IEC 441-14-44)</DefinitionAlias>
      </DefinitionAliases>
    </PropertyDef>
  </PropertyDefs>
  <PsetDefinitionAliases>
    <PsetDefinitionAlias lang="en" />
    <PsetDefinitionAlias lang="ja-JP">スタータースイッチは閉じた状態の位置から、電気装置に対し電力の利用を制御する装置。</PsetDefinitionAlias>
  </PsetDefinitionAliases>
</PropertySetDef>