<?xml version="1.0" encoding="utf-8"?>
<PropertySetDef xmlns:xsi="http://www.w3.org/2001/XMLSchema-instance" xmlns:xsd="http://www.w3.org/2001/XMLSchema" ifdguid="6d4ea200d1d311e1800000215ad4efdf" templatetype="PSET_TYPEDRIVENOVERRIDE" xsi:noNamespaceSchemaLocation="http://buildingSMART-tech.org/xml/psd/PSD_IFC4.xsd" xmlns="http://buildingSMART-tech.org/xml/psd/PSD_IFC4.xsd">
  <IfcVersion version="IFC4X4" />
  <Name>Pset_DistributionChamberElementTypeFormedDuct</Name>
  <Definition>Space formed in the ground for the passage of pipes, cables, ducts.</Definition>
  <Applicability />
  <ApplicableClasses>
    <ClassName>IfcDistributionChamberElement/FORMEDDUCT</ClassName>
  </ApplicableClasses>
  <ApplicableTypeValue>IfcDistributionChamberElement/FORMEDDUCT</ApplicableTypeValue>
  <PropertyDefs>
    <PropertyDef ifdguid="73448300d1d311e1800000215ad4efdf">
      <Name>ClearWidth</Name>
      <Definition>The width of the formed space in the duct.</Definition>
      <PropertyType>
        <TypePropertySingleValue>
          <DataType type="IfcPositiveLengthMeasure" />
        </TypePropertySingleValue>
      </PropertyType>
      <NameAliases>
        <NameAlias lang="en">Clear Width</NameAlias>
        <NameAlias lang="ja-JP">幅員</NameAlias>
        <NameAlias lang="ko-KR">폭</NameAlias>
      </NameAliases>
      <DefinitionAliases>
        <DefinitionAlias lang="en" />
        <DefinitionAlias lang="ja-JP">ダクトスペースの幅。</DefinitionAlias>
        <DefinitionAlias lang="ko-KR">덕트 공간 폭</DefinitionAlias>
      </DefinitionAliases>
    </PropertyDef>
    <PropertyDef ifdguid="78a1cd80d1d311e1800000215ad4efdf">
      <Name>ClearDepth</Name>
      <Definition>The depth of the formed space in the duct.</Definition>
      <PropertyType>
        <TypePropertySingleValue>
          <DataType type="IfcPositiveLengthMeasure" />
        </TypePropertySingleValue>
      </PropertyType>
      <NameAliases>
        <NameAlias lang="en">Clear Depth</NameAlias>
        <NameAlias lang="ja-JP">深さ</NameAlias>
        <NameAlias lang="ko-KR">깊이</NameAlias>
      </NameAliases>
      <DefinitionAliases>
        <DefinitionAlias lang="en" />
        <DefinitionAlias lang="ja-JP">ダクトスペースの深さ。</DefinitionAlias>
        <DefinitionAlias lang="ko-KR">덕트 공간의 깊이</DefinitionAlias>
      </DefinitionAliases>
    </PropertyDef>
    <PropertyDef ifdguid="7e97ae80d1d311e1800000215ad4efdf">
      <Name>WallThickness</Name>
      <Definition>The thickness of the duct wall construction
NOTE: It is assumed that chamber walls will be constructed at a single thickness.</Definition>
      <PropertyType>
        <TypePropertySingleValue>
          <DataType type="IfcPositiveLengthMeasure" />
        </TypePropertySingleValue>
      </PropertyType>
      <NameAliases>
        <NameAlias lang="en">Wall Thickness</NameAlias>
        <NameAlias lang="ja-JP">壁の厚さ</NameAlias>
        <NameAlias lang="ko-KR">벽 두께</NameAlias>
      </NameAliases>
      <DefinitionAliases>
        <DefinitionAlias lang="en" />
        <DefinitionAlias lang="ja-JP">ダクトスペース壁の厚さ。
注：ダクトスペースの壁は単層と仮定する</DefinitionAlias>
        <DefinitionAlias lang="ko-KR">덕트 공간 벽 두께 참고 : 덕트 공간의 벽은 단층 가정</DefinitionAlias>
      </DefinitionAliases>
    </PropertyDef>
    <PropertyDef ifdguid="835c6280d1d311e1800000215ad4efdf">
      <Name>BaseThickness</Name>
      <Definition>The thickness of the duct base construction
NOTE: It is assumed that duct base will be constructed at a single thickness.</Definition>
      <PropertyType>
        <TypePropertySingleValue>
          <DataType type="IfcPositiveLengthMeasure" />
        </TypePropertySingleValue>
      </PropertyType>
      <NameAliases>
        <NameAlias lang="en">Base Thickness</NameAlias>
        <NameAlias lang="ja-JP">基部の厚さ</NameAlias>
        <NameAlias lang="ko-KR">바닥두께</NameAlias>
      </NameAliases>
      <DefinitionAliases>
        <DefinitionAlias lang="en" />
        <DefinitionAlias lang="ja-JP">ダクトスペース床面の厚さ。
注：ダクトスペースの床は単層と仮定する</DefinitionAlias>
        <DefinitionAlias lang="ko-KR">덕트 공간 바닥의 두께 참고 : 덕트 공간의 바닥은 단층 가정</DefinitionAlias>
      </DefinitionAliases>
    </PropertyDef>
    <PropertyDef ifdguid="88b9ad00d1d311e1800000215ad4efdf">
      <Name>AccessCoverLoadRating</Name>
      <Definition>The load rating of the access cover (which may be a value or an alphanumerically defined class rating).</Definition>
      <PropertyType>
        <TypePropertySingleValue>
          <DataType type="IfcText" />
        </TypePropertySingleValue>
      </PropertyType>
      <NameAliases>
        <NameAlias lang="en">Access Cover Load Rating</NameAlias>
        <NameAlias lang="ja-JP">アクセス（点検）カバーの耐荷重</NameAlias>
        <NameAlias lang="ko-KR">사용(체크)커버 하중</NameAlias>
      </NameAliases>
      <DefinitionAliases>
        <DefinitionAlias lang="en" />
        <DefinitionAlias lang="ja-JP">アクセス（点検）カバーの耐荷重（数字或いはアルファベットで定義する）。</DefinitionAlias>
        <DefinitionAlias lang="ko-KR">사용 (체크) 커버 하중 (숫자 혹은 알파벳에서 정의됨)</DefinitionAlias>
      </DefinitionAliases>
    </PropertyDef>
    <PropertyDef ifdguid="d10634d4fe614881a6302dfd5a9d0fdc">
      <Name>CableDuctOccupancyRatio</Name>
      <Definition>Indicates the ratio between the number of cables in the duct and the maximum number of cables that the duct can contain.</Definition>
      <PropertyType>
        <TypePropertySingleValue>
          <DataType type="IfcNormalisedRatioMeasure" />
        </TypePropertySingleValue>
      </PropertyType>
      <NameAliases />
      <DefinitionAliases />
    </PropertyDef>
  </PropertyDefs>
  <PsetDefinitionAliases>
    <PsetDefinitionAlias lang="en" />
    <PsetDefinitionAlias lang="ja-JP">BS6100 100 3410より定義：　地中に配管、配線、ダクトを設置するためのダクトスペース。</PsetDefinitionAlias>
  </PsetDefinitionAliases>
</PropertySetDef>