<?xml version="1.0" encoding="utf-8"?>
<PropertySetDef xmlns:xsi="http://www.w3.org/2001/XMLSchema-instance" xmlns:xsd="http://www.w3.org/2001/XMLSchema" ifdguid="1e97238e879d86d97f3bc4576ebc6e06" templatetype="PSET_TYPEDRIVENOVERRIDE" xsi:noNamespaceSchemaLocation="http://buildingSMART-tech.org/xml/psd/PSD_IFC4.xsd" xmlns="http://buildingSMART-tech.org/xml/psd/PSD_IFC4.xsd">
  <IfcVersion version="IFC4X4" />
  <Name>Pset_AxleCountingEquipment</Name>
  <Definition>Properties that are applicable for IfcSensor with predefined type WHEELSENSOR, indicated that the wheel sensor is a axle counting equipment.</Definition>
  <Applicability />
  <ApplicableClasses>
    <ClassName>IfcSensor/WHEELSENSOR</ClassName>
  </ApplicableClasses>
  <ApplicableTypeValue>IfcSensor/WHEELSENSOR</ApplicableTypeValue>
  <PropertyDefs>
    <PropertyDef ifdguid="c08be88d07b04d888f845bad22741b96">
      <Name>FailureInformation</Name>
      <Definition>The information for failure description.</Definition>
      <PropertyType>
        <TypePropertySingleValue>
          <DataType type="IfcText" />
        </TypePropertySingleValue>
      </PropertyType>
      <NameAliases />
      <DefinitionAliases />
    </PropertyDef>
    <PropertyDef ifdguid="48dec6b1c34d4390955b5a3ff69ebbe8">
      <Name>DetectionRange</Name>
      <Definition>The detection range of the equipment.</Definition>
      <PropertyType>
        <TypePropertySingleValue>
          <DataType type="IfcPositiveLengthMeasure" />
        </TypePropertySingleValue>
      </PropertyType>
      <NameAliases />
      <DefinitionAliases />
    </PropertyDef>
    <PropertyDef ifdguid="abe6d6ab493b45989675c2ad586af06c">
      <Name>OperationalTemperatureRange</Name>
      <Definition>The temperature range in which the device operates normally.</Definition>
      <PropertyType>
        <TypePropertyBoundedValue>
          <DataType type="IfcThermodynamicTemperatureMeasure" />
        </TypePropertyBoundedValue>
      </PropertyType>
      <NameAliases />
      <DefinitionAliases />
    </PropertyDef>
    <PropertyDef ifdguid="57bb281fab044a17bd4e5f47b3cdd9f6">
      <Name>NominalWeight</Name>
      <Definition>Nominal weight of the object.</Definition>
      <PropertyType>
        <TypePropertySingleValue>
          <DataType type="IfcMassMeasure" />
        </TypePropertySingleValue>
      </PropertyType>
      <NameAliases />
      <DefinitionAliases />
    </PropertyDef>
    <PropertyDef ifdguid="1e73c95cd012432e8e97b78166c9d170">
      <Name>AxleCountingEquipmentType</Name>
      <Definition>The type of axle counting equipment.</Definition>
      <PropertyType>
        <TypePropertyEnumeratedValue>
          <EnumList name="PEnum_AxleCountingEquipmentType">
            <EnumItem>EVALUATOR</EnumItem>
            <EnumItem>WHEELDETECTOR</EnumItem>
            <EnumItem>OTHER</EnumItem>
            <EnumItem>NOTKNOWN</EnumItem>
            <EnumItem>UNSET</EnumItem>
          </EnumList>
          <ConstantList>
            <ConstantDef>
              <Name>EVALUATOR</Name>
              <NameAliases />
              <DefinitionAliases />
            </ConstantDef>
            <ConstantDef>
              <Name>WHEELDETECTOR</Name>
              <NameAliases />
              <DefinitionAliases />
            </ConstantDef>
            <ConstantDef>
              <Name>OTHER</Name>
              <Definition>required category not on scale</Definition>
              <NameAliases>
                <NameAlias lang="en">(other)</NameAlias>
              </NameAliases>
              <DefinitionAliases>
                <DefinitionAlias lang="en">Value is not listed.</DefinitionAlias>
              </DefinitionAliases>
            </ConstantDef>
            <ConstantDef>
              <Name>NOTKNOWN</Name>
              <Definition>Value is unkown</Definition>
              <NameAliases>
                <NameAlias lang="en">(unknown)</NameAlias>
              </NameAliases>
              <DefinitionAliases>
                <DefinitionAlias lang="en">Value is unknown.</DefinitionAlias>
              </DefinitionAliases>
            </ConstantDef>
            <ConstantDef>
              <Name>UNSET</Name>
              <Definition>Value has not been specified</Definition>
              <NameAliases>
                <NameAlias lang="en">(unset)</NameAlias>
              </NameAliases>
              <DefinitionAliases>
                <DefinitionAlias lang="en">Value has not been specified.</DefinitionAlias>
              </DefinitionAliases>
            </ConstantDef>
          </ConstantList>
        </TypePropertyEnumeratedValue>
      </PropertyType>
      <NameAliases />
      <DefinitionAliases />
    </PropertyDef>
    <PropertyDef ifdguid="8c90adeb7c374fffb92f086b42fd6ba3">
      <Name>ImpactParameter</Name>
      <Definition>Impact parameter of the equipment.</Definition>
      <PropertyType>
        <TypePropertySingleValue>
          <DataType type="IfcAccelerationMeasure" />
        </TypePropertySingleValue>
      </PropertyType>
      <NameAliases />
      <DefinitionAliases />
    </PropertyDef>
    <PropertyDef ifdguid="3ecaca00d1c711e1800000215ad4efdf">
      <Name>RatedVoltage</Name>
      <Definition>The range of allowed voltage that a device is certified to handle. The upper bound of this value is the maximum.</Definition>
      <PropertyType>
        <TypePropertyBoundedValue>
          <DataType type="IfcElectricVoltageMeasure" />
        </TypePropertyBoundedValue>
      </PropertyType>
      <NameAliases>
        <NameAlias lang="en">Rated Voltage</NameAlias>
        <NameAlias lang="ja-JP">定格電圧</NameAlias>
        <NameAlias lang="ko-KR">정격 전압</NameAlias>
      </NameAliases>
      <DefinitionAliases>
        <DefinitionAlias lang="en" />
        <DefinitionAlias lang="ja-JP">使用できることが許可されている許容電圧。</DefinitionAlias>
        <DefinitionAlias lang="ko-KR">사용할 수있는 권한이있는 허용 전압.</DefinitionAlias>
      </DefinitionAliases>
    </PropertyDef>
    <PropertyDef ifdguid="63bd0ed8ed964fc3ac02aa99144f569a">
      <Name>InsulationResistance</Name>
      <Definition>Minimum resistance between one terminal or several terminals connected together and the case or enclosure of a component at specified voltage.</Definition>
      <PropertyType>
        <TypePropertySingleValue>
          <DataType type="IfcElectricResistanceMeasure" />
        </TypePropertySingleValue>
      </PropertyType>
      <NameAliases />
      <DefinitionAliases />
    </PropertyDef>
    <PropertyDef ifdguid="cb4d53623c664e3db4da99600841eb03">
      <Name>AxleCounterResponseTime</Name>
      <Definition>The time that axle counter can detect the axles of locomotive and vehicle.</Definition>
      <PropertyType>
        <TypePropertySingleValue>
          <DataType type="IfcTimeMeasure" />
        </TypePropertySingleValue>
      </PropertyType>
      <NameAliases />
      <DefinitionAliases />
    </PropertyDef>
    <PropertyDef ifdguid="234678c973ef4f74ba4dcedf40a46c1a">
      <Name>MaximumVibration</Name>
      <Definition>Maximum tolerable vibration level of the device.</Definition>
      <PropertyType>
        <TypePropertySingleValue>
          <DataType type="IfcFrequencyMeasure" />
        </TypePropertySingleValue>
      </PropertyType>
      <NameAliases />
      <DefinitionAliases />
    </PropertyDef>
  </PropertyDefs>
  <PsetDefinitionAliases />
</PropertySetDef>