<?xml version="1.0" encoding="utf-8"?>
<PropertySetDef xmlns:xsi="http://www.w3.org/2001/XMLSchema-instance" xmlns:xsd="http://www.w3.org/2001/XMLSchema" ifdguid="680f4880d20f11e1800000215ad4efdf" templatetype="PSET_TYPEDRIVENOVERRIDE" xsi:noNamespaceSchemaLocation="http://buildingSMART-tech.org/xml/psd/PSD_IFC4.xsd" xmlns="http://buildingSMART-tech.org/xml/psd/PSD_IFC4.xsd">
  <IfcVersion version="IFC4X4" />
  <Name>Pset_SystemFurnitureElementTypeWorkSurface</Name>
  <Definition>A set of specific properties for work surfaces used in workstations. HISTORY: First issued in IFC Release R1.5. Renamed from Pset_Worksurface</Definition>
  <Applicability />
  <ApplicableClasses>
    <ClassName>IfcSystemFurnitureElement/WORKSURFACE</ClassName>
  </ApplicableClasses>
  <ApplicableTypeValue>IfcSystemFurnitureElement/WORKSURFACE</ApplicableTypeValue>
  <PropertyDefs>
    <PropertyDef ifdguid="6cd3fc80d20f11e1800000215ad4efdf">
      <Name>UsePurpose</Name>
      <Definition>The principal purpose for which the work surface is intended to be used e.g. writing/reading, computer, meeting, printer, reference files, etc.</Definition>
      <PropertyType>
        <TypePropertySingleValue>
          <DataType type="IfcLabel" />
        </TypePropertySingleValue>
      </PropertyType>
      <NameAliases>
        <NameAlias lang="en">Use Purpose</NameAlias>
      </NameAliases>
      <DefinitionAliases>
        <DefinitionAlias lang="en" />
      </DefinitionAliases>
    </PropertyDef>
    <PropertyDef ifdguid="73fb0a80d20f11e1800000215ad4efdf">
      <Name>SupportType</Name>
      <Definition>Available support types from which that required may be selected.</Definition>
      <PropertyType>
        <TypePropertyEnumeratedValue>
          <EnumList name="PEnum_FurniturePanelType">
            <EnumItem>ACOUSTICAL</EnumItem>
            <EnumItem>GLAZED</EnumItem>
            <EnumItem>HORZ_SEG</EnumItem>
            <EnumItem>MONOLITHIC</EnumItem>
            <EnumItem>OPEN</EnumItem>
            <EnumItem>ENDS</EnumItem>
            <EnumItem>DOOR</EnumItem>
            <EnumItem>SCREEN</EnumItem>
            <EnumItem>OTHER</EnumItem>
            <EnumItem>NOTKNOWN</EnumItem>
            <EnumItem>UNSET</EnumItem>
          </EnumList>
          <ConstantList>
            <ConstantDef>
              <Name>ACOUSTICAL</Name>
              <NameAliases>
                <NameAlias lang="en">Acoustical</NameAlias>
              </NameAliases>
              <DefinitionAliases />
            </ConstantDef>
            <ConstantDef>
              <Name>GLAZED</Name>
              <NameAliases>
                <NameAlias lang="en">Glazed</NameAlias>
              </NameAliases>
              <DefinitionAliases />
            </ConstantDef>
            <ConstantDef>
              <Name>HORZ_SEG</Name>
              <NameAliases>
                <NameAlias lang="en">Horz Seg</NameAlias>
              </NameAliases>
              <DefinitionAliases />
            </ConstantDef>
            <ConstantDef>
              <Name>MONOLITHIC</Name>
              <NameAliases>
                <NameAlias lang="en">Monolithic</NameAlias>
              </NameAliases>
              <DefinitionAliases />
            </ConstantDef>
            <ConstantDef>
              <Name>OPEN</Name>
              <NameAliases>
                <NameAlias lang="en">Open</NameAlias>
              </NameAliases>
              <DefinitionAliases />
            </ConstantDef>
            <ConstantDef>
              <Name>ENDS</Name>
              <NameAliases>
                <NameAlias lang="en">Ends</NameAlias>
              </NameAliases>
              <DefinitionAliases />
            </ConstantDef>
            <ConstantDef>
              <Name>DOOR</Name>
              <NameAliases>
                <NameAlias lang="en">Door</NameAlias>
              </NameAliases>
              <DefinitionAliases />
            </ConstantDef>
            <ConstantDef>
              <Name>SCREEN</Name>
              <NameAliases>
                <NameAlias lang="en">Screen</NameAlias>
              </NameAliases>
              <DefinitionAliases />
            </ConstantDef>
            <ConstantDef>
              <Name>OTHER</Name>
              <Definition>required category not on scale</Definition>
              <NameAliases>
                <NameAlias lang="en">(other)</NameAlias>
              </NameAliases>
              <DefinitionAliases>
                <DefinitionAlias lang="en">Value is not listed.</DefinitionAlias>
              </DefinitionAliases>
            </ConstantDef>
            <ConstantDef>
              <Name>NOTKNOWN</Name>
              <Definition>Value is unkown</Definition>
              <NameAliases>
                <NameAlias lang="en">(unknown)</NameAlias>
              </NameAliases>
              <DefinitionAliases>
                <DefinitionAlias lang="en">Value is unknown.</DefinitionAlias>
              </DefinitionAliases>
            </ConstantDef>
            <ConstantDef>
              <Name>UNSET</Name>
              <Definition>Value has not been specified</Definition>
              <NameAliases>
                <NameAlias lang="en">(unset)</NameAlias>
              </NameAliases>
              <DefinitionAliases>
                <DefinitionAlias lang="en">Value has not been specified.</DefinitionAlias>
              </DefinitionAliases>
            </ConstantDef>
          </ConstantList>
        </TypePropertyEnumeratedValue>
      </PropertyType>
      <NameAliases>
        <NameAlias lang="en">Support Type</NameAlias>
      </NameAliases>
      <DefinitionAliases>
        <DefinitionAlias lang="en" />
      </DefinitionAliases>
    </PropertyDef>
    <PropertyDef ifdguid="807f6300d20f11e1800000215ad4efdf">
      <Name>HangingHeight</Name>
      <Definition>The hanging height of the worksurface.</Definition>
      <PropertyType>
        <TypePropertySingleValue>
          <DataType type="IfcPositiveLengthMeasure" />
        </TypePropertySingleValue>
      </PropertyType>
      <NameAliases>
        <NameAlias lang="en">Hanging Height</NameAlias>
      </NameAliases>
      <DefinitionAliases>
        <DefinitionAlias lang="en" />
      </DefinitionAliases>
    </PropertyDef>
    <PropertyDef ifdguid="e67741b634704b7caa49bc70951af4bc">
      <Name>NominalThickness</Name>
      <Definition>The nominal thickness of the object. The size information is provided in addition to the shape representation and the geometric parameters used within. In case of inconsistency between the geometric parameters and the size properties, provided in the attached property set, the geometric parameters take precedence.</Definition>
      <PropertyType>
        <TypePropertySingleValue>
          <DataType type="IfcNonNegativeLengthMeasure" />
        </TypePropertySingleValue>
      </PropertyType>
      <NameAliases />
      <DefinitionAliases />
    </PropertyDef>
    <PropertyDef ifdguid="92610600d20f11e1800000215ad4efdf">
      <Name>ShapeDescription</Name>
      <Definition>A description of the shape of the work surface e.g. corner square, rectangle, etc.</Definition>
      <PropertyType>
        <TypePropertySingleValue>
          <DataType type="IfcLabel" />
        </TypePropertySingleValue>
      </PropertyType>
      <NameAliases>
        <NameAlias lang="en">Shape Description</NameAlias>
      </NameAliases>
      <DefinitionAliases>
        <DefinitionAlias lang="en" />
      </DefinitionAliases>
    </PropertyDef>
  </PropertyDefs>
  <PsetDefinitionAliases>
    <PsetDefinitionAlias lang="en" />
  </PsetDefinitionAliases>
</PropertySetDef>