<?xml version="1.0" encoding="utf-8"?>
<PropertySetDef xmlns:xsi="http://www.w3.org/2001/XMLSchema-instance" xmlns:xsd="http://www.w3.org/2001/XMLSchema" ifdguid="0fd7d69fbe3e44d4be9adf6368e9cc6b" templatetype="PSET_TYPEDRIVENOVERRIDE" xsi:noNamespaceSchemaLocation="http://buildingSMART-tech.org/xml/psd/PSD_IFC4.xsd" xmlns="http://buildingSMART-tech.org/xml/psd/PSD_IFC4.xsd">
  <IfcVersion version="IFC4X4" />
  <Name>Pset_SpatialZoneCommon</Name>
  <Definition>Common properties for Spatial Zones.</Definition>
  <Applicability />
  <ApplicableClasses>
    <ClassName>IfcSpatialZone</ClassName>
  </ApplicableClasses>
  <ApplicableTypeValue>IfcSpatialZone</ApplicableTypeValue>
  <PropertyDefs>
    <PropertyDef ifdguid="00cda600d1c711e1800000215ad4efdf">
      <Name>Reference</Name>
      <Definition>Reference ID for this specified type in this project (e.g. type 'A-1'), Also referred to as "construction type". It should be provided as an alternative to the name of the "object type", if the software does not support object types and no classification reference to a recognized classification system used.

&gt; IFC4.3.0.0 DEPRECATION&amp;nbsp;  The Reference property is deprecated and shall no longer be used, use attribute Name on the relating type instead.</Definition>
      <PropertyType>
        <TypePropertySingleValue>
          <DataType type="IfcIdentifier" />
        </TypePropertySingleValue>
      </PropertyType>
      <NameAliases>
        <NameAlias lang="en">Reference</NameAlias>
        <NameAlias lang="ja-JP">参照</NameAlias>
        <NameAlias lang="ko-KR">참조</NameAlias>
      </NameAliases>
      <DefinitionAliases>
        <DefinitionAlias lang="en" />
        <DefinitionAlias lang="ja-JP">当該プロジェクトで定義する形式の参照ID（例：A-1)、承認された分類に存在しないときに使用される。</DefinitionAlias>
        <DefinitionAlias lang="ko-KR">해당 프로젝트에 정의된 형식의 참조 ID (예 : A-1) 승인된 분류에 존재하지 않을 때 사용된다.</DefinitionAlias>
      </DefinitionAliases>
    </PropertyDef>
    <PropertyDef ifdguid="3ae302c70c29422889f6f36a68e14a44">
      <Name>IsExternal</Name>
      <Definition>Indication whether the element is designed for use in the exterior (TRUE) or not (FALSE). If (TRUE) it is an external element and faces the outside of the building.</Definition>
      <PropertyType>
        <TypePropertySingleValue>
          <DataType type="IfcBoolean" />
        </TypePropertySingleValue>
      </PropertyType>
      <NameAliases />
      <DefinitionAliases />
    </PropertyDef>
  </PropertyDefs>
  <PsetDefinitionAliases />
</PropertySetDef>