<?xml version="1.0" encoding="utf-8"?>
<PropertySetDef xmlns:xsi="http://www.w3.org/2001/XMLSchema-instance" xmlns:xsd="http://www.w3.org/2001/XMLSchema" ifdguid="b5d18400d20211e1800000215ad4efdf" templatetype="PSET_TYPEDRIVENOVERRIDE" xsi:noNamespaceSchemaLocation="http://buildingSMART-tech.org/xml/psd/PSD_IFC4.xsd" xmlns="http://buildingSMART-tech.org/xml/psd/PSD_IFC4.xsd">
  <IfcVersion version="IFC4X4" />
  <Name>Pset_SanitaryTerminalTypeSanitaryFountain</Name>
  <Definition>A sanitary terminal that provides a low pressure jet of water for a specific purpose (IAI). HISTORY: In IFC4, Material property removed. Use materials capabilities from IfcMaterialResource schema. Datatype of color changed to IfcLabel (still a string value).</Definition>
  <Applicability />
  <ApplicableClasses>
    <ClassName>IfcSanitaryTerminal/SANITARYFOUNTAIN</ClassName>
  </ApplicableClasses>
  <ApplicableTypeValue>IfcSanitaryTerminal/SANITARYFOUNTAIN</ApplicableTypeValue>
  <PropertyDefs>
    <PropertyDef ifdguid="bb2ece80d20211e1800000215ad4efdf">
      <Name>FountainType</Name>
      <Definition>Selection of the type of fountain from the enumerated list of types where:-

DrinkingWater:  Sanitary appliance that provides a low pressure jet of drinking water.
Eyewash:    Waste water appliance, usually installed in work places where there is a risk of injury to eyes by solid particles or dangerous liquids, with which the user can wash the eyes without touching them.</Definition>
      <PropertyType>
        <TypePropertyEnumeratedValue>
          <EnumList name="PEnum_FountainType">
            <EnumItem>DRINKINGWATER</EnumItem>
            <EnumItem>EYEWASH</EnumItem>
            <EnumItem>OTHER</EnumItem>
            <EnumItem>NOTKNOWN</EnumItem>
            <EnumItem>UNSET</EnumItem>
          </EnumList>
          <ConstantList>
            <ConstantDef>
              <Name>DRINKINGWATER</Name>
              <NameAliases>
                <NameAlias lang="en">Drinking Water</NameAlias>
              </NameAliases>
              <DefinitionAliases />
            </ConstantDef>
            <ConstantDef>
              <Name>EYEWASH</Name>
              <NameAliases>
                <NameAlias lang="en">Eyewash</NameAlias>
              </NameAliases>
              <DefinitionAliases />
            </ConstantDef>
            <ConstantDef>
              <Name>OTHER</Name>
              <Definition>required category not on scale</Definition>
              <NameAliases>
                <NameAlias lang="en">(other)</NameAlias>
              </NameAliases>
              <DefinitionAliases>
                <DefinitionAlias lang="en">Value is not listed.</DefinitionAlias>
              </DefinitionAliases>
            </ConstantDef>
            <ConstantDef>
              <Name>NOTKNOWN</Name>
              <Definition>Value is unkown</Definition>
              <NameAliases>
                <NameAlias lang="en">(unknown)</NameAlias>
              </NameAliases>
              <DefinitionAliases>
                <DefinitionAlias lang="en">Value is unknown.</DefinitionAlias>
              </DefinitionAliases>
            </ConstantDef>
            <ConstantDef>
              <Name>UNSET</Name>
              <Definition>Value has not been specified</Definition>
              <NameAliases>
                <NameAlias lang="en">(unset)</NameAlias>
              </NameAliases>
              <DefinitionAliases>
                <DefinitionAlias lang="en">Value has not been specified.</DefinitionAlias>
              </DefinitionAliases>
            </ConstantDef>
          </ConstantList>
        </TypePropertyEnumeratedValue>
      </PropertyType>
      <NameAliases>
        <NameAlias lang="en">Fountain Type</NameAlias>
        <NameAlias lang="ja-JP">噴水タイプ</NameAlias>
      </NameAliases>
      <DefinitionAliases>
        <DefinitionAlias lang="en" />
        <DefinitionAlias lang="ja-JP">噴水タイプの選択：

・飲用水：飲用水を低圧で供給するための衛生器具
・洗眼器：廃水器具で、通常は個体の粒子か危険な液体による眼への障害の危険がある作業場所に設置され、使用者はそれらに触れずに目を洗うことができる。</DefinitionAlias>
      </DefinitionAliases>
    </PropertyDef>
    <PropertyDef ifdguid="23c97b80d20211e1800000215ad4efdf">
      <Name>Mounting</Name>
      <Definition>The property enumeration Pset_SanitaryMountingEnum defines the forms of mounting or fixing of the sanitary terminal that may be specified within property sets used to define sanitary terminals (WC’s, basins, sinks, etc.) where:-

BackToWall:     A pedestal mounted sanitary terminal that fits flush to the wall at the rear to cover its service connections
Pedestal:   A floor mounted sanitary terminal that has an integral base
CounterTop:     A sanitary terminal that is installed into a horizontal surface that is installed into a horizontal surface. Note: When applied to a wash hand basin, the term more normally used is ‘vanity’. See also Wash Hand Basin Type specification.
WallHung:   A sanitary terminal cantilevered clear of the floor.

Note that BackToWall, Pedestal and WallHung are allowable values for a bidet.</Definition>
      <PropertyType>
        <TypePropertyEnumeratedValue>
          <EnumList name="PEnum_SanitaryMounting">
            <EnumItem>BACKTOWALL</EnumItem>
            <EnumItem>PEDESTAL</EnumItem>
            <EnumItem>COUNTERTOP</EnumItem>
            <EnumItem>WALLHUNG</EnumItem>
            <EnumItem>OTHER</EnumItem>
            <EnumItem>NOTKNOWN</EnumItem>
            <EnumItem>UNSET</EnumItem>
          </EnumList>
          <ConstantList>
            <ConstantDef>
              <Name>BACKTOWALL</Name>
              <NameAliases>
                <NameAlias lang="en">Back To Wall</NameAlias>
              </NameAliases>
              <DefinitionAliases />
            </ConstantDef>
            <ConstantDef>
              <Name>PEDESTAL</Name>
              <NameAliases>
                <NameAlias lang="en">Pedestal</NameAlias>
              </NameAliases>
              <DefinitionAliases />
            </ConstantDef>
            <ConstantDef>
              <Name>COUNTERTOP</Name>
              <NameAliases>
                <NameAlias lang="en">Countertop</NameAlias>
              </NameAliases>
              <DefinitionAliases />
            </ConstantDef>
            <ConstantDef>
              <Name>WALLHUNG</Name>
              <NameAliases>
                <NameAlias lang="en">Wall Hung</NameAlias>
              </NameAliases>
              <DefinitionAliases />
            </ConstantDef>
            <ConstantDef>
              <Name>OTHER</Name>
              <Definition>required category not on scale</Definition>
              <NameAliases>
                <NameAlias lang="en">(other)</NameAlias>
              </NameAliases>
              <DefinitionAliases>
                <DefinitionAlias lang="en">Value is not listed.</DefinitionAlias>
              </DefinitionAliases>
            </ConstantDef>
            <ConstantDef>
              <Name>NOTKNOWN</Name>
              <Definition>Value is unkown</Definition>
              <NameAliases>
                <NameAlias lang="en">(unknown)</NameAlias>
              </NameAliases>
              <DefinitionAliases>
                <DefinitionAlias lang="en">Value is unknown.</DefinitionAlias>
              </DefinitionAliases>
            </ConstantDef>
            <ConstantDef>
              <Name>UNSET</Name>
              <Definition>Value has not been specified</Definition>
              <NameAliases>
                <NameAlias lang="en">(unset)</NameAlias>
              </NameAliases>
              <DefinitionAliases>
                <DefinitionAlias lang="en">Value has not been specified.</DefinitionAlias>
              </DefinitionAliases>
            </ConstantDef>
          </ConstantList>
        </TypePropertyEnumeratedValue>
      </PropertyType>
      <NameAliases>
        <NameAlias lang="en">Mounting</NameAlias>
        <NameAlias lang="ja-JP">装着</NameAlias>
      </NameAliases>
      <DefinitionAliases>
        <DefinitionAlias lang="en" />
        <DefinitionAlias lang="ja-JP">列挙するプロパティはPset_SanitaryMountingEnumでは（トイレの、洗面台、シンクなど）、衛生配管への装着法で定義される：

床置き壁排水：台座は、カバーの背面の壁にあるフラッシュバルブに接続される。

床置き：床の衛生配管に装着される。

カウンター：水平面に設置された衛生配管に接続します。注：手洗器があると、通常は'化粧'が使用される。手洗器を参照。

壁掛け：衛生配管は壁から出され床には何もなくなる。。

床置き壁排水、床置き、壁掛けは、ビデの許容値であることに注意。</DefinitionAlias>
      </DefinitionAliases>
    </PropertyDef>
    <PropertyDef ifdguid="f8935c00d20211e1800000215ad4efdf">
      <Name>DrainSize</Name>
      <Definition>The size of the drain outlet connection from the object.</Definition>
      <PropertyType>
        <TypePropertySingleValue>
          <DataType type="IfcPositiveLengthMeasure" />
        </TypePropertySingleValue>
      </PropertyType>
      <NameAliases>
        <NameAlias lang="en">Drain Size</NameAlias>
        <NameAlias lang="ja-JP">下水管サイズ</NameAlias>
      </NameAliases>
      <DefinitionAliases>
        <DefinitionAlias lang="en" />
        <DefinitionAlias lang="ja-JP">要素から排水溝への下水管サイズ。</DefinitionAlias>
      </DefinitionAliases>
    </PropertyDef>
  </PropertyDefs>
  <PsetDefinitionAliases>
    <PsetDefinitionAlias lang="en" />
    <PsetDefinitionAlias lang="ja-JP">特定の使用用途の水を低圧で供給する衛生機器
背景：IFC4で、要素のプロパティーは排除されています。IfcMaterialsResourceのタイプを使ってください。
色のデータ形式は文字列としてIfcLabelに変更されています。</PsetDefinitionAlias>
  </PsetDefinitionAliases>
</PropertySetDef>