﻿<?xml version="1.0" encoding="utf-8"?><PropertySetDef xmlns:xsi="http://www.w3.org/2001/XMLSchema-instance" xmlns:xsd="http://www.w3.org/2001/XMLSchema" ifdguid="8cb4f180d20a11e1800000215ad4efdf" templatetype="PSET_TYPEDRIVENOVERRIDE" xsi:noNamespaceSchemaLocation="http://buildingSMART-tech.org/xml/psd/PSD_IFC4.xsd" xmlns="http://buildingSMART-tech.org/xml/psd/PSD_IFC4.xsd"><IfcVersion version="IFC4X4" /><Name>Pset_SpaceHeaterTypeRadiator</Name><Definition>Space heater type radiator attributes.</Definition><Applicability /><ApplicableClasses><ClassName>IfcSpaceHeater/RADIATOR</ClassName></ApplicableClasses><ApplicableTypeValue>IfcSpaceHeater/RADIATOR</ApplicableTypeValue><PropertyDefs><PropertyDef ifdguid="9179a580d20a11e1800000215ad4efdf"><Name>RadiatorType</Name><Definition>Indicates the type of radiator.</Definition><PropertyType><TypePropertyEnumeratedValue><EnumList name="PEnum_SpaceHeaterRadiatorType"><EnumItem>FINNEDTUBE</EnumItem><EnumItem>PANEL</EnumItem><EnumItem>SECTIONAL</EnumItem><EnumItem>TUBULAR</EnumItem><EnumItem>OTHER</EnumItem><EnumItem>NOTKNOWN</EnumItem><EnumItem>UNSET</EnumItem></EnumList><ConstantList><ConstantDef><Name>FINNEDTUBE</Name><NameAliases><NameAlias lang="en">Finned Tube</NameAlias></NameAliases><DefinitionAliases /></ConstantDef><ConstantDef><Name>PANEL</Name><NameAliases><NameAlias lang="en">Panel</NameAlias></NameAliases><DefinitionAliases /></ConstantDef><ConstantDef><Name>SECTIONAL</Name><NameAliases><NameAlias lang="en">Sectional</NameAlias></NameAliases><DefinitionAliases /></ConstantDef><ConstantDef><Name>TUBULAR</Name><NameAliases><NameAlias lang="en">Tubular</NameAlias></NameAliases><DefinitionAliases /></ConstantDef><ConstantDef><Name>OTHER</Name><Definition>required category not on scale</Definition><NameAliases><NameAlias lang="en">(other)</NameAlias></NameAliases><DefinitionAliases><DefinitionAlias lang="en">Value is not listed.</DefinitionAlias></DefinitionAliases></ConstantDef><ConstantDef><Name>NOTKNOWN</Name><Definition>Value is unkown</Definition><NameAliases><NameAlias lang="en">(unknown)</NameAlias></NameAliases><DefinitionAliases><DefinitionAlias lang="en">Value is unknown.</DefinitionAlias></DefinitionAliases></ConstantDef><ConstantDef><Name>UNSET</Name><Definition>Value has not been specified</Definition><NameAliases><NameAlias lang="en">(unset)</NameAlias></NameAliases><DefinitionAliases><DefinitionAlias lang="en">Value has not been specified.</DefinitionAlias></DefinitionAliases></ConstantDef></ConstantList></TypePropertyEnumeratedValue></PropertyType><NameAliases><NameAlias lang="en">Radiator Type</NameAlias><NameAlias lang="ja-JP">ラジエータータイプ</NameAlias></NameAliases><DefinitionAliases><DefinitionAlias lang="en" /><DefinitionAlias lang="ja-JP">ラジエーターの種類</DefinitionAlias></DefinitionAliases></PropertyDef><PropertyDef ifdguid="a0f8ee80d20a11e1800000215ad4efdf"><Name>TubingLength</Name><Definition>Water tube length inside the component.</Definition><PropertyType><TypePropertySingleValue><DataType type="IfcPositiveLengthMeasure" /></TypePropertySingleValue></PropertyType><NameAliases><NameAlias lang="en">Tubing Length</NameAlias><NameAlias lang="ja-JP">チューブの長さ</NameAlias></NameAliases><DefinitionAliases><DefinitionAlias lang="en" /><DefinitionAlias lang="ja-JP">構成要素における水管の長さ</DefinitionAlias></DefinitionAliases></PropertyDef><PropertyDef ifdguid="a9512980d20a11e1800000215ad4efdf"><Name>WaterContent</Name><Definition>Weight of water content within the heater.</Definition><PropertyType><TypePropertySingleValue><DataType type="IfcMassMeasure" /></TypePropertySingleValue></PropertyType><NameAliases><NameAlias lang="en">Water Content</NameAlias><NameAlias lang="ja-JP">水含量</NameAlias></NameAliases><DefinitionAliases><DefinitionAlias lang="en" /><DefinitionAlias lang="ja-JP">ヒーター内部の水分の重み</DefinitionAlias></DefinitionAliases></PropertyDef></PropertyDefs><PsetDefinitionAliases><PsetDefinitionAlias lang="en" /><PsetDefinitionAlias lang="ja-JP">暖房用ヒーターラジエーター属性</PsetDefinitionAlias></PsetDefinitionAliases></PropertySetDef>