﻿<?xml version="1.0" encoding="utf-8"?><PropertySetDef xmlns:xsi="http://www.w3.org/2001/XMLSchema-instance" xmlns:xsd="http://www.w3.org/2001/XMLSchema" ifdguid="34212c80d1e911e1800000215ad4efdf" templatetype="PSET_TYPEDRIVENOVERRIDE" xsi:noNamespaceSchemaLocation="http://buildingSMART-tech.org/xml/psd/PSD_IFC4.xsd" xmlns="http://buildingSMART-tech.org/xml/psd/PSD_IFC4.xsd"><IfcVersion version="IFC4X4" /><Name>Pset_FurnitureTypeFileCabinet</Name><Definition>A set of specific properties for furniture type file cabinet HISTORY: First issued in IFC Release R1.5. Renamed from Pset_FileCabinet</Definition><Applicability /><ApplicableClasses><ClassName>IfcFurniture/FILECABINET</ClassName></ApplicableClasses><ApplicableTypeValue>IfcFurniture/FILECABINET</ApplicableTypeValue><PropertyDefs><PropertyDef ifdguid="38e5e080d1e911e1800000215ad4efdf"><Name>WithLock</Name><Definition>Indicates whether the file cabinet is lockable (= TRUE) or not (= FALSE).</Definition><PropertyType><TypePropertySingleValue><DataType type="IfcBoolean" /></TypePropertySingleValue></PropertyType><NameAliases><NameAlias lang="en">With Lock</NameAlias></NameAliases><DefinitionAliases><DefinitionAlias lang="en" /></DefinitionAliases></PropertyDef></PropertyDefs><PsetDefinitionAliases><PsetDefinitionAlias lang="en" /></PsetDefinitionAliases></PropertySetDef>