﻿<?xml version="1.0" encoding="utf-8"?><PropertySetDef xmlns:xsi="http://www.w3.org/2001/XMLSchema-instance" xmlns:xsd="http://www.w3.org/2001/XMLSchema" ifdguid="bc190fa0910b0f2f01788695103932d1" templatetype="PSET_TYPEDRIVENOVERRIDE" xsi:noNamespaceSchemaLocation="http://buildingSMART-tech.org/xml/psd/PSD_IFC4.xsd" xmlns="http://buildingSMART-tech.org/xml/psd/PSD_IFC4.xsd"><IfcVersion version="IFC4X4" /><Name>Pset_CableSegmentTypeOpticalCableSegment</Name><Definition>Properties of optical cables segments. This property set is applicable to a type or occurence of _IfcCableSegment_ with predefined type OPTICALCABLESEGMENT.</Definition><Applicability /><ApplicableClasses><ClassName>IfcCableSegment/OPTICALCABLESEGMENT</ClassName></ApplicableClasses><ApplicableTypeValue>IfcCableSegment/OPTICALCABLESEGMENT</ApplicableTypeValue><PropertyDefs><PropertyDef ifdguid="34bfeaf67f57478e8f18b3d955f84973"><Name>NumberOfFibers</Name><Definition>Indicates the number of fibers in the single tube or cable.</Definition><PropertyType><TypePropertySingleValue><DataType type="IfcInteger" /></TypePropertySingleValue></PropertyType><NameAliases /><DefinitionAliases /></PropertyDef><PropertyDef ifdguid="ef4051ff45d0400097b29616ffb1195f"><Name>OpticalCableStructure</Name><Definition>Distinguishes between different structures of an optical fiber cable.</Definition><PropertyType><TypePropertyEnumeratedValue><EnumList name="PEnum_OpticalCableStructureType"><EnumItem>BREAKOUT</EnumItem><EnumItem>LOOSETUBE</EnumItem><EnumItem>PATCHCORD</EnumItem><EnumItem>PIGTAIL</EnumItem><EnumItem>TIGHTBUFFERED</EnumItem><EnumItem>OTHER</EnumItem><EnumItem>NOTKNOWN</EnumItem><EnumItem>UNSET</EnumItem></EnumList><ConstantList><ConstantDef><Name>BREAKOUT</Name><Definition>Breakout optical cable.</Definition><NameAliases /><DefinitionAliases /></ConstantDef><ConstantDef><Name>LOOSETUBE</Name><Definition>Loose tube.</Definition><NameAliases /><DefinitionAliases /></ConstantDef><ConstantDef><Name>PATCHCORD</Name><Definition>Patchcord type.</Definition><NameAliases /><DefinitionAliases /></ConstantDef><ConstantDef><Name>PIGTAIL</Name><Definition>Pigtail type.</Definition><NameAliases /><DefinitionAliases /></ConstantDef><ConstantDef><Name>TIGHTBUFFERED</Name><Definition>Tight buffered.</Definition><NameAliases /><DefinitionAliases /></ConstantDef><ConstantDef><Name>OTHER</Name><Definition>required category not on scale</Definition><NameAliases><NameAlias lang="en">(other)</NameAlias></NameAliases><DefinitionAliases><DefinitionAlias lang="en">Value is not listed.</DefinitionAlias></DefinitionAliases></ConstantDef><ConstantDef><Name>NOTKNOWN</Name><Definition>Value is unkown</Definition><NameAliases><NameAlias lang="en">(unknown)</NameAlias></NameAliases><DefinitionAliases><DefinitionAlias lang="en">Value is unknown.</DefinitionAlias></DefinitionAliases></ConstantDef><ConstantDef><Name>UNSET</Name><Definition>Value has not been specified</Definition><NameAliases><NameAlias lang="en">(unset)</NameAlias></NameAliases><DefinitionAliases><DefinitionAlias lang="en">Value has not been specified.</DefinitionAlias></DefinitionAliases></ConstantDef></ConstantList></TypePropertyEnumeratedValue></PropertyType><NameAliases /><DefinitionAliases /></PropertyDef><PropertyDef ifdguid="81c278e9c4984567a66011afda66983f"><Name>NumberOfMultiModeFibers</Name><Definition>Total number of multi-mode fibers in the optical fiber cable.</Definition><PropertyType><TypePropertySingleValue><DataType type="IfcInteger" /></TypePropertySingleValue></PropertyType><NameAliases /><DefinitionAliases /></PropertyDef><PropertyDef ifdguid="02bd73dfde5d4dbebb0a6df20d4261a3"><Name>NumberOfSingleModeFibers</Name><Definition>Total number of single-mode fibers in the optical fiber cable.</Definition><PropertyType><TypePropertySingleValue><DataType type="IfcInteger" /></TypePropertySingleValue></PropertyType><NameAliases /><DefinitionAliases /></PropertyDef><PropertyDef ifdguid="debb6bdcf4bd4102a5a18789c914eeeb"><Name>NumberOfTubes</Name><Definition>Number of fiber tubes.</Definition><PropertyType><TypePropertySingleValue><DataType type="IfcInteger" /></TypePropertySingleValue></PropertyType><NameAliases /><DefinitionAliases /></PropertyDef><PropertyDef ifdguid="3e68af25c2ef4579a27330d14e963369"><Name>FiberMode</Name><Definition>Indicates the fiber mode.</Definition><PropertyType><TypePropertyEnumeratedValue><EnumList name="PEnum_FiberMode"><EnumItem>MULTIMODE</EnumItem><EnumItem>SINGLEMODE</EnumItem><EnumItem>OTHER</EnumItem><EnumItem>NOTKNOWN</EnumItem><EnumItem>UNSET</EnumItem></EnumList><ConstantList><ConstantDef><Name>MULTIMODE</Name><Definition>Multi-mode type.</Definition><NameAliases /><DefinitionAliases /></ConstantDef><ConstantDef><Name>SINGLEMODE</Name><Definition>Single mode type.</Definition><NameAliases /><DefinitionAliases /></ConstantDef><ConstantDef><Name>OTHER</Name><Definition>required category not on scale</Definition><NameAliases><NameAlias lang="en">(other)</NameAlias></NameAliases><DefinitionAliases><DefinitionAlias lang="en">Value is not listed.</DefinitionAlias></DefinitionAliases></ConstantDef><ConstantDef><Name>NOTKNOWN</Name><Definition>Value is unkown</Definition><NameAliases><NameAlias lang="en">(unknown)</NameAlias></NameAliases><DefinitionAliases><DefinitionAlias lang="en">Value is unknown.</DefinitionAlias></DefinitionAliases></ConstantDef><ConstantDef><Name>UNSET</Name><Definition>Value has not been specified</Definition><NameAliases><NameAlias lang="en">(unset)</NameAlias></NameAliases><DefinitionAliases><DefinitionAlias lang="en">Value has not been specified.</DefinitionAlias></DefinitionAliases></ConstantDef></ConstantList></TypePropertyEnumeratedValue></PropertyType><NameAliases /><DefinitionAliases /></PropertyDef></PropertyDefs><PsetDefinitionAliases /></PropertySetDef>