﻿<?xml version="1.0" encoding="utf-8"?><PropertySetDef xmlns:xsi="http://www.w3.org/2001/XMLSchema-instance" xmlns:xsd="http://www.w3.org/2001/XMLSchema" ifdguid="61f3aa992d52f64e7ae13eaa2ea4678f" templatetype="PSET_TYPEDRIVENOVERRIDE" xsi:noNamespaceSchemaLocation="http://buildingSMART-tech.org/xml/psd/PSD_IFC4.xsd" xmlns="http://buildingSMART-tech.org/xml/psd/PSD_IFC4.xsd"><IfcVersion version="IFC4X4" /><Name>Pset_CableSegmentTypeEarthingConductor</Name><Definition>Properties of earthing conductors used in overhead contact line systems. This property set is applicable to a type or occurence of _IfcCableSegment_ with predefined type CONDUCTORSEGMENT.</Definition><Applicability /><ApplicableClasses><ClassName>IfcCableSegment/CONDUCTORSEGMENT</ClassName></ApplicableClasses><ApplicableTypeValue>IfcCableSegment/CONDUCTORSEGMENT</ApplicableTypeValue><PropertyDefs><PropertyDef ifdguid="a6b66540c0eb4d8598bad2393de44289"><Name>ResistanceToGround</Name><Definition>The resistance through earthing conductor to the ground. Real part of the impedance to earth [SOURCE IEC: 195-01-18]</Definition><PropertyType><TypePropertySingleValue><DataType type="IfcElectricResistanceMeasure" /></TypePropertySingleValue></PropertyType><NameAliases /><DefinitionAliases /></PropertyDef></PropertyDefs><PsetDefinitionAliases /></PropertySetDef>