﻿<?xml version="1.0" encoding="utf-8"?><PropertySetDef xmlns:xsi="http://www.w3.org/2001/XMLSchema-instance" xmlns:xsd="http://www.w3.org/2001/XMLSchema" ifdguid="af017348bac3492f866b43ce813c35f8" templatetype="PSET_PERFORMANCEDRIVEN" xsi:noNamespaceSchemaLocation="http://buildingSMART-tech.org/xml/psd/PSD_IFC4.xsd" xmlns="http://buildingSMART-tech.org/xml/psd/PSD_IFC4.xsd"><IfcVersion version="IFC4X4" /><Name>Pset_DistributionPortPHistoryCable</Name><Definition>Log of electrical activity attached to an instance of IfcPerformanceHistory having an assigned IfcDistributionPort of type CABLE.</Definition><Applicability /><ApplicableClasses><ClassName>IfcDistributionPort/CABLE</ClassName></ApplicableClasses><ApplicableTypeValue>IfcDistributionPort/CABLE</ApplicableTypeValue><PropertyDefs><PropertyDef ifdguid="9fadeb7592de4a228764c24ee4f76b0b"><Name>Current</Name><Definition>Log of electrical current.</Definition><PropertyType><TypePropertyReferenceValue reftype="IfcTimeSeries" /></PropertyType><NameAliases><NameAlias lang="en">Current</NameAlias><NameAlias lang="ja-JP">電流</NameAlias></NameAliases><DefinitionAliases><DefinitionAlias lang="en" /><DefinitionAlias lang="ja-JP">電流のログ。</DefinitionAlias></DefinitionAliases></PropertyDef><PropertyDef ifdguid="6fa8730d435442e497527bd9defeb047"><Name>Voltage</Name><Definition>Log of electrical voltage.</Definition><PropertyType><TypePropertyReferenceValue reftype="IfcTimeSeries" /></PropertyType><NameAliases><NameAlias lang="en">Voltage</NameAlias><NameAlias lang="ja-JP">電圧</NameAlias></NameAliases><DefinitionAliases><DefinitionAlias lang="en" /><DefinitionAlias lang="ja-JP">電圧のログ。</DefinitionAlias></DefinitionAliases></PropertyDef><PropertyDef ifdguid="fbaec68991c14f8fb0c963eb65250f26"><Name>RealPower</Name><Definition>Real power.</Definition><PropertyType><TypePropertyReferenceValue reftype="IfcTimeSeries" /></PropertyType><NameAliases><NameAlias lang="en">Real Power</NameAlias><NameAlias lang="ja-JP">有効電力</NameAlias></NameAliases><DefinitionAliases><DefinitionAlias lang="en" /><DefinitionAlias lang="ja-JP">有効電力。</DefinitionAlias></DefinitionAliases></PropertyDef><PropertyDef ifdguid="401dc737009748699b073ef617ef615c"><Name>ReactivePower</Name><Definition>Reactive power.</Definition><PropertyType><TypePropertyReferenceValue reftype="IfcTimeSeries" /></PropertyType><NameAliases><NameAlias lang="en">Reactive Power</NameAlias><NameAlias lang="ja-JP">無効電力</NameAlias></NameAliases><DefinitionAliases><DefinitionAlias lang="en" /><DefinitionAlias lang="ja-JP">無効電力。</DefinitionAlias></DefinitionAliases></PropertyDef><PropertyDef ifdguid="af897460248b427685e28b50acfc7106"><Name>ApparentPower</Name><Definition>Apparent power.</Definition><PropertyType><TypePropertyReferenceValue reftype="IfcTimeSeries" /></PropertyType><NameAliases><NameAlias lang="en">Apparent Power</NameAlias><NameAlias lang="ja-JP">皮相電力</NameAlias></NameAliases><DefinitionAliases><DefinitionAlias lang="en" /><DefinitionAlias lang="ja-JP">皮相電力。</DefinitionAlias></DefinitionAliases></PropertyDef><PropertyDef ifdguid="53e43bcebef54a4096fd8862a450903d"><Name>PowerFactor</Name><Definition>Power factor.</Definition><PropertyType><TypePropertyReferenceValue reftype="IfcTimeSeries" /></PropertyType><NameAliases><NameAlias lang="en">Power Factor</NameAlias><NameAlias lang="ja-JP">パワーファクタ</NameAlias></NameAliases><DefinitionAliases><DefinitionAlias lang="en" /><DefinitionAlias lang="ja-JP">パワーファクタ。</DefinitionAlias></DefinitionAliases></PropertyDef><PropertyDef ifdguid="c1d8b4f5077244d98bb7d96e3b9a3282"><Name>DataTransmitted</Name><Definition>For data ports, captures log of data transmitted.  The LIST at IfcTimeSeriesValue.Values may split out data according to Pset_DistributionPortTypeCable.Protocols.</Definition><PropertyType><TypePropertyReferenceValue reftype="IfcTimeSeries" /></PropertyType><NameAliases><NameAlias lang="en">Data Transmitted</NameAlias><NameAlias lang="ja">発信</NameAlias></NameAliases><DefinitionAliases><DefinitionAlias lang="en" /><DefinitionAlias lang="ja">発信データのログ。IfcTimeSeriesValue.Valuesのリスト値にはPset_DistributionPortTypeCable.Protocolsよりデータを送信する。</DefinitionAlias></DefinitionAliases></PropertyDef><PropertyDef ifdguid="e72bcd7d84ae42c6b1e3f696451d1e6e"><Name>DataReceived</Name><Definition>For data ports, captures log of data received.  The LIST at IfcTimeSeriesValue.Values may split out data according to Pset_DistributionPortTypeCable.Protocols.</Definition><PropertyType><TypePropertyReferenceValue reftype="IfcTimeSeries" /></PropertyType><NameAliases><NameAlias lang="en">Data Received</NameAlias><NameAlias lang="ja">受信</NameAlias></NameAliases><DefinitionAliases><DefinitionAlias lang="en" /><DefinitionAlias lang="ja">受信データのログ。IfcTimeSeriesValue.Valuesのリスト値にはPset_DistributionPortTypeCable.Protocolsよりデータを受信する。</DefinitionAlias></DefinitionAliases></PropertyDef></PropertyDefs><PsetDefinitionAliases><PsetDefinitionAlias lang="en" /><PsetDefinitionAlias lang="ja-JP">IfcDistributionPortオブジェクトがELECTRICAL型の際に関連するIfcPerformanceHistoryに設定される電力使用のログ。</PsetDefinitionAlias></PsetDefinitionAliases></PropertySetDef>