﻿<?xml version="1.0" encoding="utf-8"?><PropertySetDef xmlns:xsi="http://www.w3.org/2001/XMLSchema-instance" xmlns:xsd="http://www.w3.org/2001/XMLSchema" ifdguid="3fb99d92f976c327efb8fb77f56a4a4a" templatetype="PSET_OCCURRENCEDRIVEN" xsi:noNamespaceSchemaLocation="http://buildingSMART-tech.org/xml/psd/PSD_IFC4.xsd" xmlns="http://buildingSMART-tech.org/xml/psd/PSD_IFC4.xsd"><IfcVersion version="IFC4X4" /><Name>Pset_CableSegmentOccurenceFiberSegment</Name><Definition>Properties of fiber segment occurrences. This property set is applicable to occurences of _IfcCableSegment_ with predefined type FIBERSEGMENT.</Definition><Applicability /><ApplicableClasses><ClassName>IfcCableSegment/FIBERSEGMENT</ClassName></ApplicableClasses><ApplicableTypeValue>IfcCableSegment/FIBERSEGMENT</ApplicableTypeValue><PropertyDefs><PropertyDef ifdguid="1458e7bac1274b13bfa2ea67292ac621"><Name>InUse</Name><Definition>Indicates whether the fiber has been assigned to some specific use.</Definition><PropertyType><TypePropertySingleValue><DataType type="IfcBoolean" /></TypePropertySingleValue></PropertyType><NameAliases /><DefinitionAliases /></PropertyDef></PropertyDefs><PsetDefinitionAliases /></PropertySetDef>