﻿<?xml version="1.0" encoding="utf-8"?><PropertySetDef xmlns:xsi="http://www.w3.org/2001/XMLSchema-instance" xmlns:xsd="http://www.w3.org/2001/XMLSchema" ifdguid="8eaf8e00d1d311e1800000215ad4efdf" templatetype="PSET_TYPEDRIVENOVERRIDE" xsi:noNamespaceSchemaLocation="http://buildingSMART-tech.org/xml/psd/PSD_IFC4.xsd" xmlns="http://buildingSMART-tech.org/xml/psd/PSD_IFC4.xsd"><IfcVersion version="IFC4X4" /><Name>Pset_DistributionChamberElementTypeInspectionChamber</Name><Definition>Chamber constructed on a drain, sewer or pipeline and with a removable cover, that permits visible inspection.</Definition><Applicability /><ApplicableClasses><ClassName>IfcDistributionChamberElement/INSPECTIONCHAMBER</ClassName></ApplicableClasses><ApplicableTypeValue>IfcDistributionChamberElement/INSPECTIONCHAMBER</ApplicableTypeValue><PropertyDefs><PropertyDef ifdguid="93744200d1d311e1800000215ad4efdf"><Name>ChamberLengthOrRadius</Name><Definition>Length or, in the event of the shape being circular in plan, the radius of the chamber.</Definition><PropertyType><TypePropertySingleValue><DataType type="IfcPositiveLengthMeasure" /></TypePropertySingleValue></PropertyType><NameAliases><NameAlias lang="en">Chamber Length Or Radius</NameAlias><NameAlias lang="ja-JP">チャンバー（バイブスペース？）の長さあるいは半径</NameAlias><NameAlias lang="ko-KR">챔버 (파이프 공간)의 길이 또는 반경</NameAlias></NameAliases><DefinitionAliases><DefinitionAlias lang="en" /><DefinitionAlias lang="ja-JP">チャンバーの長さあるいは円形チャンバーの半径。</DefinitionAlias><DefinitionAlias lang="ko-KR">챔버의 길이 또는 원형 챔버의 반경</DefinitionAlias></DefinitionAliases></PropertyDef><PropertyDef ifdguid="98d18c80d1d311e1800000215ad4efdf"><Name>ChamberWidth</Name><Definition>Width, in the event of the shape being non circular in plan.</Definition><PropertyType><TypePropertySingleValue><DataType type="IfcPositiveLengthMeasure" /></TypePropertySingleValue></PropertyType><NameAliases><NameAlias lang="en">Chamber Width</NameAlias><NameAlias lang="ja-JP">チャンバー（バイブスペース？）の幅</NameAlias><NameAlias lang="ko-KR">챔버 (파이프 공간)의 너비</NameAlias></NameAliases><DefinitionAliases><DefinitionAlias lang="en" /><DefinitionAlias lang="ja-JP">非円形チャンバーの幅。</DefinitionAlias><DefinitionAlias lang="ko-KR">비원 챔버의 폭</DefinitionAlias></DefinitionAliases></PropertyDef><PropertyDef ifdguid="9e2ed700d1d311e1800000215ad4efdf"><Name>InvertLevel</Name><Definition>Level of the lowest part of the cross section as measured from ground level.</Definition><PropertyType><TypePropertySingleValue><DataType type="IfcLengthMeasure" /></TypePropertySingleValue></PropertyType><NameAliases><NameAlias lang="en">Invert Level</NameAlias><NameAlias lang="ja-JP">最大深さ</NameAlias><NameAlias lang="ko-KR">최대 깊이</NameAlias></NameAliases><DefinitionAliases><DefinitionAlias lang="en" /><DefinitionAlias lang="ja-JP">断面の最も低い部分の深さ（地面から）。</DefinitionAlias><DefinitionAlias lang="ko-KR">단면의 가장 낮은 부분의 깊이 (지상에서)</DefinitionAlias></DefinitionAliases></PropertyDef><PropertyDef ifdguid="a25af480d1d311e1800000215ad4efdf"><Name>SoffitLevel</Name><Definition>Level of the highest internal part of the cross section as measured from ground level.</Definition><PropertyType><TypePropertySingleValue><DataType type="IfcLengthMeasure" /></TypePropertySingleValue></PropertyType><NameAliases><NameAlias lang="en">Soffit Level</NameAlias><NameAlias lang="ja-JP">最小深さ</NameAlias><NameAlias lang="ko-KR">최소깊이</NameAlias></NameAliases><DefinitionAliases><DefinitionAlias lang="en" /><DefinitionAlias lang="ja-JP">断面の最も高い部分の深さ（地面から）。</DefinitionAlias><DefinitionAlias lang="ko-KR">단면의 가장 높은 부분의 깊이 (지상에서)</DefinitionAlias></DefinitionAliases></PropertyDef><PropertyDef ifdguid="a850d580d1d311e1800000215ad4efdf"><Name>WallMaterial</Name><Definition>The material from which the wall of the chamber is constructed.
NOTE: It is assumed that chamber walls will be constructed of a single material.</Definition><PropertyType><TypePropertyReferenceValue reftype="IfcMaterialDefinition" /></PropertyType><NameAliases><NameAlias lang="en">Wall Material</NameAlias><NameAlias lang="ja-JP">壁の材質</NameAlias><NameAlias lang="ko-KR">벽의 재질</NameAlias></NameAliases><DefinitionAliases><DefinitionAlias lang="en" /><DefinitionAlias lang="ja-JP">ダクトスペース壁の材質。
注：ダクトスペースの壁は単層と仮定する</DefinitionAlias><DefinitionAlias lang="ko-KR">덕트 공간 벽의 재질 참고 : 덕트 공간의 벽은 단층 가정</DefinitionAlias></DefinitionAliases></PropertyDef><PropertyDef ifdguid="ab4bc600d1d311e1800000215ad4efdf"><Name>WallThickness</Name><Definition>The thickness of the chamber wall construction
NOTE: It is assumed that chamber walls will be constructed at a single thickness.</Definition><PropertyType><TypePropertySingleValue><DataType type="IfcPositiveLengthMeasure" /></TypePropertySingleValue></PropertyType><NameAliases><NameAlias lang="en">Wall Thickness</NameAlias><NameAlias lang="ja-JP">壁厚さ</NameAlias><NameAlias lang="ko-KR">벽 두께</NameAlias></NameAliases><DefinitionAliases><DefinitionAlias lang="en" /><DefinitionAlias lang="ja-JP">ダクトスペース壁の厚さ。
注：ダクトスペースの壁は単層と仮定する</DefinitionAlias><DefinitionAlias lang="ko-KR">덕트 공간 벽 두께 참고 : 덕트 공간의 벽은 단층 가정</DefinitionAlias></DefinitionAliases></PropertyDef><PropertyDef ifdguid="b0107a00d1d311e1800000215ad4efdf"><Name>BaseMaterial</Name><Definition>The material from which the base of the chamber is constructed.
NOTE: It is assumed that chamber base will be constructed of a single material.</Definition><PropertyType><TypePropertyReferenceValue reftype="IfcMaterialDefinition" /></PropertyType><NameAliases><NameAlias lang="en">Base Material</NameAlias><NameAlias lang="ja-JP">床の材質</NameAlias><NameAlias lang="ko-KR">바닥의 재질</NameAlias></NameAliases><DefinitionAliases><DefinitionAlias lang="en" /><DefinitionAlias lang="ja-JP">ダクトスペース床面の材質。
注：ダクトスペースの床は単層と仮定する</DefinitionAlias><DefinitionAlias lang="ko-KR">덕트 공간 바닥의 재질 참고 : 덕트 공간의 바닥은 단층 가정</DefinitionAlias></DefinitionAliases></PropertyDef><PropertyDef ifdguid="b30b6a80d1d311e1800000215ad4efdf"><Name>BaseThickness</Name><Definition>The thickness of the chamber base construction
NOTE: It is assumed that chamber base will be constructed at a single thickness.</Definition><PropertyType><TypePropertySingleValue><DataType type="IfcPositiveLengthMeasure" /></TypePropertySingleValue></PropertyType><NameAliases><NameAlias lang="en">Base Thickness</NameAlias><NameAlias lang="ja-JP">床の厚さ</NameAlias><NameAlias lang="ko-KR">바닥의 두께</NameAlias></NameAliases><DefinitionAliases><DefinitionAlias lang="en" /><DefinitionAlias lang="ja-JP">ダクトスペース床面の厚さ。
注：ダクトスペースの床は単層と仮定する</DefinitionAlias><DefinitionAlias lang="ko-KR">덕트 공간 바닥의 두께 참고 : 덕트 공간의 바닥은 단층 가정</DefinitionAlias></DefinitionAliases></PropertyDef><PropertyDef ifdguid="b868b500d1d311e1800000215ad4efdf"><Name>WithBackdrop</Name><Definition>Indicates whether the chamber has a backdrop or tumbling bay (TRUE) or not (FALSE).</Definition><PropertyType><TypePropertySingleValue><DataType type="IfcBoolean" /></TypePropertySingleValue></PropertyType><NameAliases><NameAlias lang="en">With Backdrop</NameAlias><NameAlias lang="ja-JP">バックドロップ付け</NameAlias><NameAlias lang="ko-KR">백 드롭 지정</NameAlias></NameAliases><DefinitionAliases><DefinitionAlias lang="en" /><DefinitionAlias lang="ja-JP">ダクトスペースはバックドロップ或いは堰付けかどうか（TRUE或いはFALSE）。</DefinitionAlias><DefinitionAlias lang="ko-KR">덕트 공간 백드롭 혹은 보 표시 여부 (TRUE 또는 FALSE)</DefinitionAlias></DefinitionAliases></PropertyDef><PropertyDef ifdguid="bdc5ff80d1d311e1800000215ad4efdf"><Name>AccessCoverMaterial</Name><Definition>The material from which the access cover to the chamber is constructed.
NOTE: It is assumed that chamber walls will be constructed of a single material.</Definition><PropertyType><TypePropertyReferenceValue reftype="IfcMaterialDefinition" /></PropertyType><NameAliases><NameAlias lang="en">Access Cover Material</NameAlias><NameAlias lang="ja-JP">アクセス（点検）カバーの材質</NameAlias><NameAlias lang="ko-KR">사용(체크)커버의 재질</NameAlias></NameAliases><DefinitionAliases><DefinitionAlias lang="en" /><DefinitionAlias lang="ja-JP">アクセス（点検）カバーの材質。
注：バイブスペースの壁は単層と仮定する</DefinitionAlias><DefinitionAlias lang="ko-KR">액세스 (체크) 커버의 재질 주 : 챔퍼 공간의 벽은 단층 가정</DefinitionAlias></DefinitionAliases></PropertyDef><PropertyDef ifdguid="c0c0f000d1d311e1800000215ad4efdf"><Name>AccessLengthOrRadius</Name><Definition>The length of the chamber access cover or, where the plan shape of the cover is circular, the radius.</Definition><PropertyType><TypePropertySingleValue><DataType type="IfcPositiveLengthMeasure" /></TypePropertySingleValue></PropertyType><NameAliases><NameAlias lang="en">Access Length Or Radius</NameAlias><NameAlias lang="ja-JP">アクセス（点検）カバーの長さ或いは半径</NameAlias><NameAlias lang="ko-KR">사용(체크)덮개 길이 혹은 반경</NameAlias></NameAliases><DefinitionAliases><DefinitionAlias lang="en" /><DefinitionAlias lang="ja-JP">アクセス（点検）カバーの長さ、或いは円形カバーの半径。</DefinitionAlias><DefinitionAlias lang="ko-KR">사용 (체크) 덮개 길이, 혹은 원형 커버 반경</DefinitionAlias></DefinitionAliases></PropertyDef><PropertyDef ifdguid="c61e3a80d1d311e1800000215ad4efdf"><Name>AccessWidth</Name><Definition>The width of the chamber access cover where the plan shape of the cover is not circular.</Definition><PropertyType><TypePropertySingleValue><DataType type="IfcPositiveLengthMeasure" /></TypePropertySingleValue></PropertyType><NameAliases><NameAlias lang="en">Access Width</NameAlias><NameAlias lang="ja-JP">アクセス（点検）カバーの幅</NameAlias><NameAlias lang="ko-KR">사용 (체크)커버 폭</NameAlias></NameAliases><DefinitionAliases><DefinitionAlias lang="en" /><DefinitionAlias lang="ja-JP">アクセス（点検）カバーの幅。</DefinitionAlias><DefinitionAlias lang="ko-KR">사용 (체크) 커버 폭</DefinitionAlias></DefinitionAliases></PropertyDef><PropertyDef ifdguid="d46c5680d1d311e1800000215ad4efdf"><Name>AccessCoverLoadRating</Name><Definition>The load rating of the access cover (which may be a value or an alphanumerically defined class rating).</Definition><PropertyType><TypePropertySingleValue><DataType type="IfcText" /></TypePropertySingleValue></PropertyType><NameAliases><NameAlias lang="en">Access Cover Load Rating</NameAlias><NameAlias lang="ja-JP">アクセス（点検）カバーの耐荷重</NameAlias><NameAlias lang="ko-KR">사용 (체크)커버 하중</NameAlias></NameAliases><DefinitionAliases><DefinitionAlias lang="en" /><DefinitionAlias lang="ja-JP">アクセス（点検）カバーの耐荷重（数字或いはアルファベットで定義する）。</DefinitionAlias><DefinitionAlias lang="ko-KR">사용 (체크) 커버 하중 (숫자 혹은 알파벳에서 정의됨)</DefinitionAlias></DefinitionAliases></PropertyDef></PropertyDefs><PsetDefinitionAliases><PsetDefinitionAlias lang="en" /><PsetDefinitionAlias lang="ja-JP">排水、下水管の上にある・点検用可移動カバー付けパイプスペース。</PsetDefinitionAlias></PsetDefinitionAliases></PropertySetDef>