﻿<?xml version="1.0" encoding="utf-8"?><PropertySetDef xmlns:xsi="http://www.w3.org/2001/XMLSchema-instance" xmlns:xsd="http://www.w3.org/2001/XMLSchema" ifdguid="7eed4deae2b99391cb2a020cc1249ac8" templatetype="PSET_TYPEDRIVENOVERRIDE" xsi:noNamespaceSchemaLocation="http://buildingSMART-tech.org/xml/psd/PSD_IFC4.xsd" xmlns="http://buildingSMART-tech.org/xml/psd/PSD_IFC4.xsd"><IfcVersion version="IFC4X4" /><Name>Pset_CableFittingTypeFanout</Name><Definition>Properties of the fanout type of cable fitting.</Definition><Applicability /><ApplicableClasses><ClassName>IfcCableFitting/FANOUT</ClassName></ApplicableClasses><ApplicableTypeValue>IfcCableFitting/FANOUT</ApplicableTypeValue><PropertyDefs><PropertyDef ifdguid="debb6bdcf4bd4102a5a18789c914eeeb"><Name>NumberOfTubes</Name><Definition>Number of fiber tubes.</Definition><PropertyType><TypePropertySingleValue><DataType type="IfcInteger" /></TypePropertySingleValue></PropertyType><NameAliases /><DefinitionAliases /></PropertyDef><PropertyDef ifdguid="bf7d526d0489460da9ecf55d6e9e93f6"><Name>TubeDiameter</Name><Definition>Indicates the diameter of the fiber tubes that are used in the fan out.</Definition><PropertyType><TypePropertySingleValue><DataType type="IfcPositiveLengthMeasure" /></TypePropertySingleValue></PropertyType><NameAliases /><DefinitionAliases /></PropertyDef></PropertyDefs><PsetDefinitionAliases /></PropertySetDef>