﻿<?xml version="1.0" encoding="utf-8"?><PropertySetDef xmlns:xsi="http://www.w3.org/2001/XMLSchema-instance" xmlns:xsd="http://www.w3.org/2001/XMLSchema" ifdguid="e8608a00d1cc11e1800000215ad4efdf" templatetype="PSET_TYPEDRIVENOVERRIDE" xsi:noNamespaceSchemaLocation="http://buildingSMART-tech.org/xml/psd/PSD_IFC4.xsd" xmlns="http://buildingSMART-tech.org/xml/psd/PSD_IFC4.xsd"><IfcVersion version="IFC4X4" /><Name>Pset_ConstructionResource</Name><Definition>Properties for tracking resource usage over time.</Definition><Applicability /><ApplicableClasses><ClassName>IfcConstructionResource</ClassName></ApplicableClasses><ApplicableTypeValue>IfcConstructionResource</ApplicableTypeValue><PropertyDefs><PropertyDef ifdguid="ee566b00d1cc11e1800000215ad4efdf"><Name>ScheduleWork</Name><Definition>The scheduled work on behalf of the resource allocation.</Definition><PropertyType><TypePropertyReferenceValue reftype="IfcTimeSeries" /></PropertyType><NameAliases><NameAlias lang="en">Schedule Work</NameAlias><NameAlias lang="ja-JP">予定作業時間</NameAlias></NameAliases><DefinitionAliases><DefinitionAlias lang="en" /><DefinitionAlias lang="ja-JP">資源配分のための予定された作業。</DefinitionAlias></DefinitionAliases></PropertyDef><PropertyDef ifdguid="f1515b80d1cc11e1800000215ad4efdf"><Name>ActualWork</Name><Definition>The actual work on behalf of the resource allocation.</Definition><PropertyType><TypePropertyReferenceValue reftype="IfcTimeSeries" /></PropertyType><NameAliases><NameAlias lang="en">Actual Work</NameAlias><NameAlias lang="ja-JP">実績作業時間</NameAlias></NameAliases><DefinitionAliases><DefinitionAlias lang="en" /><DefinitionAlias lang="ja-JP">資源配分のための実績の作業。</DefinitionAlias></DefinitionAliases></PropertyDef><PropertyDef ifdguid="f3b3b580d1cc11e1800000215ad4efdf"><Name>RemainingWork</Name><Definition>The remaining work on behalf of the resource allocation.</Definition><PropertyType><TypePropertyReferenceValue reftype="IfcTimeSeries" /></PropertyType><NameAliases><NameAlias lang="en">Remaining Work</NameAlias><NameAlias lang="ja-JP">残存作業時間</NameAlias></NameAliases><DefinitionAliases><DefinitionAlias lang="en" /><DefinitionAlias lang="ja-JP">資源配分のための残存している作業。</DefinitionAlias></DefinitionAliases></PropertyDef><PropertyDef ifdguid="f6aea600d1cc11e1800000215ad4efdf"><Name>ScheduleCost</Name><Definition>The budgeted cost on behalf of the resource allocation.</Definition><PropertyType><TypePropertyReferenceValue reftype="IfcTimeSeries" /></PropertyType><NameAliases><NameAlias lang="en">Schedule Cost</NameAlias><NameAlias lang="ja-JP">予定コスト</NameAlias></NameAliases><DefinitionAliases><DefinitionAlias lang="en" /><DefinitionAlias lang="ja-JP">資源配分のための予定されているコスト。</DefinitionAlias></DefinitionAliases></PropertyDef><PropertyDef ifdguid="f9110000d1cc11e1800000215ad4efdf"><Name>ActualCost</Name><Definition>The actual cost on behalf of the resource allocation.</Definition><PropertyType><TypePropertyReferenceValue reftype="IfcTimeSeries" /></PropertyType><NameAliases><NameAlias lang="en">Actual Cost</NameAlias><NameAlias lang="ja-JP">実績コスト</NameAlias></NameAliases><DefinitionAliases><DefinitionAlias lang="en" /><DefinitionAlias lang="ja-JP">資源配分のための実績のコスト。</DefinitionAlias></DefinitionAliases></PropertyDef><PropertyDef ifdguid="fb735a00d1cc11e1800000215ad4efdf"><Name>RemainingCost</Name><Definition>The remaining cost on behalf of the resource allocation.</Definition><PropertyType><TypePropertyReferenceValue reftype="IfcTimeSeries" /></PropertyType><NameAliases><NameAlias lang="en">Remaining Cost</NameAlias><NameAlias lang="ja-JP">残存コスト</NameAlias></NameAliases><DefinitionAliases><DefinitionAlias lang="en" /><DefinitionAlias lang="ja-JP">資源配分のための残存しているコスト。</DefinitionAlias></DefinitionAliases></PropertyDef><PropertyDef ifdguid="fe6e4a80d1cc11e1800000215ad4efdf"><Name>ScheduleCompletion</Name><Definition>The scheduled completion percentage of the allocation.</Definition><PropertyType><TypePropertyReferenceValue reftype="IfcTimeSeries" /></PropertyType><NameAliases><NameAlias lang="en">Schedule Completion</NameAlias><NameAlias lang="ja-JP">予定完了率</NameAlias></NameAliases><DefinitionAliases><DefinitionAlias lang="en" /><DefinitionAlias lang="ja-JP">予定された完了率。</DefinitionAlias></DefinitionAliases></PropertyDef><PropertyDef ifdguid="00d0a480d1cd11e1800000215ad4efdf"><Name>ActualCompletion</Name><Definition>The actual completion percentage of the allocation.</Definition><PropertyType><TypePropertyReferenceValue reftype="IfcTimeSeries" /></PropertyType><NameAliases><NameAlias lang="en">Actual Completion</NameAlias><NameAlias lang="ja-JP">実績完了率</NameAlias></NameAliases><DefinitionAliases><DefinitionAlias lang="en" /><DefinitionAlias lang="ja-JP">実績の完了率。</DefinitionAlias></DefinitionAliases></PropertyDef></PropertyDefs><PsetDefinitionAliases><PsetDefinitionAlias lang="en" /></PsetDefinitionAliases></PropertySetDef>