﻿<?xml version="1.0" encoding="utf-8"?><PropertySetDef xmlns:xsi="http://www.w3.org/2001/XMLSchema-instance" xmlns:xsd="http://www.w3.org/2001/XMLSchema" ifdguid="7a848480d20511e1800000215ad4efdf" templatetype="PSET_TYPEDRIVENOVERRIDE" xsi:noNamespaceSchemaLocation="http://buildingSMART-tech.org/xml/psd/PSD_IFC4.xsd" xmlns="http://buildingSMART-tech.org/xml/psd/PSD_IFC4.xsd"><IfcVersion version="IFC4X4" /><Name>Pset_SensorTypeHeatSensor</Name><Definition>A device that senses or detects heat. HISTORY: In IFC4, incorporates Fire Sensor. HeatSensorSetPoint changed to SetPointTemperature</Definition><Applicability /><ApplicableClasses><ClassName>IfcSensor/HEATSENSOR</ClassName></ApplicableClasses><ApplicableTypeValue>IfcSensor/HEATSENSOR</ApplicableTypeValue><PropertyDefs><PropertyDef ifdguid="7f493880d20511e1800000215ad4efdf"><Name>CoverageArea</Name><Definition>The area that is covered by the sensor (typically measured as a circle whose center is at the location of the sensor).</Definition><PropertyType><TypePropertySingleValue><DataType type="IfcAreaMeasure" /></TypePropertySingleValue></PropertyType><NameAliases><NameAlias lang="en">Coverage Area</NameAlias><NameAlias lang="ja-JP">測定範囲</NameAlias><NameAlias lang="ko-KR">측정 범위</NameAlias></NameAliases><DefinitionAliases><DefinitionAlias lang="en" /><DefinitionAlias lang="ja-JP">センサでカバーされている範囲。(通常、センターがセンサの位置にある円として測定される)</DefinitionAlias><DefinitionAlias lang="ko-KR">센서 커버하는 범위. (일반적으로 센터 센서의 위치에있는 원형으로 측정되는)</DefinitionAlias></DefinitionAliases></PropertyDef><PropertyDef ifdguid="84a68300d20511e1800000215ad4efdf"><Name>SetPointTemperature</Name><Definition>The temperature value to be sensed. Use IfcPropertyBoundedValue.SetPointValue to set the set point value.</Definition><PropertyType><TypePropertyBoundedValue><DataType type="IfcThermodynamicTemperatureMeasure" /></TypePropertyBoundedValue></PropertyType><NameAliases><NameAlias lang="en">Set Point Temperature</NameAlias><NameAlias lang="ja-JP">温度設定値</NameAlias><NameAlias lang="ko-KR">온도 설정</NameAlias></NameAliases><DefinitionAliases><DefinitionAlias lang="en" /><DefinitionAlias lang="ja-JP">感知される温度。
セットポイント値を置くために、IfcPropertyBoundedValue.SetPointValueを使用する。</DefinitionAlias><DefinitionAlias lang="ko-KR">감지되는 온도. 세트 포인트 값을 넣으려면, IfcPropertyBoundedValue.SetPointValue를 사용하십시오.</DefinitionAlias></DefinitionAliases></PropertyDef><PropertyDef ifdguid="8cfebe00d20511e1800000215ad4efdf"><Name>RateOfTemperatureRise</Name><Definition>The rate of temperature rise that is to be sensed as being hazardous.</Definition><PropertyType><TypePropertySingleValue><DataType type="IfcTemperatureRateOfChangeMeasure" /></TypePropertySingleValue></PropertyType><NameAliases><NameAlias lang="en">Rate Of Temperature Rise</NameAlias><NameAlias lang="ja-JP">温度上昇率</NameAlias><NameAlias lang="ko-KR">온도 상승률</NameAlias></NameAliases><DefinitionAliases><DefinitionAlias lang="en" /><DefinitionAlias lang="ja-JP">危険であるとして感じられることになっている温度上昇率。</DefinitionAlias><DefinitionAlias lang="ko-KR">위험 것으로 느껴지게하는 온도 상승률.</DefinitionAlias></DefinitionAliases></PropertyDef></PropertyDefs><PsetDefinitionAliases><PsetDefinitionAlias lang="en" /><PsetDefinitionAlias lang="ja-JP">熱を感知または検出するデバイス。</PsetDefinitionAlias></PsetDefinitionAliases></PropertySetDef>