﻿<?xml version="1.0" encoding="utf-8"?><PropertySetDef xmlns:xsi="http://www.w3.org/2001/XMLSchema-instance" xmlns:xsd="http://www.w3.org/2001/XMLSchema" ifdguid="12687b00d1d211e1800000215ad4efdf" templatetype="PSET_TYPEDRIVENOVERRIDE" xsi:noNamespaceSchemaLocation="http://buildingSMART-tech.org/xml/psd/PSD_IFC4.xsd" xmlns="http://buildingSMART-tech.org/xml/psd/PSD_IFC4.xsd"><IfcVersion version="IFC4X4" /><Name>Pset_DamperTypeSmokeDamper</Name><Definition>Smoke damper type attributes.
Pset renamed from Pset_DamperTypeSmoke to Pset_DamperTypeSmokeDamper in IFC2x2 Pset Addendum.</Definition><Applicability /><ApplicableClasses><ClassName>IfcDamper/SMOKEDAMPER</ClassName></ApplicableClasses><ApplicableTypeValue>IfcDamper/SMOKEDAMPER</ApplicableTypeValue><PropertyDefs><PropertyDef ifdguid="172d2f00d1d211e1800000215ad4efdf"><Name>ControlType</Name><Definition>The type of control used to operate the damper (e.g., Open/Closed Indicator, Resetable Temperature Sensor, Temperature Override, etc.) .</Definition><PropertyType><TypePropertySingleValue><DataType type="IfcLabel" /></TypePropertySingleValue></PropertyType><NameAliases><NameAlias lang="en">Control Type</NameAlias></NameAliases><DefinitionAliases><DefinitionAlias lang="en" /></DefinitionAliases></PropertyDef></PropertyDefs><PsetDefinitionAliases><PsetDefinitionAlias lang="en" /></PsetDefinitionAliases></PropertySetDef>