﻿<?xml version="1.0" encoding="utf-8"?><PropertySetDef xmlns:xsi="http://www.w3.org/2001/XMLSchema-instance" xmlns:xsd="http://www.w3.org/2001/XMLSchema" ifdguid="2b1c6500d1c111e1800000215ad4efdf" templatetype="PSET_OCCURRENCEDRIVEN" xsi:noNamespaceSchemaLocation="http://buildingSMART-tech.org/xml/psd/PSD_IFC4.xsd" xmlns="http://buildingSMART-tech.org/xml/psd/PSD_IFC4.xsd"><IfcVersion version="IFC4X4" /><Name>Pset_AnnotationContourLine</Name><Definition>Specifies parameters of a standard curve that has a single, consistent measure value.</Definition><Applicability /><ApplicableClasses><ClassName>IfcAnnotation/ContourLine</ClassName></ApplicableClasses><ApplicableTypeValue>IfcAnnotation/ContourLine</ApplicableTypeValue><PropertyDefs><PropertyDef ifdguid="340d3680d1c111e1800000215ad4efdf"><Name>ContourValue</Name><Definition>Value of the elevation of the contour above or below a reference plane.</Definition><PropertyType><TypePropertySingleValue><DataType type="IfcLengthMeasure" /></TypePropertySingleValue></PropertyType><NameAliases><NameAlias lang="en">Contour Value</NameAlias><NameAlias lang="fr-FR">ValeurContour</NameAlias><NameAlias lang="ja-JP">等高線値</NameAlias><NameAlias lang="ko-KR">등고선 값</NameAlias></NameAliases><DefinitionAliases><DefinitionAlias lang="en" /><DefinitionAlias lang="fr-FR">Valeur de l'élévation du contour au dessus ou au dessous d'un plan de référence.</DefinitionAlias><DefinitionAlias lang="ja-JP">参照平面に対する等高線の高さ値。</DefinitionAlias><DefinitionAlias lang="ko-KR">참조 평면에 대한 등고선의 높이 값.</DefinitionAlias></DefinitionAliases></PropertyDef></PropertyDefs><PsetDefinitionAliases><PsetDefinitionAlias lang="en" /><PsetDefinitionAlias lang="fr-FR">Définition de l'IAI : paramètres spécifiques à une courbe standard qui a une valeur simple et cohérente.</PsetDefinitionAlias><PsetDefinitionAlias lang="ja-JP">IfcAnnotation（注記）オブジェクトに関する標準の曲線に対する単一、同一の情報を設定するプロパティセット定義。GIS関連情報を扱う。</PsetDefinitionAlias></PsetDefinitionAliases></PropertySetDef>