﻿<?xml version="1.0" encoding="utf-8"?><PropertySetDef xmlns:xsi="http://www.w3.org/2001/XMLSchema-instance" xmlns:xsd="http://www.w3.org/2001/XMLSchema" ifdguid="7016ba80d20611e1800000215ad4efdf" templatetype="PSET_TYPEDRIVENOVERRIDE" xsi:noNamespaceSchemaLocation="http://buildingSMART-tech.org/xml/psd/PSD_IFC4.xsd" xmlns="http://buildingSMART-tech.org/xml/psd/PSD_IFC4.xsd"><IfcVersion version="IFC4X4" /><Name>Pset_SensorTypeSoundSensor</Name><Definition>A device that senses or detects sound. HISTORY: SoundSensorSensorSetPoint changed to SetPointSound. Range, accuracy and time constant deleted.</Definition><Applicability /><ApplicableClasses><ClassName>IfcSensor/SOUNDSENSOR</ClassName></ApplicableClasses><ApplicableTypeValue>IfcSensor/SOUNDSENSOR</ApplicableTypeValue><PropertyDefs><PropertyDef ifdguid="7442d800d20611e1800000215ad4efdf"><Name>SetPointSound</Name><Definition>The sound pressure value to be sensed. Use IfcPropertyBoundedValue.SetPointValue to set the set point value.</Definition><PropertyType><TypePropertyBoundedValue><DataType type="IfcSoundPressureMeasure" /></TypePropertyBoundedValue></PropertyType><NameAliases><NameAlias lang="en">Set Point Sound</NameAlias><NameAlias lang="ja-JP">音圧設定値</NameAlias><NameAlias lang="ko-KR">읍압 설정치</NameAlias></NameAliases><DefinitionAliases><DefinitionAlias lang="en" /><DefinitionAlias lang="ja-JP">感知される音圧。
セットポイント値を置くために、IfcPropertyBoundedValue.SetPointValueを使用する。</DefinitionAlias><DefinitionAlias lang="ko-KR">감지되는 음압. 세트 포인트 값을 넣으려면, IfcPropertyBoundedValue.SetPointValue를 사용하십시오.</DefinitionAlias></DefinitionAliases></PropertyDef></PropertyDefs><PsetDefinitionAliases><PsetDefinitionAlias lang="en" /><PsetDefinitionAlias lang="ja-JP">音を感知または検出するデバイス。</PsetDefinitionAlias></PsetDefinitionAliases></PropertySetDef>