﻿<?xml version="1.0" encoding="utf-8"?><PropertySetDef xmlns:xsi="http://www.w3.org/2001/XMLSchema-instance" xmlns:xsd="http://www.w3.org/2001/XMLSchema" ifdguid="6a0546c9faea9bc40de78709325f1b68" templatetype="PSET_TYPEDRIVENOVERRIDE" xsi:noNamespaceSchemaLocation="http://buildingSMART-tech.org/xml/psd/PSD_IFC4.xsd" xmlns="http://buildingSMART-tech.org/xml/psd/PSD_IFC4.xsd"><IfcVersion version="IFC4X4" /><Name>Pset_CommunicationsApplianceTypeModem</Name><Definition>Properties common to a modem. This property set is applied to a type or occurrence of _IfcCommunicationsAppliance_ with predefined type MODEM.</Definition><Applicability /><ApplicableClasses><ClassName>IfcCommunicationsAppliance/MODEM</ClassName></ApplicableClasses><ApplicableTypeValue>IfcCommunicationsAppliance/MODEM</ApplicableTypeValue><PropertyDefs><PropertyDef ifdguid="4d826d0ab63d440d8410313ceaf01b46"><Name>NumberOfCommonInterfaces</Name><Definition>Indicates the number of common interfaces on the device.</Definition><PropertyType><TypePropertyTableValue><Expression /><DefiningValue><DataType type="IfcLabel" /></DefiningValue><DefinedValue><DataType type="IfcInteger" /></DefinedValue></TypePropertyTableValue></PropertyType><NameAliases /><DefinitionAliases /></PropertyDef><PropertyDef ifdguid="098fe857f5754bc7ae9fb0b226b0e149"><Name>NumberOfTrafficInterfaces</Name><Definition>Indicates the number of traffic interfaces on the device.</Definition><PropertyType><TypePropertyTableValue><Expression /><DefiningValue><DataType type="IfcLabel" /></DefiningValue><DefinedValue><DataType type="IfcInteger" /></DefinedValue></TypePropertyTableValue></PropertyType><NameAliases /><DefinitionAliases /></PropertyDef><PropertyDef ifdguid="e1e3abab1de349eb85611382ddd79688"><Name>CommonInterfaceType</Name><Definition>Indicates the type of the device common interfaces.</Definition><PropertyType><TypePropertyEnumeratedValue><EnumList name="PEnum_CommonInterfaceType"><EnumItem>DRYCONTACTSINTERFACE</EnumItem><EnumItem>MANAGEMENTINTERFACE</EnumItem><EnumItem>OTHER_IO_INTERFACE</EnumItem><EnumItem>SYNCHRONIZATIONINTERFACE</EnumItem><EnumItem>OTHER</EnumItem><EnumItem>NOTKNOWN</EnumItem><EnumItem>UNSET</EnumItem></EnumList><ConstantList><ConstantDef><Name>DRYCONTACTSINTERFACE</Name><Definition>Dry contacts interface.</Definition><NameAliases /><DefinitionAliases /></ConstantDef><ConstantDef><Name>MANAGEMENTINTERFACE</Name><Definition>Management interface.</Definition><NameAliases /><DefinitionAliases /></ConstantDef><ConstantDef><Name>OTHER_IO_INTERFACE</Name><Definition>Other I/O interface.</Definition><NameAliases /><DefinitionAliases /></ConstantDef><ConstantDef><Name>SYNCHRONIZATIONINTERFACE</Name><Definition>Synchronization interface.</Definition><NameAliases /><DefinitionAliases /></ConstantDef><ConstantDef><Name>OTHER</Name><Definition>required category not on scale</Definition><NameAliases><NameAlias lang="en">(other)</NameAlias></NameAliases><DefinitionAliases><DefinitionAlias lang="en">Value is not listed.</DefinitionAlias></DefinitionAliases></ConstantDef><ConstantDef><Name>NOTKNOWN</Name><Definition>Value is unkown</Definition><NameAliases><NameAlias lang="en">(unknown)</NameAlias></NameAliases><DefinitionAliases><DefinitionAlias lang="en">Value is unknown.</DefinitionAlias></DefinitionAliases></ConstantDef><ConstantDef><Name>UNSET</Name><Definition>Value has not been specified</Definition><NameAliases><NameAlias lang="en">(unset)</NameAlias></NameAliases><DefinitionAliases><DefinitionAlias lang="en">Value has not been specified.</DefinitionAlias></DefinitionAliases></ConstantDef></ConstantList></TypePropertyEnumeratedValue></PropertyType><NameAliases /><DefinitionAliases /></PropertyDef><PropertyDef ifdguid="d1e8cba7a7554899b74311c916a2c422"><Name>TrafficInterfaceType</Name><Definition>Indicates the type of the device traffic interfaces.</Definition><PropertyType><TypePropertyEnumeratedValue><EnumList name="PEnum_ModemTrafficInterfaceType"><EnumItem>E1</EnumItem><EnumItem>FASTETHERNET</EnumItem><EnumItem>XDSL</EnumItem><EnumItem>OTHER</EnumItem><EnumItem>NOTKNOWN</EnumItem><EnumItem>UNSET</EnumItem></EnumList><ConstantList><ConstantDef><Name>E1</Name><Definition>E1 interface.</Definition><NameAliases /><DefinitionAliases /></ConstantDef><ConstantDef><Name>FASTETHERNET</Name><Definition>Fast ethernet interface.</Definition><NameAliases /><DefinitionAliases /></ConstantDef><ConstantDef><Name>XDSL</Name><Definition>XDSL interface.</Definition><NameAliases /><DefinitionAliases /></ConstantDef><ConstantDef><Name>OTHER</Name><Definition>required category not on scale</Definition><NameAliases><NameAlias lang="en">(other)</NameAlias></NameAliases><DefinitionAliases><DefinitionAlias lang="en">Value is not listed.</DefinitionAlias></DefinitionAliases></ConstantDef><ConstantDef><Name>NOTKNOWN</Name><Definition>Value is unkown</Definition><NameAliases><NameAlias lang="en">(unknown)</NameAlias></NameAliases><DefinitionAliases><DefinitionAlias lang="en">Value is unknown.</DefinitionAlias></DefinitionAliases></ConstantDef><ConstantDef><Name>UNSET</Name><Definition>Value has not been specified</Definition><NameAliases><NameAlias lang="en">(unset)</NameAlias></NameAliases><DefinitionAliases><DefinitionAlias lang="en">Value has not been specified.</DefinitionAlias></DefinitionAliases></ConstantDef></ConstantList></TypePropertyEnumeratedValue></PropertyType><NameAliases /><DefinitionAliases /></PropertyDef></PropertyDefs><PsetDefinitionAliases /></PropertySetDef>