﻿<?xml version="1.0" encoding="utf-8"?><PropertySetDef xmlns:xsi="http://www.w3.org/2001/XMLSchema-instance" xmlns:xsd="http://www.w3.org/2001/XMLSchema" ifdguid="786af780d1fe11e1800000215ad4efdf" templatetype="PSET_OCCURRENCEDRIVEN" xsi:noNamespaceSchemaLocation="http://buildingSMART-tech.org/xml/psd/PSD_IFC4.xsd" xmlns="http://buildingSMART-tech.org/xml/psd/PSD_IFC4.xsd"><IfcVersion version="IFC4X4" /><Name>Pset_PumpOccurrence</Name><Definition>Pump occurrence attributes attached to an instance of IfcPump.</Definition><Applicability /><ApplicableClasses><ClassName>IfcPump</ClassName></ApplicableClasses><ApplicableTypeValue>IfcPump</ApplicableTypeValue><PropertyDefs><PropertyDef ifdguid="7dc84200d1fe11e1800000215ad4efdf"><Name>ImpellerDiameter</Name><Definition>Diameter of pump impeller - used to scale performance of geometrically similar pumps.</Definition><PropertyType><TypePropertySingleValue><DataType type="IfcPositiveLengthMeasure" /></TypePropertySingleValue></PropertyType><NameAliases><NameAlias lang="en">Impeller Diameter</NameAlias><NameAlias lang="ja-JP">羽根直径</NameAlias></NameAliases><DefinitionAliases><DefinitionAlias lang="en" /><DefinitionAlias lang="ja-JP">幾何学的に似たポンプの性能を予測するのに使われる。</DefinitionAlias></DefinitionAliases></PropertyDef><PropertyDef ifdguid="8587e680d1fe11e1800000215ad4efdf"><Name>BaseType</Name><Definition>Defines general types of pump bases.

FRAME: Frame. 
BASE: Base. 
NONE: There is no pump base, such as an inline pump. 
OTHER: Other type of pump base.</Definition><PropertyType><TypePropertyEnumeratedValue><EnumList name="PEnum_PumpBaseType"><EnumItem>FRAME</EnumItem><EnumItem>BASE</EnumItem><EnumItem>NONE</EnumItem><EnumItem>OTHER</EnumItem><EnumItem>NOTKNOWN</EnumItem><EnumItem>UNSET</EnumItem></EnumList><ConstantList><ConstantDef><Name>FRAME</Name><NameAliases><NameAlias lang="en">Frame</NameAlias></NameAliases><DefinitionAliases><DefinitionAlias lang="en">Frame</DefinitionAlias></DefinitionAliases></ConstantDef><ConstantDef><Name>BASE</Name><NameAliases><NameAlias lang="en">Base</NameAlias></NameAliases><DefinitionAliases><DefinitionAlias lang="en">Base</DefinitionAlias></DefinitionAliases></ConstantDef><ConstantDef><Name>NONE</Name><Definition>No waterproof.</Definition><NameAliases><NameAlias lang="en">None</NameAlias></NameAliases><DefinitionAliases><DefinitionAlias lang="en">None, empty or no additional action or function.</DefinitionAlias></DefinitionAliases></ConstantDef><ConstantDef><Name>OTHER</Name><Definition>required category not on scale</Definition><NameAliases><NameAlias lang="en">(other)</NameAlias></NameAliases><DefinitionAliases><DefinitionAlias lang="en">Value is not listed.</DefinitionAlias></DefinitionAliases></ConstantDef><ConstantDef><Name>NOTKNOWN</Name><Definition>Value is unkown</Definition><NameAliases><NameAlias lang="en">(unknown)</NameAlias></NameAliases><DefinitionAliases><DefinitionAlias lang="en">Value is unknown.</DefinitionAlias></DefinitionAliases></ConstantDef><ConstantDef><Name>UNSET</Name><Definition>Value has not been specified</Definition><NameAliases><NameAlias lang="en">(unset)</NameAlias></NameAliases><DefinitionAliases><DefinitionAlias lang="en">Value has not been specified.</DefinitionAlias></DefinitionAliases></ConstantDef></ConstantList></TypePropertyEnumeratedValue></PropertyType><NameAliases><NameAlias lang="en">Base Type</NameAlias><NameAlias lang="ja-JP">基礎タイプ</NameAlias></NameAliases><DefinitionAliases><DefinitionAlias lang="en" /><DefinitionAlias lang="ja-JP">ポンプ基礎の一般的な型を定義する(フレーム、(コンクリ)基礎、なし、その他)</DefinitionAlias></DefinitionAliases></PropertyDef><PropertyDef ifdguid="92a4d580d1fe11e1800000215ad4efdf"><Name>DriveConnectionType</Name><Definition>The way the pump drive mechanism is connected to the pump.

DIRECTDRIVE: Direct drive. 
BELTDRIVE: Belt drive. 
COUPLING: Coupling. 
OTHER: Other type of drive connection.</Definition><PropertyType><TypePropertyEnumeratedValue><EnumList name="PEnum_PumpDriveConnectionType"><EnumItem>DIRECTDRIVE</EnumItem><EnumItem>BELTDRIVE</EnumItem><EnumItem>COUPLING</EnumItem><EnumItem>OTHER</EnumItem><EnumItem>NOTKNOWN</EnumItem><EnumItem>UNSET</EnumItem></EnumList><ConstantList><ConstantDef><Name>DIRECTDRIVE</Name><NameAliases><NameAlias lang="en">Direct Drive</NameAlias></NameAliases><DefinitionAliases><DefinitionAlias lang="en">Direct drive</DefinitionAlias></DefinitionAliases></ConstantDef><ConstantDef><Name>BELTDRIVE</Name><NameAliases><NameAlias lang="en">Belt Drive</NameAlias></NameAliases><DefinitionAliases><DefinitionAlias lang="en">Belt drive</DefinitionAlias></DefinitionAliases></ConstantDef><ConstantDef><Name>COUPLING</Name><NameAliases><NameAlias lang="en">Coupling</NameAlias></NameAliases><DefinitionAliases><DefinitionAlias lang="en">Coupling</DefinitionAlias></DefinitionAliases></ConstantDef><ConstantDef><Name>OTHER</Name><Definition>required category not on scale</Definition><NameAliases><NameAlias lang="en">(other)</NameAlias></NameAliases><DefinitionAliases><DefinitionAlias lang="en">Value is not listed.</DefinitionAlias></DefinitionAliases></ConstantDef><ConstantDef><Name>NOTKNOWN</Name><Definition>Value is unkown</Definition><NameAliases><NameAlias lang="en">(unknown)</NameAlias></NameAliases><DefinitionAliases><DefinitionAlias lang="en">Value is unknown.</DefinitionAlias></DefinitionAliases></ConstantDef><ConstantDef><Name>UNSET</Name><Definition>Value has not been specified</Definition><NameAliases><NameAlias lang="en">(unset)</NameAlias></NameAliases><DefinitionAliases><DefinitionAlias lang="en">Value has not been specified.</DefinitionAlias></DefinitionAliases></ConstantDef></ConstantList></TypePropertyEnumeratedValue></PropertyType><NameAliases><NameAlias lang="en">Drive Connection Type</NameAlias><NameAlias lang="ja-JP">駆動接続タイプ</NameAlias></NameAliases><DefinitionAliases><DefinitionAlias lang="en" /><DefinitionAlias lang="ja-JP">ポンプの動力機械がポンプに接続される方法(直動、ベルト、カップリング、その他)</DefinitionAlias></DefinitionAliases></PropertyDef></PropertyDefs><PsetDefinitionAliases><PsetDefinitionAlias lang="en" /></PsetDefinitionAliases></PropertySetDef>