﻿<?xml version="1.0" encoding="utf-8"?><PropertySetDef xmlns:xsi="http://www.w3.org/2001/XMLSchema-instance" xmlns:xsd="http://www.w3.org/2001/XMLSchema" ifdguid="46e93080d1ec11e1800000215ad4efdf" templatetype="PSET_OCCURRENCEDRIVEN" xsi:noNamespaceSchemaLocation="http://buildingSMART-tech.org/xml/psd/PSD_IFC4.xsd" xmlns="http://buildingSMART-tech.org/xml/psd/PSD_IFC4.xsd"><IfcVersion version="IFC4X4" /><Name>Pset_ManufacturerOccurrence</Name><Definition>Defines properties of individual instances of manufactured products that may be given by the manufacturer.
HISTORY: IFC 2x4: AssemblyPlace property added. This property does not need to be asserted if Pset_ManufacturerTypeInformation is allocated to the type and the AssemblyPlace property is asserted there.</Definition><Applicability /><ApplicableClasses><ClassName>IfcElement</ClassName></ApplicableClasses><ApplicableTypeValue>IfcElement</ApplicableTypeValue><PropertyDefs><PropertyDef ifdguid="4bade480d1ec11e1800000215ad4efdf"><Name>AcquisitionDate</Name><Definition>The date that the manufactured item was purchased.</Definition><PropertyType><TypePropertySingleValue><DataType type="IfcDate" /></TypePropertySingleValue></PropertyType><NameAliases><NameAlias lang="en">Acquisition Date</NameAlias></NameAliases><DefinitionAliases><DefinitionAlias lang="en" /></DefinitionAliases></PropertyDef><PropertyDef ifdguid="510b2f00d1ec11e1800000215ad4efdf"><Name>BarCode</Name><Definition>The identity of the bar code given to an occurrence of the product.</Definition><PropertyType><TypePropertySingleValue><DataType type="IfcIdentifier" /></TypePropertySingleValue></PropertyType><NameAliases><NameAlias lang="en">Bar Code</NameAlias></NameAliases><DefinitionAliases><DefinitionAlias lang="en" /></DefinitionAliases></PropertyDef><PropertyDef ifdguid="56687980d1ec11e1800000215ad4efdf"><Name>SerialNumber</Name><Definition>The serial number assigned to an occurrence of a product.</Definition><PropertyType><TypePropertySingleValue><DataType type="IfcIdentifier" /></TypePropertySingleValue></PropertyType><NameAliases><NameAlias lang="en">Serial Number</NameAlias></NameAliases><DefinitionAliases><DefinitionAlias lang="en" /></DefinitionAliases></PropertyDef><PropertyDef ifdguid="5c5e5a80d1ec11e1800000215ad4efdf"><Name>BatchReference</Name><Definition>The identity of the batch reference from which an occurrence of a product is taken.</Definition><PropertyType><TypePropertySingleValue><DataType type="IfcIdentifier" /></TypePropertySingleValue></PropertyType><NameAliases><NameAlias lang="en">Batch Reference</NameAlias></NameAliases><DefinitionAliases><DefinitionAlias lang="en" /></DefinitionAliases></PropertyDef><PropertyDef ifdguid="62543b80d1ec11e1800000215ad4efdf"><Name>AssemblyPlace</Name><Definition>Enumeration defining where the assembly is intended to take place, either in a factory, other offsite location or on the building site.</Definition><PropertyType><TypePropertyEnumeratedValue><EnumList name="PEnum_AssemblyPlace"><EnumItem>FACTORY</EnumItem><EnumItem>OFFSITE</EnumItem><EnumItem>SITE</EnumItem><EnumItem>OTHER</EnumItem><EnumItem>NOTKNOWN</EnumItem><EnumItem>UNSET</EnumItem></EnumList><ConstantList><ConstantDef><Name>FACTORY</Name><NameAliases><NameAlias lang="en">Factory</NameAlias></NameAliases><DefinitionAliases /></ConstantDef><ConstantDef><Name>OFFSITE</Name><NameAliases><NameAlias lang="en">Offsite</NameAlias></NameAliases><DefinitionAliases /></ConstantDef><ConstantDef><Name>SITE</Name><NameAliases><NameAlias lang="en">Site</NameAlias></NameAliases><DefinitionAliases /></ConstantDef><ConstantDef><Name>OTHER</Name><Definition>required category not on scale</Definition><NameAliases><NameAlias lang="en">(other)</NameAlias></NameAliases><DefinitionAliases><DefinitionAlias lang="en">Value is not listed.</DefinitionAlias></DefinitionAliases></ConstantDef><ConstantDef><Name>NOTKNOWN</Name><Definition>Value is unkown</Definition><NameAliases><NameAlias lang="en">(unknown)</NameAlias></NameAliases><DefinitionAliases><DefinitionAlias lang="en">Value is unknown.</DefinitionAlias></DefinitionAliases></ConstantDef><ConstantDef><Name>UNSET</Name><Definition>Value has not been specified</Definition><NameAliases><NameAlias lang="en">(unset)</NameAlias></NameAliases><DefinitionAliases><DefinitionAlias lang="en">Value has not been specified.</DefinitionAlias></DefinitionAliases></ConstantDef></ConstantList></TypePropertyEnumeratedValue></PropertyType><NameAliases><NameAlias lang="en">Assembly Place</NameAlias></NameAliases><DefinitionAliases><DefinitionAlias lang="en" /></DefinitionAliases></PropertyDef><PropertyDef ifdguid="7f4f31ab50414bcb822609d8f3a72c2a"><Name>ManufacturingDate</Name><Definition>Date on which the element was manufactured.</Definition><PropertyType><TypePropertySingleValue><DataType type="IfcDate" /></TypePropertySingleValue></PropertyType><NameAliases /><DefinitionAliases /></PropertyDef></PropertyDefs><PsetDefinitionAliases><PsetDefinitionAlias lang="en" /></PsetDefinitionAliases></PropertySetDef>