﻿<?xml version="1.0" encoding="utf-8"?><PropertySetDef xmlns:xsi="http://www.w3.org/2001/XMLSchema-instance" xmlns:xsd="http://www.w3.org/2001/XMLSchema" ifdguid="66cc2480d1eb11e1800000215ad4efdf" templatetype="PSET_OCCURRENCEDRIVEN" xsi:noNamespaceSchemaLocation="http://buildingSMART-tech.org/xml/psd/PSD_IFC4.xsd" xmlns="http://buildingSMART-tech.org/xml/psd/PSD_IFC4.xsd"><IfcVersion version="IFC4X4" /><Name>Pset_LandRegistration</Name><Definition>Specifies the identity of land within a statutory registration system. NOTE: The property LandTitleID is to be used in preference to deprecated attribute LandTitleNumber in IfcSite.</Definition><Applicability /><ApplicableClasses><ClassName>IfcSite</ClassName></ApplicableClasses><ApplicableTypeValue>IfcSite</ApplicableTypeValue><PropertyDefs><PropertyDef ifdguid="6c296f00d1eb11e1800000215ad4efdf"><Name>LandID</Name><Definition>Identification number assigned by the statutory registration authority to a land parcel.</Definition><PropertyType><TypePropertySingleValue><DataType type="IfcIdentifier" /></TypePropertySingleValue></PropertyType><NameAliases><NameAlias lang="en">Land ID</NameAlias><NameAlias lang="fr-FR">IdParcelle</NameAlias><NameAlias lang="ja-JP">敷地ID</NameAlias><NameAlias lang="ko-KR">부지 ID</NameAlias></NameAliases><DefinitionAliases><DefinitionAlias lang="en" /><DefinitionAlias lang="fr-FR">Identifiant numérique de la parcelle attribué par une autorité [NDT : exemple : DGI]</DefinitionAlias><DefinitionAlias lang="ja-JP">登記における識別番号。</DefinitionAlias><DefinitionAlias lang="ko-KR">등기의 ID입니다.</DefinitionAlias></DefinitionAliases></PropertyDef><PropertyDef ifdguid="73e91380d1eb11e1800000215ad4efdf"><Name>IsPermanentID</Name><Definition>Indicates whether the identity assigned to a land parcel is permanent (= TRUE) or temporary (=FALSE).</Definition><PropertyType><TypePropertySingleValue><DataType type="IfcBoolean" /></TypePropertySingleValue></PropertyType><NameAliases><NameAlias lang="en">Is Permanent ID</NameAlias><NameAlias lang="fr-FR">IdPermanent</NameAlias><NameAlias lang="ja-JP">恒久ID区分</NameAlias><NameAlias lang="ko-KR">영구 ID 구분</NameAlias></NameAliases><DefinitionAliases><DefinitionAlias lang="en" /><DefinitionAlias lang="fr-FR">Indique si l'identifiant est permanent (VRAI) ou non (FAUX)</DefinitionAlias><DefinitionAlias lang="ja-JP">敷地IDが恒久的なものかどうかを示すブーリアン値。</DefinitionAlias><DefinitionAlias lang="ko-KR">부지 ID가 영구적인 것인지 여부를 나타내는  값입니다.</DefinitionAlias></DefinitionAliases></PropertyDef><PropertyDef ifdguid="7b102180d1eb11e1800000215ad4efdf"><Name>LandTitleID</Name><Definition>Identification number assigned by the statutory registration authority to the title to a land parcel.</Definition><PropertyType><TypePropertySingleValue><DataType type="IfcIdentifier" /></TypePropertySingleValue></PropertyType><NameAliases><NameAlias lang="en">Land Title ID</NameAlias><NameAlias lang="fr-FR">IdTitreParcelle</NameAlias><NameAlias lang="ja-JP">敷地番号ID</NameAlias><NameAlias lang="ko-KR">부지 번호 ID</NameAlias></NameAliases><DefinitionAliases><DefinitionAlias lang="en" /><DefinitionAlias lang="fr-FR">Identifiant numérique du titre de la parcelle attribué par une autorité.</DefinitionAlias><DefinitionAlias lang="ja-JP">登記所による識別番号。</DefinitionAlias><DefinitionAlias lang="ko-KR">등기소의 ID입니다.</DefinitionAlias></DefinitionAliases></PropertyDef></PropertyDefs><PsetDefinitionAliases><PsetDefinitionAlias lang="en" /><PsetDefinitionAlias lang="fr-FR">Définition de l'IAI : spécifie l'identité de l'entité foncière attribué par une autorité. Nota : La propriété LandTitleID doit être utilisée de préférence à l'attribut LandTitleNumber de la classe IfcSite.</PsetDefinitionAlias><PsetDefinitionAlias lang="ja-JP">敷地の登記システム上の識別情報に関するプロパティセット定義。備考：LandTitileIDプロパティは、IfcSite.LandTitleNumber属性が廃止されるのに伴い、優先的に使用される。</PsetDefinitionAlias></PsetDefinitionAliases></PropertySetDef>