﻿<?xml version="1.0" encoding="utf-8"?><PropertySetDef xmlns:xsi="http://www.w3.org/2001/XMLSchema-instance" xmlns:xsd="http://www.w3.org/2001/XMLSchema" ifdguid="3763aad6f4f8df91f513e0f180f36f2a" templatetype="PSET_TYPEDRIVENOVERRIDE" xsi:noNamespaceSchemaLocation="http://buildingSMART-tech.org/xml/psd/PSD_IFC4.xsd" xmlns="http://buildingSMART-tech.org/xml/psd/PSD_IFC4.xsd"><IfcVersion version="IFC4X4" /><Name>Pset_DiscreteAccessoryTypeCableArranger</Name><Definition>Properties used for a cable arranger. The property set can be used by the predefined type CABLEARRANGER of IfcDiscreteAccessory.</Definition><Applicability /><ApplicableClasses><ClassName>IfcDiscreteAccessory/CABLEARRANGER</ClassName></ApplicableClasses><ApplicableTypeValue>IfcDiscreteAccessory/CABLEARRANGER</ApplicableTypeValue><PropertyDefs><PropertyDef ifdguid="65dc96d34d7e4732847fdbfa6772f880"><Name>CableArrangerPosition</Name><Definition>Indicates the directional position of the cable arranger: vertical, horizontal, front or rear. It is relative to the element (usually a cabinet) that the cable arranger is affiliated.</Definition><PropertyType><TypePropertyEnumeratedValue><EnumList name="PEnum_ArrangerPositionEnum"><EnumItem>FRONTSIDE</EnumItem><EnumItem>REARSIDE</EnumItem><EnumItem>HORIZONTAL</EnumItem><EnumItem>VERTICAL</EnumItem><EnumItem>OTHER</EnumItem><EnumItem>NOTKNOWN</EnumItem><EnumItem>UNSET</EnumItem></EnumList><ConstantList><ConstantDef><Name>FRONTSIDE</Name><Definition>Front side.</Definition><NameAliases /><DefinitionAliases /></ConstantDef><ConstantDef><Name>REARSIDE</Name><Definition>Rear side.</Definition><NameAliases /><DefinitionAliases /></ConstantDef><ConstantDef><Name>HORIZONTAL</Name><NameAliases><NameAlias lang="en">Horizontal</NameAlias></NameAliases><DefinitionAliases /></ConstantDef><ConstantDef><Name>VERTICAL</Name><NameAliases><NameAlias lang="en">Vertical</NameAlias></NameAliases><DefinitionAliases /></ConstantDef><ConstantDef><Name>OTHER</Name><Definition>required category not on scale</Definition><NameAliases><NameAlias lang="en">(other)</NameAlias></NameAliases><DefinitionAliases><DefinitionAlias lang="en">Value is not listed.</DefinitionAlias></DefinitionAliases></ConstantDef><ConstantDef><Name>NOTKNOWN</Name><Definition>Value is unkown</Definition><NameAliases><NameAlias lang="en">(unknown)</NameAlias></NameAliases><DefinitionAliases><DefinitionAlias lang="en">Value is unknown.</DefinitionAlias></DefinitionAliases></ConstantDef><ConstantDef><Name>UNSET</Name><Definition>Value has not been specified</Definition><NameAliases><NameAlias lang="en">(unset)</NameAlias></NameAliases><DefinitionAliases><DefinitionAlias lang="en">Value has not been specified.</DefinitionAlias></DefinitionAliases></ConstantDef></ConstantList></TypePropertyEnumeratedValue></PropertyType><NameAliases /><DefinitionAliases /></PropertyDef></PropertyDefs><PsetDefinitionAliases /></PropertySetDef>