﻿<?xml version="1.0" encoding="utf-8"?><PropertySetDef xmlns:xsi="http://www.w3.org/2001/XMLSchema-instance" xmlns:xsd="http://www.w3.org/2001/XMLSchema" ifdguid="5e5ef400d1c111e1800000215ad4efdf" templatetype="PSET_OCCURRENCEDRIVEN" xsi:noNamespaceSchemaLocation="http://buildingSMART-tech.org/xml/psd/PSD_IFC4.xsd" xmlns="http://buildingSMART-tech.org/xml/psd/PSD_IFC4.xsd"><IfcVersion version="IFC4X4" /><Name>Pset_AnnotationSurveyArea</Name><Definition>Specifies particular properties of survey methods to be assigned to survey point set or resulting surface patches</Definition><Applicability /><ApplicableClasses><ClassName>IfcAnnotation/SurveyArea</ClassName></ApplicableClasses><ApplicableTypeValue>IfcAnnotation/SurveyArea</ApplicableTypeValue><PropertyDefs><PropertyDef ifdguid="63bc3e80d1c111e1800000215ad4efdf"><Name>AcquisitionMethod</Name><Definition>The means by which survey data was acquired.</Definition><PropertyType><TypePropertyEnumeratedValue><EnumList name="PEnum_AcquisitionMethod"><EnumItem>GPS</EnumItem><EnumItem>LASERSCAN_AIRBORNE</EnumItem><EnumItem>LASERSCAN_GROUND</EnumItem><EnumItem>SONAR</EnumItem><EnumItem>THEODOLITE</EnumItem><EnumItem>USERDEFINED</EnumItem><EnumItem>NOTKNOWN</EnumItem><EnumItem>UNSET</EnumItem></EnumList><ConstantList><ConstantDef><Name>GPS</Name><NameAliases><NameAlias lang="en">GPS</NameAlias></NameAliases><DefinitionAliases /></ConstantDef><ConstantDef><Name>LASERSCAN_AIRBORNE</Name><NameAliases><NameAlias lang="en">Laserscan Airborne</NameAlias></NameAliases><DefinitionAliases /></ConstantDef><ConstantDef><Name>LASERSCAN_GROUND</Name><NameAliases><NameAlias lang="en">Laserscan Ground</NameAlias></NameAliases><DefinitionAliases /></ConstantDef><ConstantDef><Name>SONAR</Name><NameAliases><NameAlias lang="en">Sonar</NameAlias></NameAliases><DefinitionAliases /></ConstantDef><ConstantDef><Name>THEODOLITE</Name><NameAliases><NameAlias lang="en">Theodolite</NameAlias></NameAliases><DefinitionAliases /></ConstantDef><ConstantDef><Name>USERDEFINED</Name><NameAliases><NameAlias lang="en">User Defined</NameAlias></NameAliases><DefinitionAliases /></ConstantDef><ConstantDef><Name>NOTKNOWN</Name><Definition>Value is unkown</Definition><NameAliases><NameAlias lang="en">(unknown)</NameAlias></NameAliases><DefinitionAliases><DefinitionAlias lang="en">Value is unknown.</DefinitionAlias></DefinitionAliases></ConstantDef><ConstantDef><Name>UNSET</Name><Definition>Value has not been specified</Definition><NameAliases><NameAlias lang="en">(unset)</NameAlias></NameAliases><DefinitionAliases><DefinitionAlias lang="en">Value has not been specified.</DefinitionAlias></DefinitionAliases></ConstantDef></ConstantList></TypePropertyEnumeratedValue></PropertyType><NameAliases><NameAlias lang="en">Acquisition Method</NameAlias><NameAlias lang="fr-FR">MethodeAcquisition</NameAlias></NameAliases><DefinitionAliases><DefinitionAlias lang="en" /><DefinitionAlias lang="fr-FR">La méthode utilisée pour effectuer le relevé.</DefinitionAlias></DefinitionAliases></PropertyDef><PropertyDef ifdguid="76cf0e80d1c111e1800000215ad4efdf"><Name>AccuracyQualityObtained</Name><Definition>A measure of the accuracy quality of survey points as obtained expressed in percentage terms.</Definition><PropertyType><TypePropertySingleValue><DataType type="IfcRatioMeasure" /></TypePropertySingleValue></PropertyType><NameAliases><NameAlias lang="en">Accuracy Quality Obtained</NameAlias><NameAlias lang="fr-FR">PrecisionObtenue</NameAlias></NameAliases><DefinitionAliases><DefinitionAlias lang="en" /><DefinitionAlias lang="fr-FR">Mesure de la précision obtenue des points de relevé, exprimée en pourcentage.</DefinitionAlias></DefinitionAliases></PropertyDef><PropertyDef ifdguid="7cc4ef80d1c111e1800000215ad4efdf"><Name>AccuracyQualityExpected</Name><Definition>A measure of the accuracy quality of survey points as expected expressed in percentage terms.</Definition><PropertyType><TypePropertySingleValue><DataType type="IfcRatioMeasure" /></TypePropertySingleValue></PropertyType><NameAliases><NameAlias lang="en">Accuracy Quality Expected</NameAlias><NameAlias lang="fr-FR">PrecisionAttendue</NameAlias></NameAliases><DefinitionAliases><DefinitionAlias lang="en" /><DefinitionAlias lang="fr-FR">Mesure de la précision attendue des points de relevé, exprimée en pourcentage.</DefinitionAlias></DefinitionAliases></PropertyDef></PropertyDefs><PsetDefinitionAliases><PsetDefinitionAlias lang="en" /><PsetDefinitionAlias lang="fr-FR">Définition de l'IAI : spécifie des propriétés particulières de méthodes de relevé à relier à des ensembles de points de relevé ou aux surfaces résultant de ce relevé.</PsetDefinitionAlias></PsetDefinitionAliases></PropertySetDef>