﻿<?xml version="1.0" encoding="utf-8"?><PropertySetDef xmlns:xsi="http://www.w3.org/2001/XMLSchema-instance" xmlns:xsd="http://www.w3.org/2001/XMLSchema" ifdguid="cccbde5daea24e5da55a7602871d2687" templatetype="PSET_TYPEDRIVENOVERRIDE" xsi:noNamespaceSchemaLocation="http://buildingSMART-tech.org/xml/psd/PSD_IFC4.xsd" xmlns="http://buildingSMART-tech.org/xml/psd/PSD_IFC4.xsd"><IfcVersion version="IFC4X4" /><Name>Pset_CargoCommon</Name><Definition>Properties common to the definition of all occurrences of _IfcTransportElement_ and types of _IfcTransportElementType_ with the predefined type set to CARGO.</Definition><Applicability /><ApplicableClasses><ClassName>IfcVehicle/CARGO</ClassName></ApplicableClasses><ApplicableTypeValue>IfcVehicle/CARGO</ApplicableTypeValue><PropertyDefs><PropertyDef ifdguid="3c8560a7e9dc4706acfb468a77f65fdc"><Name>ProcessItem</Name><Definition>The type of item (and its measurement method) being modelled within a process. This can be cargo, passengers or vehicles that pass through the system.</Definition><PropertyType><TypePropertySingleValue><DataType type="PEnum_ProcessItem" /></TypePropertySingleValue></PropertyType><NameAliases /><DefinitionAliases /></PropertyDef><PropertyDef ifdguid="106608c53a03450dba83e763cd810b9c"><Name>AdditionalProcessing</Name><Definition>Any additional or special processing requirements on the associated cargo.</Definition><PropertyType><TypePropertyEnumeratedValue><EnumList name="PEnum_AdditionalProcessing"><EnumItem>NONE</EnumItem><EnumItem>INSPECTION</EnumItem><EnumItem>TARIFFS</EnumItem><EnumItem>ISOLATION</EnumItem></EnumList><ConstantList><ConstantDef><Name>NONE</Name><Definition>No waterproof.</Definition><NameAliases><NameAlias lang="en">None</NameAlias></NameAliases><DefinitionAliases><DefinitionAlias lang="en">None, empty or no additional action or function.</DefinitionAlias></DefinitionAliases></ConstantDef><ConstantDef><Name>INSPECTION</Name><NameAliases><NameAlias lang="en">Inspection</NameAlias></NameAliases><DefinitionAliases><DefinitionAlias lang="en">Additional Inspections required.</DefinitionAlias></DefinitionAliases></ConstantDef><ConstantDef><Name>TARIFFS</Name><NameAliases><NameAlias lang="en">Tariffs</NameAlias></NameAliases><DefinitionAliases><DefinitionAlias lang="en">Time to process additional tariffs required.</DefinitionAlias></DefinitionAliases></ConstantDef><ConstantDef><Name>ISOLATION</Name><NameAliases><NameAlias lang="en">Isolation</NameAlias></NameAliases><DefinitionAliases><DefinitionAlias lang="en">Quarantine or isolation period required.</DefinitionAlias></DefinitionAliases></ConstantDef></ConstantList></TypePropertyEnumeratedValue></PropertyType><NameAliases /><DefinitionAliases /></PropertyDef><PropertyDef ifdguid="3eb38689be474880bc5915a132004291"><Name>ProcessDirection</Name><Definition>The direction of flow of the cargo within the process.</Definition><PropertyType><TypePropertyEnumeratedValue><EnumList name="PEnum_ProcessDirection"><EnumItem>IMPORT</EnumItem><EnumItem>EXPORT</EnumItem><EnumItem>TRANSFER</EnumItem></EnumList><ConstantList><ConstantDef><Name>IMPORT</Name><NameAliases><NameAlias lang="en">Import</NameAlias></NameAliases><DefinitionAliases><DefinitionAlias lang="en">Process direction import into facility.</DefinitionAlias></DefinitionAliases></ConstantDef><ConstantDef><Name>EXPORT</Name><NameAliases><NameAlias lang="en">Export</NameAlias></NameAliases><DefinitionAliases><DefinitionAlias lang="en">Process direction export from facility.</DefinitionAlias></DefinitionAliases></ConstantDef><ConstantDef><Name>TRANSFER</Name><NameAliases><NameAlias lang="en">Transfer</NameAlias></NameAliases><DefinitionAliases><DefinitionAlias lang="en">Process is an intermediatory transfer with the facility</DefinitionAlias></DefinitionAliases></ConstantDef></ConstantList></TypePropertyEnumeratedValue></PropertyType><NameAliases /><DefinitionAliases /></PropertyDef></PropertyDefs><PsetDefinitionAliases /></PropertySetDef>