﻿<?xml version="1.0" encoding="utf-8"?><PropertySetDef xmlns:xsi="http://www.w3.org/2001/XMLSchema-instance" xmlns:xsd="http://www.w3.org/2001/XMLSchema" ifdguid="92543534e6b13e83069a8e049fd1a8a4" templatetype="PSET_TYPEDRIVENOVERRIDE" xsi:noNamespaceSchemaLocation="http://buildingSMART-tech.org/xml/psd/PSD_IFC4.xsd" xmlns="http://buildingSMART-tech.org/xml/psd/PSD_IFC4.xsd"><IfcVersion version="IFC4X4" /><Name>Pset_DataTransmissionUnit</Name><Definition>Properties common to a data transmission unit. This property set is applied to a type or occurrence of _IfcCommunicationsAppliance_ with predefined type MODEM.</Definition><Applicability /><ApplicableClasses><ClassName>IfcCommunicationsAppliance/MODEM</ClassName></ApplicableClasses><ApplicableTypeValue>IfcCommunicationsAppliance/MODEM</ApplicableTypeValue><PropertyDefs><PropertyDef ifdguid="b43451f789594819a4aee48e70b790e9"><Name>WorkingState</Name><Definition>Indicates the working state of device or system.</Definition><PropertyType><TypePropertySingleValue><DataType type="IfcLabel" /></TypePropertySingleValue></PropertyType><NameAliases /><DefinitionAliases /></PropertyDef><PropertyDef ifdguid="127c6270d73140ee82b584de2efc7886"><Name>SerialInterfaceType</Name><Definition>Indicates the type of serial interface used by the device.</Definition><PropertyType><TypePropertyEnumeratedValue><EnumList name="PEnum_SerialInterfaceType"><EnumItem>RS_232</EnumItem><EnumItem>RS_422</EnumItem><EnumItem>RS_485</EnumItem><EnumItem>OTHER</EnumItem><EnumItem>NOTKNOWN</EnumItem><EnumItem>UNSET</EnumItem></EnumList><ConstantList><ConstantDef><Name>RS_232</Name><Definition>Standard TIA/EIA-232 interface.</Definition><NameAliases /><DefinitionAliases /></ConstantDef><ConstantDef><Name>RS_422</Name><Definition>Standard TIA/EIA-422 interface.</Definition><NameAliases /><DefinitionAliases /></ConstantDef><ConstantDef><Name>RS_485</Name><Definition>Standard TIA-485(-A) or EIA-485 interface.</Definition><NameAliases /><DefinitionAliases /></ConstantDef><ConstantDef><Name>OTHER</Name><Definition>required category not on scale</Definition><NameAliases><NameAlias lang="en">(other)</NameAlias></NameAliases><DefinitionAliases><DefinitionAlias lang="en">Value is not listed.</DefinitionAlias></DefinitionAliases></ConstantDef><ConstantDef><Name>NOTKNOWN</Name><Definition>Value is unkown</Definition><NameAliases><NameAlias lang="en">(unknown)</NameAlias></NameAliases><DefinitionAliases><DefinitionAlias lang="en">Value is unknown.</DefinitionAlias></DefinitionAliases></ConstantDef><ConstantDef><Name>UNSET</Name><Definition>Value has not been specified</Definition><NameAliases><NameAlias lang="en">(unset)</NameAlias></NameAliases><DefinitionAliases><DefinitionAlias lang="en">Value has not been specified.</DefinitionAlias></DefinitionAliases></ConstantDef></ConstantList></TypePropertyEnumeratedValue></PropertyType><NameAliases /><DefinitionAliases /></PropertyDef><PropertyDef ifdguid="c38c451efd0e416eb663e72f8130d5a4"><Name>DataTransmissionUnitUsage</Name><Definition>Indicates the usage of the data transmission unit. It can be used to transmit data for different types of sensors.</Definition><PropertyType><TypePropertyEnumeratedValue><EnumList name="PEnum_DataTransmissionUnitUsage"><EnumItem>EARTHQUAKE</EnumItem><EnumItem>FOREIGNOBJECT</EnumItem><EnumItem>WINDANDRAIN</EnumItem><EnumItem>OTHER</EnumItem><EnumItem>NOTKNOWN</EnumItem><EnumItem>UNSET</EnumItem></EnumList><ConstantList><ConstantDef><Name>EARTHQUAKE</Name><Definition>Data transmission unit for earthquake sensor.</Definition><NameAliases /><DefinitionAliases /></ConstantDef><ConstantDef><Name>FOREIGNOBJECT</Name><Definition>Data transmission unit for foreign object sensor.</Definition><NameAliases /><DefinitionAliases /></ConstantDef><ConstantDef><Name>WINDANDRAIN</Name><Definition>Data transmission unit for wind and rain sensor.</Definition><NameAliases /><DefinitionAliases /></ConstantDef><ConstantDef><Name>OTHER</Name><Definition>required category not on scale</Definition><NameAliases><NameAlias lang="en">(other)</NameAlias></NameAliases><DefinitionAliases><DefinitionAlias lang="en">Value is not listed.</DefinitionAlias></DefinitionAliases></ConstantDef><ConstantDef><Name>NOTKNOWN</Name><Definition>Value is unkown</Definition><NameAliases><NameAlias lang="en">(unknown)</NameAlias></NameAliases><DefinitionAliases><DefinitionAlias lang="en">Value is unknown.</DefinitionAlias></DefinitionAliases></ConstantDef><ConstantDef><Name>UNSET</Name><Definition>Value has not been specified</Definition><NameAliases><NameAlias lang="en">(unset)</NameAlias></NameAliases><DefinitionAliases><DefinitionAlias lang="en">Value has not been specified.</DefinitionAlias></DefinitionAliases></ConstantDef></ConstantList></TypePropertyEnumeratedValue></PropertyType><NameAliases /><DefinitionAliases /></PropertyDef></PropertyDefs><PsetDefinitionAliases /></PropertySetDef>