﻿<?xml version="1.0" encoding="utf-8"?><PropertySetDef xmlns:xsi="http://www.w3.org/2001/XMLSchema-instance" xmlns:xsd="http://www.w3.org/2001/XMLSchema" ifdguid="bce09e00d1d211e1800000215ad4efdf" templatetype="PSET_TYPEDRIVENOVERRIDE" xsi:noNamespaceSchemaLocation="http://buildingSMART-tech.org/xml/psd/PSD_IFC4.xsd" xmlns="http://buildingSMART-tech.org/xml/psd/PSD_IFC4.xsd"><IfcVersion version="IFC4X4" /><Name>Pset_DiscreteAccessoryLadderTrussConnector</Name><Definition>Shape properties specific to connecting accessories in truss form with straight cross-bars in ladder shape.</Definition><Applicability /><ApplicableClasses><ClassName>IfcDiscreteAccessory/Ladder truss connector</ClassName></ApplicableClasses><ApplicableTypeValue>IfcDiscreteAccessory/Ladder truss connector</ApplicableTypeValue><PropertyDefs><PropertyDef ifdguid="c23de880d1d211e1800000215ad4efdf"><Name>LadderTrussHeight</Name><Definition>The overall height of the truss connector.</Definition><PropertyType><TypePropertySingleValue><DataType type="IfcPositiveLengthMeasure" /></TypePropertySingleValue></PropertyType><NameAliases><NameAlias lang="en">Ladder Truss Height</NameAlias><NameAlias lang="ja-JP">全体高さ</NameAlias><NameAlias lang="ko-KR">전체 높이</NameAlias></NameAliases><DefinitionAliases><DefinitionAlias lang="en" /><DefinitionAlias lang="ja-JP">トラス接続部材の全体の高さ。</DefinitionAlias><DefinitionAlias lang="ko-KR">트러스 연결 부재의 전체 높이</DefinitionAlias></DefinitionAliases></PropertyDef><PropertyDef ifdguid="c7029c80d1d211e1800000215ad4efdf"><Name>LadderTrussLength</Name><Definition>The overall length of the truss connector.</Definition><PropertyType><TypePropertySingleValue><DataType type="IfcPositiveLengthMeasure" /></TypePropertySingleValue></PropertyType><NameAliases><NameAlias lang="en">Ladder Truss Length</NameAlias><NameAlias lang="ja-JP">全体長さ</NameAlias><NameAlias lang="ko-KR">전체길이</NameAlias></NameAliases><DefinitionAliases><DefinitionAlias lang="en" /><DefinitionAlias lang="ja-JP">トラス接続部材の全体の長さ。</DefinitionAlias><DefinitionAlias lang="ko-KR">트러스 연결 부재의 전체 길이</DefinitionAlias></DefinitionAliases></PropertyDef><PropertyDef ifdguid="cd911400d1d211e1800000215ad4efdf"><Name>LadderTrussCrossBarSpacing</Name><Definition>The spacing between the straight cross-bars.</Definition><PropertyType><TypePropertySingleValue><DataType type="IfcPositiveLengthMeasure" /></TypePropertySingleValue></PropertyType><NameAliases><NameAlias lang="en">Ladder Truss Cross Bar Spacing</NameAlias><NameAlias lang="ja-JP">クロスバー間隔</NameAlias><NameAlias lang="ko-KR">크로스바 간격</NameAlias></NameAliases><DefinitionAliases><DefinitionAlias lang="en" /><DefinitionAlias lang="ja-JP">まっすぐなのクロスバーの間隔。</DefinitionAlias><DefinitionAlias lang="ko-KR">똑바른 크로스바 간격</DefinitionAlias></DefinitionAliases></PropertyDef><PropertyDef ifdguid="d255c800d1d211e1800000215ad4efdf"><Name>LadderTrussBaseBarDiameter</Name><Definition>The nominal diameter of the base bar.</Definition><PropertyType><TypePropertySingleValue><DataType type="IfcPositiveLengthMeasure" /></TypePropertySingleValue></PropertyType><NameAliases><NameAlias lang="en">Ladder Truss Base Bar Diameter</NameAlias><NameAlias lang="ja-JP">ベースバー径</NameAlias><NameAlias lang="ko-KR">기반 막대 지름</NameAlias></NameAliases><DefinitionAliases><DefinitionAlias lang="en" /><DefinitionAlias lang="ja-JP">ベースバーの公称直径。</DefinitionAlias><DefinitionAlias lang="ko-KR">기반 막대의 공칭 지름</DefinitionAlias></DefinitionAliases></PropertyDef><PropertyDef ifdguid="d84ba900d1d211e1800000215ad4efdf"><Name>LadderTrussSecondaryBarDiameter</Name><Definition>The nominal diameter of the secondary bar.</Definition><PropertyType><TypePropertySingleValue><DataType type="IfcPositiveLengthMeasure" /></TypePropertySingleValue></PropertyType><NameAliases><NameAlias lang="en">Ladder Truss Secondary Bar Diameter</NameAlias><NameAlias lang="ja-JP">二次バー径</NameAlias><NameAlias lang="ko-KR">보조막대 지름</NameAlias></NameAliases><DefinitionAliases><DefinitionAlias lang="en" /><DefinitionAlias lang="ja-JP">二次バーの公称直径。</DefinitionAlias><DefinitionAlias lang="ko-KR">보조 막대의 공칭 지름</DefinitionAlias></DefinitionAliases></PropertyDef><PropertyDef ifdguid="dda8f380d1d211e1800000215ad4efdf"><Name>LadderTrussCrossBarDiameter</Name><Definition>The nominal diameter of the straight cross-bars.</Definition><PropertyType><TypePropertySingleValue><DataType type="IfcPositiveLengthMeasure" /></TypePropertySingleValue></PropertyType><NameAliases><NameAlias lang="en">Ladder Truss Cross Bar Diameter</NameAlias><NameAlias lang="ja-JP">クロスバー径</NameAlias><NameAlias lang="ko-KR">크로스바 지름</NameAlias></NameAliases><DefinitionAliases><DefinitionAlias lang="en" /><DefinitionAlias lang="ja-JP">まっすぐなクロスバーの公称直径。</DefinitionAlias><DefinitionAlias lang="ko-KR">똑바른 크로스바 공칭 지름</DefinitionAlias></DefinitionAliases></PropertyDef></PropertyDefs><PsetDefinitionAliases><PsetDefinitionAlias lang="en" /><PsetDefinitionAlias lang="ja-JP">はじご状のまっすぐなクロスバーを使って接合したトラスの形状特性。</PsetDefinitionAlias></PsetDefinitionAliases></PropertySetDef>