﻿<?xml version="1.0" encoding="utf-8"?><PropertySetDef xmlns:xsi="http://www.w3.org/2001/XMLSchema-instance" xmlns:xsd="http://www.w3.org/2001/XMLSchema" ifdguid="235ac180d1bd11e1800000215ad4efdf" templatetype="PSET_TYPEDRIVENOVERRIDE" xsi:noNamespaceSchemaLocation="http://buildingSMART-tech.org/xml/psd/PSD_IFC4.xsd" xmlns="http://buildingSMART-tech.org/xml/psd/PSD_IFC4.xsd"><IfcVersion version="IFC4X4" /><Name>Pset_ActuatorTypeCommon</Name><Definition>Actuator type common attributes.</Definition><Applicability /><ApplicableClasses><ClassName>IfcActuator</ClassName></ApplicableClasses><ApplicableTypeValue>IfcActuator</ApplicableTypeValue><PropertyDefs><PropertyDef ifdguid="2a81cf80d1bd11e1800000215ad4efdf"><Name>Reference</Name><Definition>Reference ID for this specified type in this project (e.g. type 'A-1'), provided, if there is no classification reference to a recognized classification system used.</Definition><PropertyType><TypePropertySingleValue><DataType type="IfcIdentifier" /></TypePropertySingleValue></PropertyType><NameAliases><NameAlias lang="en">Reference</NameAlias><NameAlias lang="ja-JP">参照記号</NameAlias><NameAlias lang="ko-KR">참조 ID</NameAlias></NameAliases><DefinitionAliases><DefinitionAlias lang="en" /><DefinitionAlias lang="ja-JP">このプロジェクトにおける参照記号(例：A-1)。分類コードではなく内部で使用されるプロジェクトタイプとして使用されるもの。</DefinitionAlias><DefinitionAlias lang="ko-KR">해당 프로젝트에서 사용이 유형에 대한 참조 ID (예 : 'A-1') ※ 기본이있는 경우 그 기호를 사용</DefinitionAlias></DefinitionAliases></PropertyDef><PropertyDef ifdguid="2f468380d1bd11e1800000215ad4efdf"><Name>Status</Name><Definition>Status of the element, predominately used in renovation or retrofitting projects. The status can be assigned to as "New" - element designed as new addition, "Existing" - element exists and remains, "Demolish" - element existed but is to be demolished,  "Temporary" - element will exists only temporary (like a temporary support structure).</Definition><PropertyType><TypePropertyEnumeratedValue><EnumList name="PEnum_ElementStatus"><EnumItem>NEW</EnumItem><EnumItem>EXISTING</EnumItem><EnumItem>DEMOLISH</EnumItem><EnumItem>TEMPORARY</EnumItem><EnumItem>OTHER</EnumItem><EnumItem>NOTKNOWN</EnumItem><EnumItem>UNSET</EnumItem></EnumList><ConstantList><ConstantDef><Name>NEW</Name><Definition>element designed as new addition</Definition><NameAliases><NameAlias lang="en">New</NameAlias></NameAliases><DefinitionAliases /></ConstantDef><ConstantDef><Name>EXISTING</Name><Definition>element exists and is to remain</Definition><NameAliases><NameAlias lang="en">Existing</NameAlias></NameAliases><DefinitionAliases /></ConstantDef><ConstantDef><Name>DEMOLISH</Name><Definition>element exists but is to be demolished</Definition><NameAliases><NameAlias lang="en">Demolish</NameAlias></NameAliases><DefinitionAliases /></ConstantDef><ConstantDef><Name>TEMPORARY</Name><Definition>element will exist only temporarily (such as a temporary support structure)</Definition><NameAliases><NameAlias lang="en">Temporary</NameAlias></NameAliases><DefinitionAliases /></ConstantDef><ConstantDef><Name>OTHER</Name><Definition>required category not on scale</Definition><NameAliases><NameAlias lang="en">(other)</NameAlias></NameAliases><DefinitionAliases><DefinitionAlias lang="en">Value is not listed.</DefinitionAlias></DefinitionAliases></ConstantDef><ConstantDef><Name>NOTKNOWN</Name><Definition>Value is unkown</Definition><NameAliases><NameAlias lang="en">(unknown)</NameAlias></NameAliases><DefinitionAliases><DefinitionAlias lang="en">Value is unknown.</DefinitionAlias></DefinitionAliases></ConstantDef><ConstantDef><Name>UNSET</Name><Definition>Value has not been specified</Definition><NameAliases><NameAlias lang="en">(unset)</NameAlias></NameAliases><DefinitionAliases><DefinitionAlias lang="en">Value has not been specified.</DefinitionAlias></DefinitionAliases></ConstantDef></ConstantList></TypePropertyEnumeratedValue></PropertyType><NameAliases><NameAlias lang="en">Status</NameAlias><NameAlias lang="ja-JP">状態</NameAlias><NameAlias lang="ko-KR">페일 세이프 유형</NameAlias></NameAliases><DefinitionAliases><DefinitionAlias lang="en" /><DefinitionAlias lang="ja-JP">要素（主にリノベーションまたは改修プロジェクトにおいて）の状態。 状態は、「新規(New)」－新しく追加される要素。「既存」－要素は存在し、かつ残りもの。「破壊」－要素は存在したが、廃棄されるもの。「一時的」－一時的に存在する要素（一時的にサポートしている構造のようなもの）。</DefinitionAlias><DefinitionAlias lang="ko-KR">요청한 액츄에이터의 안전 장치 유형을 표시</DefinitionAlias></DefinitionAliases></PropertyDef><PropertyDef ifdguid="42595380d1bd11e1800000215ad4efdf"><Name>FailPosition</Name><Definition>Specifies the required fail-safe position of the actuator.</Definition><PropertyType><TypePropertyEnumeratedValue><EnumList name="PEnum_FailPosition"><EnumItem>FAILOPEN</EnumItem><EnumItem>FAILCLOSED</EnumItem><EnumItem>OTHER</EnumItem><EnumItem>NOTKNOWN</EnumItem><EnumItem>UNSET</EnumItem></EnumList><ConstantList><ConstantDef><Name>FAILOPEN</Name><NameAliases><NameAlias lang="en">Fail Open</NameAlias></NameAliases><DefinitionAliases /></ConstantDef><ConstantDef><Name>FAILCLOSED</Name><NameAliases><NameAlias lang="en">Fail Closed</NameAlias></NameAliases><DefinitionAliases /></ConstantDef><ConstantDef><Name>OTHER</Name><Definition>required category not on scale</Definition><NameAliases><NameAlias lang="en">(other)</NameAlias></NameAliases><DefinitionAliases><DefinitionAlias lang="en">Value is not listed.</DefinitionAlias></DefinitionAliases></ConstantDef><ConstantDef><Name>NOTKNOWN</Name><Definition>Value is unkown</Definition><NameAliases><NameAlias lang="en">(unknown)</NameAlias></NameAliases><DefinitionAliases><DefinitionAlias lang="en">Value is unknown.</DefinitionAlias></DefinitionAliases></ConstantDef><ConstantDef><Name>UNSET</Name><Definition>Value has not been specified</Definition><NameAliases><NameAlias lang="en">(unset)</NameAlias></NameAliases><DefinitionAliases><DefinitionAlias lang="en">Value has not been specified.</DefinitionAlias></DefinitionAliases></ConstantDef></ConstantList></TypePropertyEnumeratedValue></PropertyType><NameAliases><NameAlias lang="en">Fail Position</NameAlias><NameAlias lang="ja-JP">フェールセーフタイプ</NameAlias><NameAlias lang="ko-KR">재정 기능의 유무</NameAlias></NameAliases><DefinitionAliases><DefinitionAlias lang="en" /><DefinitionAlias lang="ja-JP">要求されたアクチュエータのフェールセーフタイプを示す。</DefinitionAlias><DefinitionAlias lang="ko-KR">대체 기능으로 수동 조작이 제공되는지 (= TRUE) 여부 (= FALSE)를 확인한다. 수동으로 조작하는 액츄에이터의 경우는이 값을 기본값으로 FALSE로 설정해야하므로주의한다.</DefinitionAlias></DefinitionAliases></PropertyDef><PropertyDef ifdguid="4dac7f00d1bd11e1800000215ad4efdf"><Name>ManualOverride</Name><Definition>Identifies whether hand-operated operation is provided as an override (= TRUE) or not (= FALSE). Note that this value should be set to FALSE by default in the case of a Hand Operated Actuator.</Definition><PropertyType><TypePropertySingleValue><DataType type="IfcBoolean" /></TypePropertySingleValue></PropertyType><NameAliases><NameAlias lang="en">Manual Override</NameAlias><NameAlias lang="ja-JP">オーバーライド機能の有無</NameAlias></NameAliases><DefinitionAliases><DefinitionAlias lang="en" /><DefinitionAlias lang="ja-JP">オーバーライド機能として手動操作が提供されるか (= TRUE) 、否か （= FALSE)を識別する。手動で操作するアクチュエータの場合は、この値をデフォルトとしてFALSEに設定する必要があるので注意すること。</DefinitionAlias></DefinitionAliases></PropertyDef><PropertyDef ifdguid="3469a24941934603a1c9c402d5623291"><Name>Application</Name><Definition>Indicates application of actuator.</Definition><PropertyType><TypePropertyEnumeratedValue><EnumList name="PEnum_ActuatorApplication"><EnumItem>ENTRYEXITDEVICE</EnumItem><EnumItem>FIRESMOKEDAMPERACTUATOR</EnumItem><EnumItem>DAMPERACTUATOR</EnumItem><EnumItem>VALVEPOSITIONER</EnumItem><EnumItem>LAMPACTUATOR</EnumItem><EnumItem>SUNBLINDACTUATOR</EnumItem><EnumItem>OTHER</EnumItem><EnumItem>NOTKNOWN</EnumItem><EnumItem>UNSET</EnumItem></EnumList><ConstantList><ConstantDef><Name>ENTRYEXITDEVICE</Name><NameAliases><NameAlias lang="en">Entry Exit Device</NameAlias></NameAliases><DefinitionAliases /></ConstantDef><ConstantDef><Name>FIRESMOKEDAMPERACTUATOR</Name><NameAliases><NameAlias lang="en">Fire Smoke Damper Actuator</NameAlias></NameAliases><DefinitionAliases /></ConstantDef><ConstantDef><Name>DAMPERACTUATOR</Name><NameAliases><NameAlias lang="en">Damper Actuator</NameAlias></NameAliases><DefinitionAliases /></ConstantDef><ConstantDef><Name>VALVEPOSITIONER</Name><NameAliases><NameAlias lang="en">Valve Positioner</NameAlias></NameAliases><DefinitionAliases /></ConstantDef><ConstantDef><Name>LAMPACTUATOR</Name><NameAliases><NameAlias lang="en">Lamp Actuator</NameAlias></NameAliases><DefinitionAliases /></ConstantDef><ConstantDef><Name>SUNBLINDACTUATOR</Name><NameAliases><NameAlias lang="en">Sunblind Actuator</NameAlias></NameAliases><DefinitionAliases /></ConstantDef><ConstantDef><Name>OTHER</Name><Definition>required category not on scale</Definition><NameAliases><NameAlias lang="en">(other)</NameAlias></NameAliases><DefinitionAliases><DefinitionAlias lang="en">Value is not listed.</DefinitionAlias></DefinitionAliases></ConstantDef><ConstantDef><Name>NOTKNOWN</Name><Definition>Value is unkown</Definition><NameAliases><NameAlias lang="en">(unknown)</NameAlias></NameAliases><DefinitionAliases><DefinitionAlias lang="en">Value is unknown.</DefinitionAlias></DefinitionAliases></ConstantDef><ConstantDef><Name>UNSET</Name><Definition>Value has not been specified</Definition><NameAliases><NameAlias lang="en">(unset)</NameAlias></NameAliases><DefinitionAliases><DefinitionAlias lang="en">Value has not been specified.</DefinitionAlias></DefinitionAliases></ConstantDef></ConstantList></TypePropertyEnumeratedValue></PropertyType><NameAliases><NameAlias lang="en">Application</NameAlias></NameAliases><DefinitionAliases><DefinitionAlias lang="en" /></DefinitionAliases></PropertyDef></PropertyDefs><PsetDefinitionAliases><PsetDefinitionAlias lang="en" /><PsetDefinitionAlias lang="ja-JP">アクチュエータタイプの共通属性。</PsetDefinitionAlias></PsetDefinitionAliases></PropertySetDef>