﻿<?xml version="1.0" encoding="utf-8"?><PropertySetDef xmlns:xsi="http://www.w3.org/2001/XMLSchema-instance" xmlns:xsd="http://www.w3.org/2001/XMLSchema" ifdguid="899b1080d1cc11e1800000215ad4efdf" templatetype="PSET_TYPEDRIVENOVERRIDE" xsi:noNamespaceSchemaLocation="http://buildingSMART-tech.org/xml/psd/PSD_IFC4.xsd" xmlns="http://buildingSMART-tech.org/xml/psd/PSD_IFC4.xsd"><IfcVersion version="IFC4X4" /><Name>Pset_CondenserTypeCommon</Name><Definition>Condenser type common attributes.</Definition><Applicability /><ApplicableClasses><ClassName>IfcCondenser</ClassName></ApplicableClasses><ApplicableTypeValue>IfcCondenser</ApplicableTypeValue><PropertyDefs><PropertyDef ifdguid="8f90f180d1cc11e1800000215ad4efdf"><Name>Reference</Name><Definition>Reference ID for this specified type in this project (e.g. type 'A-1'), provided, if there is no classification reference to a recognized classification system used.</Definition><PropertyType><TypePropertySingleValue><DataType type="IfcIdentifier" /></TypePropertySingleValue></PropertyType><NameAliases><NameAlias lang="en">Reference</NameAlias><NameAlias lang="ja-JP">参照記号</NameAlias></NameAliases><DefinitionAliases><DefinitionAlias lang="en" /><DefinitionAlias lang="ja-JP">このプロジェクトにおける参照記号(例：A-1)。分類コードではなく内部で使用されるプロジェクトタイプとして使用されるもの。</DefinitionAlias></DefinitionAliases></PropertyDef><PropertyDef ifdguid="d296b7a0f2bb4e309010357681bd4adc"><Name>Status</Name><PropertyType><TypePropertyEnumeratedValue><EnumList name="PEnum_ElementStatus"><EnumItem>NEW</EnumItem><EnumItem>EXISTING</EnumItem><EnumItem>DEMOLISH</EnumItem><EnumItem>TEMPORARY</EnumItem><EnumItem>OTHER</EnumItem><EnumItem>NOTKNOWN</EnumItem><EnumItem>UNSET</EnumItem></EnumList><ConstantList><ConstantDef><Name>NEW</Name><Definition>element designed as new addition</Definition><NameAliases><NameAlias lang="en">New</NameAlias></NameAliases><DefinitionAliases /></ConstantDef><ConstantDef><Name>EXISTING</Name><Definition>element exists and is to remain</Definition><NameAliases><NameAlias lang="en">Existing</NameAlias></NameAliases><DefinitionAliases /></ConstantDef><ConstantDef><Name>DEMOLISH</Name><Definition>element exists but is to be demolished</Definition><NameAliases><NameAlias lang="en">Demolish</NameAlias></NameAliases><DefinitionAliases /></ConstantDef><ConstantDef><Name>TEMPORARY</Name><Definition>element will exist only temporarily (such as a temporary support structure)</Definition><NameAliases><NameAlias lang="en">Temporary</NameAlias></NameAliases><DefinitionAliases /></ConstantDef><ConstantDef><Name>OTHER</Name><Definition>required category not on scale</Definition><NameAliases><NameAlias lang="en">(other)</NameAlias></NameAliases><DefinitionAliases><DefinitionAlias lang="en">Value is not listed.</DefinitionAlias></DefinitionAliases></ConstantDef><ConstantDef><Name>NOTKNOWN</Name><Definition>Value is unkown</Definition><NameAliases><NameAlias lang="en">(unknown)</NameAlias></NameAliases><DefinitionAliases><DefinitionAlias lang="en">Value is unknown.</DefinitionAlias></DefinitionAliases></ConstantDef><ConstantDef><Name>UNSET</Name><Definition>Value has not been specified</Definition><NameAliases><NameAlias lang="en">(unset)</NameAlias></NameAliases><DefinitionAliases><DefinitionAlias lang="en">Value has not been specified.</DefinitionAlias></DefinitionAliases></ConstantDef></ConstantList></TypePropertyEnumeratedValue></PropertyType><NameAliases /><DefinitionAliases /></PropertyDef><PropertyDef ifdguid="94ee3c00d1cc11e1800000215ad4efdf"><Name>RefrigerantClass</Name><Definition>Refrigerant class used by the condenser.

CFC: Chlorofluorocarbons.
HCFC: Hydrochlorofluorocarbons.
HFC: Hydrofluorocarbons.</Definition><PropertyType><TypePropertyEnumeratedValue><EnumList name="PEnum_RefrigerantClass"><EnumItem>CFC</EnumItem><EnumItem>HCFC</EnumItem><EnumItem>HFC</EnumItem><EnumItem>HYDROCARBONS</EnumItem><EnumItem>AMMONIA</EnumItem><EnumItem>CO2</EnumItem><EnumItem>H2O</EnumItem><EnumItem>OTHER</EnumItem><EnumItem>NOTKNOWN</EnumItem><EnumItem>UNSET</EnumItem></EnumList><ConstantList><ConstantDef><Name>CFC</Name><NameAliases><NameAlias lang="en">CFC</NameAlias></NameAliases><DefinitionAliases><DefinitionAlias lang="en">Chlorofluorocarbons</DefinitionAlias></DefinitionAliases></ConstantDef><ConstantDef><Name>HCFC</Name><NameAliases><NameAlias lang="en">HCFC</NameAlias></NameAliases><DefinitionAliases><DefinitionAlias lang="en">Hydrochlorofluorocarbons</DefinitionAlias></DefinitionAliases></ConstantDef><ConstantDef><Name>HFC</Name><NameAliases><NameAlias lang="en">HFC</NameAlias></NameAliases><DefinitionAliases><DefinitionAlias lang="en">Hydrofluorocarbons</DefinitionAlias></DefinitionAliases></ConstantDef><ConstantDef><Name>HYDROCARBONS</Name><NameAliases><NameAlias lang="en">Hydrocarbons</NameAlias></NameAliases><DefinitionAliases /></ConstantDef><ConstantDef><Name>AMMONIA</Name><NameAliases><NameAlias lang="en">Ammonia</NameAlias></NameAliases><DefinitionAliases /></ConstantDef><ConstantDef><Name>CO2</Name><NameAliases><NameAlias lang="en">CO2</NameAlias></NameAliases><DefinitionAliases /></ConstantDef><ConstantDef><Name>H2O</Name><NameAliases><NameAlias lang="en">H2O</NameAlias></NameAliases><DefinitionAliases /></ConstantDef><ConstantDef><Name>OTHER</Name><Definition>required category not on scale</Definition><NameAliases><NameAlias lang="en">(other)</NameAlias></NameAliases><DefinitionAliases><DefinitionAlias lang="en">Value is not listed.</DefinitionAlias></DefinitionAliases></ConstantDef><ConstantDef><Name>NOTKNOWN</Name><Definition>Value is unkown</Definition><NameAliases><NameAlias lang="en">(unknown)</NameAlias></NameAliases><DefinitionAliases><DefinitionAlias lang="en">Value is unknown.</DefinitionAlias></DefinitionAliases></ConstantDef><ConstantDef><Name>UNSET</Name><Definition>Value has not been specified</Definition><NameAliases><NameAlias lang="en">(unset)</NameAlias></NameAliases><DefinitionAliases><DefinitionAlias lang="en">Value has not been specified.</DefinitionAlias></DefinitionAliases></ConstantDef></ConstantList></TypePropertyEnumeratedValue></PropertyType><NameAliases><NameAlias lang="en">Refrigerant Class</NameAlias></NameAliases><DefinitionAliases><DefinitionAlias lang="en" /></DefinitionAliases></PropertyDef><PropertyDef ifdguid="b0f1dd80d1cc11e1800000215ad4efdf"><Name>ExternalSurfaceArea</Name><Definition>External surface area (both primary and secondary area).</Definition><PropertyType><TypePropertySingleValue><DataType type="IfcAreaMeasure" /></TypePropertySingleValue></PropertyType><NameAliases><NameAlias lang="en">External Surface Area</NameAlias></NameAliases><DefinitionAliases><DefinitionAlias lang="en" /></DefinitionAliases></PropertyDef><PropertyDef ifdguid="b6e7be80d1cc11e1800000215ad4efdf"><Name>InternalSurfaceArea</Name><Definition>Internal surface area.</Definition><PropertyType><TypePropertySingleValue><DataType type="IfcAreaMeasure" /></TypePropertySingleValue></PropertyType><NameAliases><NameAlias lang="en">Internal Surface Area</NameAlias></NameAliases><DefinitionAliases><DefinitionAlias lang="en" /></DefinitionAliases></PropertyDef><PropertyDef ifdguid="bc450900d1cc11e1800000215ad4efdf"><Name>InternalRefrigerantVolume</Name><Definition>Internal volume of condenser (refrigerant side).</Definition><PropertyType><TypePropertySingleValue><DataType type="IfcVolumeMeasure" /></TypePropertySingleValue></PropertyType><NameAliases><NameAlias lang="en">Internal Refrigerant Volume</NameAlias></NameAliases><DefinitionAliases><DefinitionAlias lang="en" /></DefinitionAliases></PropertyDef><PropertyDef ifdguid="c1a25380d1cc11e1800000215ad4efdf"><Name>InternalWaterVolume</Name><Definition>Internal volume of condenser (water side).</Definition><PropertyType><TypePropertySingleValue><DataType type="IfcVolumeMeasure" /></TypePropertySingleValue></PropertyType><NameAliases><NameAlias lang="en">Internal Water Volume</NameAlias></NameAliases><DefinitionAliases><DefinitionAlias lang="en" /></DefinitionAliases></PropertyDef><PropertyDef ifdguid="c6670780d1cc11e1800000215ad4efdf"><Name>NominalHeatTransferArea</Name><Definition>Nominal heat transfer surface area associated with nominal overall heat transfer coefficient.</Definition><PropertyType><TypePropertySingleValue><DataType type="IfcAreaMeasure" /></TypePropertySingleValue></PropertyType><NameAliases><NameAlias lang="en">Nominal Heat Transfer Area</NameAlias></NameAliases><DefinitionAliases><DefinitionAlias lang="en" /></DefinitionAliases></PropertyDef><PropertyDef ifdguid="cbc45200d1cc11e1800000215ad4efdf"><Name>NominalHeatTransferCoefficient</Name><Definition>Nominal overall heat transfer coefficient associated with nominal heat transfer area.</Definition><PropertyType><TypePropertySingleValue><DataType type="IfcThermalTransmittanceMeasure" /></TypePropertySingleValue></PropertyType><NameAliases><NameAlias lang="en">Nominal Heat Transfer Coefficient</NameAlias></NameAliases><DefinitionAliases><DefinitionAlias lang="en" /></DefinitionAliases></PropertyDef></PropertyDefs><PsetDefinitionAliases><PsetDefinitionAlias lang="en" /><PsetDefinitionAlias lang="ja-JP">コンデンサー型の共通プロパティ属性設定。</PsetDefinitionAlias></PsetDefinitionAliases></PropertySetDef>