﻿<?xml version="1.0" encoding="utf-8"?><PropertySetDef xmlns:xsi="http://www.w3.org/2001/XMLSchema-instance" xmlns:xsd="http://www.w3.org/2001/XMLSchema" ifdguid="877f9720156cbc32aad465a63844f668" templatetype="PSET_TYPEDRIVENOVERRIDE" xsi:noNamespaceSchemaLocation="http://buildingSMART-tech.org/xml/psd/PSD_IFC4.xsd" xmlns="http://buildingSMART-tech.org/xml/psd/PSD_IFC4.xsd"><IfcVersion version="IFC4X4" /><Name>Pset_DiscreteAccessoryTypeRailPad</Name><Definition>Properties of rail pads. The property set can be used by the predefined type RAILPAD of IfcDiscreteAccessory.</Definition><Applicability /><ApplicableClasses><ClassName>IfcDiscreteAccessory/RAILPAD</ClassName></ApplicableClasses><ApplicableTypeValue>IfcDiscreteAccessory/RAILPAD</ApplicableTypeValue><PropertyDefs><PropertyDef ifdguid="869227c3063e4cf9a766db67c9d44765"><Name>RailPadStiffness</Name><Definition>Indicates the stiffness of a rail pad.</Definition><PropertyType><TypePropertyEnumeratedValue><EnumList name="PEnum_RailPadStiffness"><EnumItem>STIFF</EnumItem><EnumItem>SOFT</EnumItem><EnumItem>MEDIUM</EnumItem><EnumItem>OTHER</EnumItem><EnumItem>NOTKNOWN</EnumItem><EnumItem>UNSET</EnumItem></EnumList><ConstantList><ConstantDef><Name>STIFF</Name><Definition>Stiff.</Definition><NameAliases /><DefinitionAliases /></ConstantDef><ConstantDef><Name>SOFT</Name><Definition>Soft.</Definition><NameAliases /><DefinitionAliases /></ConstantDef><ConstantDef><Name>MEDIUM</Name><Definition>Medium.</Definition><NameAliases /><DefinitionAliases /></ConstantDef><ConstantDef><Name>OTHER</Name><Definition>required category not on scale</Definition><NameAliases><NameAlias lang="en">(other)</NameAlias></NameAliases><DefinitionAliases><DefinitionAlias lang="en">Value is not listed.</DefinitionAlias></DefinitionAliases></ConstantDef><ConstantDef><Name>NOTKNOWN</Name><Definition>Value is unkown</Definition><NameAliases><NameAlias lang="en">(unknown)</NameAlias></NameAliases><DefinitionAliases><DefinitionAlias lang="en">Value is unknown.</DefinitionAlias></DefinitionAliases></ConstantDef><ConstantDef><Name>UNSET</Name><Definition>Value has not been specified</Definition><NameAliases><NameAlias lang="en">(unset)</NameAlias></NameAliases><DefinitionAliases><DefinitionAlias lang="en">Value has not been specified.</DefinitionAlias></DefinitionAliases></ConstantDef></ConstantList></TypePropertyEnumeratedValue></PropertyType><NameAliases /><DefinitionAliases /></PropertyDef></PropertyDefs><PsetDefinitionAliases /></PropertySetDef>