﻿<?xml version="1.0" encoding="utf-8"?><PropertySetDef xmlns:xsi="http://www.w3.org/2001/XMLSchema-instance" xmlns:xsd="http://www.w3.org/2001/XMLSchema" ifdguid="aa7e5880d20211e1800000215ad4efdf" templatetype="PSET_TYPEDRIVENOVERRIDE" xsi:noNamespaceSchemaLocation="http://buildingSMART-tech.org/xml/psd/PSD_IFC4.xsd" xmlns="http://buildingSMART-tech.org/xml/psd/PSD_IFC4.xsd"><IfcVersion version="IFC4X4" /><Name>Pset_SanitaryTerminalTypeCommon</Name><Definition>Common properties for sanitary terminals.</Definition><Applicability /><ApplicableClasses><ClassName>IfcSanitaryTerminal</ClassName></ApplicableClasses><ApplicableTypeValue>IfcSanitaryTerminal</ApplicableTypeValue><PropertyDefs><PropertyDef ifdguid="aeaa7600d20211e1800000215ad4efdf"><Name>Reference</Name><Definition>Reference ID for this specified type in this project (e.g. type 'A-1'), provided, if there is no classification reference to a recognized classification system used.</Definition><PropertyType><TypePropertySingleValue><DataType type="IfcIdentifier" /></TypePropertySingleValue></PropertyType><NameAliases><NameAlias lang="en">Reference</NameAlias><NameAlias lang="ja-JP">参照記号</NameAlias></NameAliases><DefinitionAliases><DefinitionAlias lang="en" /><DefinitionAlias lang="ja-JP">使用される認識分類システムで分類基準がない場合、プロジェクトで指定された型（タイプ'Ａ-1'など）で提供されるレファレンスID。</DefinitionAlias></DefinitionAliases></PropertyDef><PropertyDef ifdguid="1b1c71bc34194116982bbacb563822d6"><Name>Status</Name><PropertyType><TypePropertyEnumeratedValue><EnumList name="PEnum_ElementStatus"><EnumItem>NEW</EnumItem><EnumItem>EXISTING</EnumItem><EnumItem>DEMOLISH</EnumItem><EnumItem>TEMPORARY</EnumItem><EnumItem>OTHER</EnumItem><EnumItem>NOTKNOWN</EnumItem><EnumItem>UNSET</EnumItem></EnumList><ConstantList><ConstantDef><Name>NEW</Name><Definition>element designed as new addition</Definition><NameAliases><NameAlias lang="en">New</NameAlias></NameAliases><DefinitionAliases /></ConstantDef><ConstantDef><Name>EXISTING</Name><Definition>element exists and is to remain</Definition><NameAliases><NameAlias lang="en">Existing</NameAlias></NameAliases><DefinitionAliases /></ConstantDef><ConstantDef><Name>DEMOLISH</Name><Definition>element exists but is to be demolished</Definition><NameAliases><NameAlias lang="en">Demolish</NameAlias></NameAliases><DefinitionAliases /></ConstantDef><ConstantDef><Name>TEMPORARY</Name><Definition>element will exist only temporarily (such as a temporary support structure)</Definition><NameAliases><NameAlias lang="en">Temporary</NameAlias></NameAliases><DefinitionAliases /></ConstantDef><ConstantDef><Name>OTHER</Name><Definition>required category not on scale</Definition><NameAliases><NameAlias lang="en">(other)</NameAlias></NameAliases><DefinitionAliases><DefinitionAlias lang="en">Value is not listed.</DefinitionAlias></DefinitionAliases></ConstantDef><ConstantDef><Name>NOTKNOWN</Name><Definition>Value is unkown</Definition><NameAliases><NameAlias lang="en">(unknown)</NameAlias></NameAliases><DefinitionAliases><DefinitionAlias lang="en">Value is unknown.</DefinitionAlias></DefinitionAliases></ConstantDef><ConstantDef><Name>UNSET</Name><Definition>Value has not been specified</Definition><NameAliases><NameAlias lang="en">(unset)</NameAlias></NameAliases><DefinitionAliases><DefinitionAlias lang="en">Value has not been specified.</DefinitionAlias></DefinitionAliases></ConstantDef></ConstantList></TypePropertyEnumeratedValue></PropertyType><NameAliases /><DefinitionAliases /></PropertyDef><PropertyDef ifdguid="076d1500d1e911e1800000215ad4efdf"><Name>NominalLength</Name><Definition>Nominal length of the object.</Definition><PropertyType><TypePropertySingleValue><DataType type="IfcNonNegativeLengthMeasure" /></TypePropertySingleValue></PropertyType><NameAliases><NameAlias lang="en">Nominal Length</NameAlias></NameAliases><DefinitionAliases><DefinitionAlias lang="en" /></DefinitionAliases></PropertyDef><PropertyDef ifdguid="a28e9f226e204a909976810e633a45f4"><Name>NominalWidth</Name><Definition>The nominal width of the object.</Definition><PropertyType><TypePropertySingleValue><DataType type="IfcNonNegativeLengthMeasure" /></TypePropertySingleValue></PropertyType><NameAliases><NameAlias lang="en">Nominal Width</NameAlias><NameAlias lang="ja-JP">公称幅</NameAlias><NameAlias lang="ko-KR">공칭 폭</NameAlias></NameAliases><DefinitionAliases><DefinitionAlias lang="en" /><DefinitionAlias lang="ja-JP">呼び幅寸法。</DefinitionAlias><DefinitionAlias lang="ko-KR">폭 치수</DefinitionAlias></DefinitionAliases></PropertyDef><PropertyDef ifdguid="118f1380d1e911e1800000215ad4efdf"><Name>NominalDepth</Name><Definition>Nominal Depth of the object</Definition><PropertyType><TypePropertySingleValue><DataType type="IfcNonNegativeLengthMeasure" /></TypePropertySingleValue></PropertyType><NameAliases><NameAlias lang="en">Nominal Depth</NameAlias><NameAlias lang="ja-JP">深さ</NameAlias></NameAliases><DefinitionAliases><DefinitionAlias lang="en" /><DefinitionAlias lang="ja-JP">装置の基礎に配管吸入口から測定した深さ。</DefinitionAlias></DefinitionAliases></PropertyDef><PropertyDef ifdguid="93112095298e44d29aea7995d82eb202"><Name>Color</Name><Definition>Color selection for this object.</Definition><PropertyType><TypePropertySingleValue><DataType type="IfcLabel" /></TypePropertySingleValue></PropertyType><NameAliases /><DefinitionAliases /></PropertyDef></PropertyDefs><PsetDefinitionAliases><PsetDefinitionAlias lang="en" /><PsetDefinitionAlias lang="ja-JP">衛生器具の共通プロパティを設定。</PsetDefinitionAlias></PsetDefinitionAliases></PropertySetDef>