﻿<?xml version="1.0" encoding="utf-8"?><PropertySetDef xmlns:xsi="http://www.w3.org/2001/XMLSchema-instance" xmlns:xsd="http://www.w3.org/2001/XMLSchema" ifdguid="861ced4bd3ffd4f2e3ea93b0d3b64717" templatetype="PSET_TYPEDRIVENOVERRIDE" xsi:noNamespaceSchemaLocation="http://buildingSMART-tech.org/xml/psd/PSD_IFC4.xsd" xmlns="http://buildingSMART-tech.org/xml/psd/PSD_IFC4.xsd"><IfcVersion version="IFC4X4" /><Name>Pset_CommunicationsApplianceTypeTransportEquipment</Name><Definition>Properties common to a transport equipment. This property set is applied to a type or occurrence of _IfcCommunicationsAppliance_ with predefined type TRANSPORTEQUIPMENT.</Definition><Applicability /><ApplicableClasses><ClassName>IfcCommunicationsAppliance/TRANSPORTEQUIPMENT</ClassName></ApplicableClasses><ApplicableTypeValue>IfcCommunicationsAppliance/TRANSPORTEQUIPMENT</ApplicableTypeValue><PropertyDefs><PropertyDef ifdguid="a3788b53c5cd4209bf5fa24d883ee64d"><Name>IsUpgradable</Name><Definition>Indicates whether the transport equipment can be upgraded or not.</Definition><PropertyType><TypePropertySingleValue><DataType type="IfcBoolean" /></TypePropertySingleValue></PropertyType><NameAliases /><DefinitionAliases /></PropertyDef><PropertyDef ifdguid="34e3412a409c49df91aade1b9a91afcf"><Name>ElectricalCrossCapacity</Name><Definition>Indicates the electrical cross capacity of the transport equipment.</Definition><PropertyType><TypePropertySingleValue><DataType type="IfcLabel" /></TypePropertySingleValue></PropertyType><NameAliases /><DefinitionAliases /></PropertyDef><PropertyDef ifdguid="f2bc503cd29f488cae452b3780e73c85"><Name>NumberOfSlots</Name><Definition>Indicates the number of device slots.</Definition><PropertyType><TypePropertySingleValue><DataType type="IfcInteger" /></TypePropertySingleValue></PropertyType><NameAliases /><DefinitionAliases /></PropertyDef><PropertyDef ifdguid="581d2424338a4ac28941952d048c13df"><Name>TransportEquipmentType</Name><Definition>Indicates the type of transport equipment.</Definition><PropertyType><TypePropertyEnumeratedValue><EnumList name="PEnum_TransportEquipmentType"><EnumItem>MPLS_TP</EnumItem><EnumItem>OTN</EnumItem><EnumItem>PDH</EnumItem><EnumItem>SDH</EnumItem><EnumItem>OTHER</EnumItem><EnumItem>NOTKNOWN</EnumItem><EnumItem>UNSET</EnumItem></EnumList><ConstantList><ConstantDef><Name>MPLS_TP</Name><Definition>MPLS-TP transport equipment.</Definition><NameAliases /><DefinitionAliases /></ConstantDef><ConstantDef><Name>OTN</Name><Definition>OTN (Optical Transport Network) transport equipment.</Definition><NameAliases /><DefinitionAliases /></ConstantDef><ConstantDef><Name>PDH</Name><Definition>PDH (Plesiochronous Digital Hierarchy) transport equipment.</Definition><NameAliases /><DefinitionAliases /></ConstantDef><ConstantDef><Name>SDH</Name><Definition>SDH (Synchronous Digital Hierarchy) transport equipment.</Definition><NameAliases /><DefinitionAliases /></ConstantDef><ConstantDef><Name>OTHER</Name><Definition>required category not on scale</Definition><NameAliases><NameAlias lang="en">(other)</NameAlias></NameAliases><DefinitionAliases><DefinitionAlias lang="en">Value is not listed.</DefinitionAlias></DefinitionAliases></ConstantDef><ConstantDef><Name>NOTKNOWN</Name><Definition>Value is unkown</Definition><NameAliases><NameAlias lang="en">(unknown)</NameAlias></NameAliases><DefinitionAliases><DefinitionAlias lang="en">Value is unknown.</DefinitionAlias></DefinitionAliases></ConstantDef><ConstantDef><Name>UNSET</Name><Definition>Value has not been specified</Definition><NameAliases><NameAlias lang="en">(unset)</NameAlias></NameAliases><DefinitionAliases><DefinitionAlias lang="en">Value has not been specified.</DefinitionAlias></DefinitionAliases></ConstantDef></ConstantList></TypePropertyEnumeratedValue></PropertyType><NameAliases /><DefinitionAliases /></PropertyDef><PropertyDef ifdguid="b5bd2d7095f4464abbd543988d3db4be"><Name>TransportEquipmentAssemblyType</Name><Definition>Indicates the type of transport equipment assembly.</Definition><PropertyType><TypePropertyEnumeratedValue><EnumList name="PEnum_TransportEquipmentAssemblyType"><EnumItem>FIXEDCONFIGURATION</EnumItem><EnumItem>MODULARCONFIGURATION</EnumItem><EnumItem>OTHER</EnumItem><EnumItem>NOTKNOWN</EnumItem><EnumItem>UNSET</EnumItem></EnumList><ConstantList><ConstantDef><Name>FIXEDCONFIGURATION</Name><Definition>Fixed configuration.</Definition><NameAliases /><DefinitionAliases /></ConstantDef><ConstantDef><Name>MODULARCONFIGURATION</Name><Definition>Modular configuration.</Definition><NameAliases /><DefinitionAliases /></ConstantDef><ConstantDef><Name>OTHER</Name><Definition>required category not on scale</Definition><NameAliases><NameAlias lang="en">(other)</NameAlias></NameAliases><DefinitionAliases><DefinitionAlias lang="en">Value is not listed.</DefinitionAlias></DefinitionAliases></ConstantDef><ConstantDef><Name>NOTKNOWN</Name><Definition>Value is unkown</Definition><NameAliases><NameAlias lang="en">(unknown)</NameAlias></NameAliases><DefinitionAliases><DefinitionAlias lang="en">Value is unknown.</DefinitionAlias></DefinitionAliases></ConstantDef><ConstantDef><Name>UNSET</Name><Definition>Value has not been specified</Definition><NameAliases><NameAlias lang="en">(unset)</NameAlias></NameAliases><DefinitionAliases><DefinitionAlias lang="en">Value has not been specified.</DefinitionAlias></DefinitionAliases></ConstantDef></ConstantList></TypePropertyEnumeratedValue></PropertyType><NameAliases /><DefinitionAliases /></PropertyDef></PropertyDefs><PsetDefinitionAliases /></PropertySetDef>