﻿<?xml version="1.0" encoding="utf-8"?><PropertySetDef xmlns:xsi="http://www.w3.org/2001/XMLSchema-instance" xmlns:xsd="http://www.w3.org/2001/XMLSchema" ifdguid="5d11e497ab53a92b61a88a54a11535b3" templatetype="PSET_TYPEDRIVENOVERRIDE" xsi:noNamespaceSchemaLocation="http://buildingSMART-tech.org/xml/psd/PSD_IFC4.xsd" xmlns="http://buildingSMART-tech.org/xml/psd/PSD_IFC4.xsd"><IfcVersion version="IFC4X4" /><Name>Pset_CommunicationsApplianceTypeOpticalLineTerminal</Name><Definition>Properties common to a optical line terminal. This property set is applied to a type or occurrence of _IfcCommunicationsAppliance_ with predefined type OPTICALLINETERMINAL.</Definition><Applicability /><ApplicableClasses><ClassName>IfcCommunicationsAppliance/OPTICALLINETERMINAL</ClassName></ApplicableClasses><ApplicableTypeValue>IfcCommunicationsAppliance/OPTICALLINETERMINAL</ApplicableTypeValue><PropertyDefs><PropertyDef ifdguid="f2bc503cd29f488cae452b3780e73c85"><Name>NumberOfSlots</Name><Definition>Indicates the number of device slots.</Definition><PropertyType><TypePropertySingleValue><DataType type="IfcInteger" /></TypePropertySingleValue></PropertyType><NameAliases /><DefinitionAliases /></PropertyDef><PropertyDef ifdguid="cd03a478484643ab833d4727038848e9"><Name>NumberOfInterfaces</Name><Definition>Indicates the types of interfaces and their number in the device.</Definition><PropertyType><TypePropertyTableValue><Expression /><DefiningValue><DataType type="IfcLabel" /></DefiningValue><DefinedValue><DataType type="IfcInteger" /></DefinedValue></TypePropertyTableValue></PropertyType><NameAliases /><DefinitionAliases /></PropertyDef></PropertyDefs><PsetDefinitionAliases /></PropertySetDef>