﻿<?xml version="1.0" encoding="utf-8"?><PropertySetDef xmlns:xsi="http://www.w3.org/2001/XMLSchema-instance" xmlns:xsd="http://www.w3.org/2001/XMLSchema" ifdguid="34c7bc00d20511e1800000215ad4efdf" templatetype="PSET_TYPEDRIVENOVERRIDE" xsi:noNamespaceSchemaLocation="http://buildingSMART-tech.org/xml/psd/PSD_IFC4.xsd" xmlns="http://buildingSMART-tech.org/xml/psd/PSD_IFC4.xsd"><IfcVersion version="IFC4X4" /><Name>Pset_SensorTypeFlowSensor</Name><Definition>A device that senses or detects flow. HISTORY: Added in IFC4.</Definition><Applicability /><ApplicableClasses><ClassName>IfcSensor/FLOWSENSOR</ClassName></ApplicableClasses><ApplicableTypeValue>IfcSensor/FLOWSENSOR</ApplicableTypeValue><PropertyDefs><PropertyDef ifdguid="3a250680d20511e1800000215ad4efdf"><Name>SetPointFlow</Name><Definition>The volumetric flow value to be sensed. Use IfcPropertyBoundedValue.SetPointValue to set the set point value.</Definition><PropertyType><TypePropertyBoundedValue><DataType type="IfcVolumetricFlowRateMeasure" /></TypePropertyBoundedValue></PropertyType><NameAliases><NameAlias lang="en">Set Point Flow</NameAlias><NameAlias lang="ja-JP">流量設定値</NameAlias><NameAlias lang="ko-KR">유량 설정</NameAlias></NameAliases><DefinitionAliases><DefinitionAlias lang="en" /><DefinitionAlias lang="ja-JP">感知される流量。
セットポイント値を置くために、IfcPropertyBoundedValue.SetPointValueを使用する。</DefinitionAlias><DefinitionAlias lang="ko-KR">감지되는 유량. 세트 포인트 값을 넣으려면, IfcPropertyBoundedValue.SetPointValue를 사용하십시오.</DefinitionAlias></DefinitionAliases></PropertyDef></PropertyDefs><PsetDefinitionAliases><PsetDefinitionAlias lang="en" /><PsetDefinitionAlias lang="ja-JP">流れを感知または検出するデバイス。</PsetDefinitionAlias></PsetDefinitionAliases></PropertySetDef>