﻿<?xml version="1.0" encoding="utf-8"?><PropertySetDef xmlns:xsi="http://www.w3.org/2001/XMLSchema-instance" xmlns:xsd="http://www.w3.org/2001/XMLSchema" ifdguid="24d2504b0c21b0c6cc895ed452e67629" templatetype="PSET_TYPEDRIVENOVERRIDE" xsi:noNamespaceSchemaLocation="http://buildingSMART-tech.org/xml/psd/PSD_IFC4.xsd" xmlns="http://buildingSMART-tech.org/xml/psd/PSD_IFC4.xsd"><IfcVersion version="IFC4X4" /><Name>Pset_CommunicationsApplianceTypeTelephonyExchange</Name><Definition>Properties common to a telephony exchange. This property set is applied to a type or occurrence of _IfcCommunicationsAppliance_ with predefined type TELEPHONYEXCHANGE.</Definition><Applicability /><ApplicableClasses><ClassName>IfcCommunicationsAppliance/TELEPHONYEXCHANGE</ClassName></ApplicableClasses><ApplicableTypeValue>IfcCommunicationsAppliance/TELEPHONYEXCHANGE</ApplicableTypeValue><PropertyDefs><PropertyDef ifdguid="a887d8e4dced459586812b35557cbe79"><Name>UserCapacity</Name><Definition>Indicates the user capacity of the device, defined as the maximum number of users that can be active at the same time.</Definition><PropertyType><TypePropertySingleValue><DataType type="IfcInteger" /></TypePropertySingleValue></PropertyType><NameAliases /><DefinitionAliases /></PropertyDef></PropertyDefs><PsetDefinitionAliases /></PropertySetDef>