﻿<?xml version="1.0" encoding="utf-8"?><PropertySetDef xmlns:xsi="http://www.w3.org/2001/XMLSchema-instance" xmlns:xsd="http://www.w3.org/2001/XMLSchema" ifdguid="76894000d1ce11e1800000215ad4efdf" templatetype="PSET_TYPEDRIVENOVERRIDE" xsi:noNamespaceSchemaLocation="http://buildingSMART-tech.org/xml/psd/PSD_IFC4.xsd" xmlns="http://buildingSMART-tech.org/xml/psd/PSD_IFC4.xsd"><IfcVersion version="IFC4X4" /><Name>Pset_CooledBeamTypeActive</Name><Definition>Active (ventilated) cooled beam common attributes.</Definition><Applicability /><ApplicableClasses><ClassName>IfcCooledBeam/ACTIVE</ClassName></ApplicableClasses><ApplicableTypeValue>IfcCooledBeam/ACTIVE</ApplicableTypeValue><PropertyDefs><PropertyDef ifdguid="7c7f2100d1ce11e1800000215ad4efdf"><Name>AirFlowConfiguration</Name><Definition>Air flow configuration type of cooled beam.</Definition><PropertyType><TypePropertyEnumeratedValue><EnumList name="PEnum_CooledBeamActiveAirFlowConfigurationType"><EnumItem>BIDIRECTIONAL</EnumItem><EnumItem>UNIDIRECTIONALRIGHT</EnumItem><EnumItem>UNIDIRECTIONALLEFT</EnumItem><EnumItem>OTHER</EnumItem><EnumItem>NOTKNOWN</EnumItem><EnumItem>UNSET</EnumItem></EnumList><ConstantList><ConstantDef><Name>BIDIRECTIONAL</Name><NameAliases><NameAlias lang="en">Bidirectional</NameAlias></NameAliases><DefinitionAliases /></ConstantDef><ConstantDef><Name>UNIDIRECTIONALRIGHT</Name><NameAliases><NameAlias lang="en">Unidirectional Right</NameAlias></NameAliases><DefinitionAliases /></ConstantDef><ConstantDef><Name>UNIDIRECTIONALLEFT</Name><NameAliases><NameAlias lang="en">Unidirectional Left</NameAlias></NameAliases><DefinitionAliases /></ConstantDef><ConstantDef><Name>OTHER</Name><Definition>required category not on scale</Definition><NameAliases><NameAlias lang="en">(other)</NameAlias></NameAliases><DefinitionAliases><DefinitionAlias lang="en">Value is not listed.</DefinitionAlias></DefinitionAliases></ConstantDef><ConstantDef><Name>NOTKNOWN</Name><Definition>Value is unkown</Definition><NameAliases><NameAlias lang="en">(unknown)</NameAlias></NameAliases><DefinitionAliases><DefinitionAlias lang="en">Value is unknown.</DefinitionAlias></DefinitionAliases></ConstantDef><ConstantDef><Name>UNSET</Name><Definition>Value has not been specified</Definition><NameAliases><NameAlias lang="en">(unset)</NameAlias></NameAliases><DefinitionAliases><DefinitionAlias lang="en">Value has not been specified.</DefinitionAlias></DefinitionAliases></ConstantDef></ConstantList></TypePropertyEnumeratedValue></PropertyType><NameAliases><NameAlias lang="en">Air Flow Configuration</NameAlias></NameAliases><DefinitionAliases><DefinitionAlias lang="en" /></DefinitionAliases></PropertyDef><PropertyDef ifdguid="8acd3d00d1ce11e1800000215ad4efdf"><Name>AirflowRateRange</Name><Definition>Possible range of airflow that can be delivered.</Definition><PropertyType><TypePropertyBoundedValue><DataType type="IfcVolumetricFlowRateMeasure" /></TypePropertyBoundedValue></PropertyType><NameAliases><NameAlias lang="en">Airflow Rate Range</NameAlias></NameAliases><DefinitionAliases><DefinitionAlias lang="en" /></DefinitionAliases></PropertyDef><PropertyDef ifdguid="915bb480d1ce11e1800000215ad4efdf"><Name>SupplyAirConnectionType</Name><Definition>The manner in which the pipe connection is made to the cooled beam.</Definition><PropertyType><TypePropertyEnumeratedValue><EnumList name="PEnum_CooledBeamSupplyAirConnectionType"><EnumItem>STRAIGHT</EnumItem><EnumItem>RIGHT</EnumItem><EnumItem>LEFT</EnumItem><EnumItem>TOP</EnumItem><EnumItem>OTHER</EnumItem><EnumItem>NOTKNOWN</EnumItem><EnumItem>UNSET</EnumItem></EnumList><ConstantList><ConstantDef><Name>STRAIGHT</Name><NameAliases><NameAlias lang="en">Straight</NameAlias></NameAliases><DefinitionAliases /></ConstantDef><ConstantDef><Name>RIGHT</Name><NameAliases><NameAlias lang="en">Right</NameAlias></NameAliases><DefinitionAliases /></ConstantDef><ConstantDef><Name>LEFT</Name><NameAliases><NameAlias lang="en">Left</NameAlias></NameAliases><DefinitionAliases /></ConstantDef><ConstantDef><Name>TOP</Name><NameAliases><NameAlias lang="en">Top</NameAlias></NameAliases><DefinitionAliases /></ConstantDef><ConstantDef><Name>OTHER</Name><Definition>required category not on scale</Definition><NameAliases><NameAlias lang="en">(other)</NameAlias></NameAliases><DefinitionAliases><DefinitionAlias lang="en">Value is not listed.</DefinitionAlias></DefinitionAliases></ConstantDef><ConstantDef><Name>NOTKNOWN</Name><Definition>Value is unkown</Definition><NameAliases><NameAlias lang="en">(unknown)</NameAlias></NameAliases><DefinitionAliases><DefinitionAlias lang="en">Value is unknown.</DefinitionAlias></DefinitionAliases></ConstantDef><ConstantDef><Name>UNSET</Name><Definition>Value has not been specified</Definition><NameAliases><NameAlias lang="en">(unset)</NameAlias></NameAliases><DefinitionAliases><DefinitionAlias lang="en">Value has not been specified.</DefinitionAlias></DefinitionAliases></ConstantDef></ConstantList></TypePropertyEnumeratedValue></PropertyType><NameAliases><NameAlias lang="en">Supply Air Connection Type</NameAlias></NameAliases><DefinitionAliases><DefinitionAlias lang="en" /></DefinitionAliases></PropertyDef><PropertyDef ifdguid="a0426700d1ce11e1800000215ad4efdf"><Name>ConnectionSize</Name><Definition>Duct connection diameter.</Definition><PropertyType><TypePropertySingleValue><DataType type="IfcLengthMeasure" /></TypePropertySingleValue></PropertyType><NameAliases><NameAlias lang="en">Connection Size</NameAlias></NameAliases><DefinitionAliases><DefinitionAlias lang="en" /></DefinitionAliases></PropertyDef></PropertyDefs><PsetDefinitionAliases><PsetDefinitionAlias lang="en" /></PsetDefinitionAliases></PropertySetDef>