﻿<?xml version="1.0" encoding="utf-8"?><PropertySetDef xmlns:xsi="http://www.w3.org/2001/XMLSchema-instance" xmlns:xsd="http://www.w3.org/2001/XMLSchema" ifdguid="77ad6f57dd2ea5fe7f6b4dea6d7c773a" templatetype="PSET_TYPEDRIVENOVERRIDE" xsi:noNamespaceSchemaLocation="http://buildingSMART-tech.org/xml/psd/PSD_IFC4.xsd" xmlns="http://buildingSMART-tech.org/xml/psd/PSD_IFC4.xsd"><IfcVersion version="IFC4X4" /><Name>Pset_CommunicationsApplianceTypeAntenna</Name><Definition>Properties common to an antenna. This property set is applied to a type or occurrence of _IfcCommunicationsAppliance_ with the predefined type ANTENNA.</Definition><Applicability /><ApplicableClasses><ClassName>IfcCommunicationsAppliance/ANTENNA</ClassName></ApplicableClasses><ApplicableTypeValue>IfcCommunicationsAppliance/ANTENNA</ApplicableTypeValue><PropertyDefs><PropertyDef ifdguid="f7374706f55c4de48d36f8aaf991f481"><Name>AntennaGain</Name><Definition>Indicates the antenna gain, which is a ratio of the power transmitted by an antenna in a specific direction compared to an isotropic antenna.</Definition><PropertyType><TypePropertySingleValue><DataType type="IfcRatioMeasure" /></TypePropertySingleValue></PropertyType><NameAliases /><DefinitionAliases /></PropertyDef><PropertyDef ifdguid="3bc5f9b1aa8540cf8d004980a48265f0"><Name>PolarizationMode</Name><Definition>Indicates the polarization mode of antenna.</Definition><PropertyType><TypePropertyEnumeratedValue><EnumList name="PEnum_PolarizationMode"><EnumItem>DUALPOLARIZATION</EnumItem><EnumItem>SINGLEPOLARIZATION</EnumItem><EnumItem>OTHER</EnumItem><EnumItem>NOTKNOWN</EnumItem><EnumItem>UNSET</EnumItem></EnumList><ConstantList><ConstantDef><Name>DUALPOLARIZATION</Name><Definition>Dual polarization.</Definition><NameAliases /><DefinitionAliases /></ConstantDef><ConstantDef><Name>SINGLEPOLARIZATION</Name><Definition>Single polarization.</Definition><NameAliases /><DefinitionAliases /></ConstantDef><ConstantDef><Name>OTHER</Name><Definition>required category not on scale</Definition><NameAliases><NameAlias lang="en">(other)</NameAlias></NameAliases><DefinitionAliases><DefinitionAlias lang="en">Value is not listed.</DefinitionAlias></DefinitionAliases></ConstantDef><ConstantDef><Name>NOTKNOWN</Name><Definition>Value is unkown</Definition><NameAliases><NameAlias lang="en">(unknown)</NameAlias></NameAliases><DefinitionAliases><DefinitionAlias lang="en">Value is unknown.</DefinitionAlias></DefinitionAliases></ConstantDef><ConstantDef><Name>UNSET</Name><Definition>Value has not been specified</Definition><NameAliases><NameAlias lang="en">(unset)</NameAlias></NameAliases><DefinitionAliases><DefinitionAlias lang="en">Value has not been specified.</DefinitionAlias></DefinitionAliases></ConstantDef></ConstantList></TypePropertyEnumeratedValue></PropertyType><NameAliases /><DefinitionAliases /></PropertyDef><PropertyDef ifdguid="142d413f3e3645c28c35aacaa46646f1"><Name>RadiationPattern</Name><Definition>Indicates the radiation pattern of antenna.</Definition><PropertyType><TypePropertyEnumeratedValue><EnumList name="PEnum_RadiationPattern"><EnumItem>DIRECTIONAL</EnumItem><EnumItem>OMNIDIRECTIONAL</EnumItem><EnumItem>FANBEAM</EnumItem><EnumItem>PENCILBEAM</EnumItem><EnumItem>SHAPEDBEAM</EnumItem><EnumItem>OTHER</EnumItem><EnumItem>NOTKNOWN</EnumItem><EnumItem>UNSET</EnumItem></EnumList><ConstantList><ConstantDef><Name>DIRECTIONAL</Name><Definition>Directional radiation pattern.</Definition><NameAliases /><DefinitionAliases /></ConstantDef><ConstantDef><Name>OMNIDIRECTIONAL</Name><Definition>Omnidirectional radiation pattern.</Definition><NameAliases /><DefinitionAliases /></ConstantDef><ConstantDef><Name>FANBEAM</Name><Definition>Fan beam radiation pattern.</Definition><NameAliases /><DefinitionAliases /></ConstantDef><ConstantDef><Name>PENCILBEAM</Name><Definition>Pencil beam radiation pattern.</Definition><NameAliases /><DefinitionAliases /></ConstantDef><ConstantDef><Name>SHAPEDBEAM</Name><Definition>Shaped beam radiation pattern.</Definition><NameAliases /><DefinitionAliases /></ConstantDef><ConstantDef><Name>OTHER</Name><Definition>required category not on scale</Definition><NameAliases><NameAlias lang="en">(other)</NameAlias></NameAliases><DefinitionAliases><DefinitionAlias lang="en">Value is not listed.</DefinitionAlias></DefinitionAliases></ConstantDef><ConstantDef><Name>NOTKNOWN</Name><Definition>Value is unkown</Definition><NameAliases><NameAlias lang="en">(unknown)</NameAlias></NameAliases><DefinitionAliases><DefinitionAlias lang="en">Value is unknown.</DefinitionAlias></DefinitionAliases></ConstantDef><ConstantDef><Name>UNSET</Name><Definition>Value has not been specified</Definition><NameAliases><NameAlias lang="en">(unset)</NameAlias></NameAliases><DefinitionAliases><DefinitionAlias lang="en">Value has not been specified.</DefinitionAlias></DefinitionAliases></ConstantDef></ConstantList></TypePropertyEnumeratedValue></PropertyType><NameAliases /><DefinitionAliases /></PropertyDef><PropertyDef ifdguid="c19847e356b3457e822ea228cdd489a8"><Name>AntennaType</Name><Definition>Indicates the type of antenna.</Definition><PropertyType><TypePropertyEnumeratedValue><EnumList name="PEnum_AntennaType"><EnumItem>CEILING</EnumItem><EnumItem>PANEL</EnumItem><EnumItem>YAGI</EnumItem><EnumItem>OTHER</EnumItem><EnumItem>NOTKNOWN</EnumItem><EnumItem>UNSET</EnumItem></EnumList><ConstantList><ConstantDef><Name>CEILING</Name><Definition>Ceiling antenna.</Definition><NameAliases /><DefinitionAliases /></ConstantDef><ConstantDef><Name>PANEL</Name><Definition>Panel antenna.</Definition><NameAliases /><DefinitionAliases /></ConstantDef><ConstantDef><Name>YAGI</Name><Definition>Yagi antenna.</Definition><NameAliases /><DefinitionAliases /></ConstantDef><ConstantDef><Name>OTHER</Name><Definition>required category not on scale</Definition><NameAliases><NameAlias lang="en">(other)</NameAlias></NameAliases><DefinitionAliases><DefinitionAlias lang="en">Value is not listed.</DefinitionAlias></DefinitionAliases></ConstantDef><ConstantDef><Name>NOTKNOWN</Name><Definition>Value is unkown</Definition><NameAliases><NameAlias lang="en">(unknown)</NameAlias></NameAliases><DefinitionAliases><DefinitionAlias lang="en">Value is unknown.</DefinitionAlias></DefinitionAliases></ConstantDef><ConstantDef><Name>UNSET</Name><Definition>Value has not been specified</Definition><NameAliases><NameAlias lang="en">(unset)</NameAlias></NameAliases><DefinitionAliases><DefinitionAlias lang="en">Value has not been specified.</DefinitionAlias></DefinitionAliases></ConstantDef></ConstantList></TypePropertyEnumeratedValue></PropertyType><NameAliases /><DefinitionAliases /></PropertyDef></PropertyDefs><PsetDefinitionAliases /></PropertySetDef>