﻿<?xml version="1.0" encoding="utf-8"?><PropertySetDef xmlns:xsi="http://www.w3.org/2001/XMLSchema-instance" xmlns:xsd="http://www.w3.org/2001/XMLSchema" ifdguid="543af680d1bd11e1800000215ad4efdf" templatetype="PSET_TYPEDRIVENOVERRIDE" xsi:noNamespaceSchemaLocation="http://buildingSMART-tech.org/xml/psd/PSD_IFC4.xsd" xmlns="http://buildingSMART-tech.org/xml/psd/PSD_IFC4.xsd"><IfcVersion version="IFC4X4" /><Name>Pset_ActuatorTypeElectricActuator</Name><Definition>A device that electrically actuates a control element.</Definition><Applicability /><ApplicableClasses><ClassName>IfcActuator/ELECTRICACTUATOR</ClassName></ApplicableClasses><ApplicableTypeValue>IfcActuator/ELECTRICACTUATOR</ApplicableTypeValue><PropertyDefs><PropertyDef ifdguid="58ffaa80d1bd11e1800000215ad4efdf"><Name>ActuatorInputPower</Name><Definition>Maximum input power requirement.</Definition><PropertyType><TypePropertySingleValue><DataType type="IfcPowerMeasure" /></TypePropertySingleValue></PropertyType><NameAliases><NameAlias lang="en">Actuator Input Power</NameAlias><NameAlias lang="ja-JP">入力電力</NameAlias><NameAlias lang="ko-KR">입력 전력</NameAlias></NameAliases><DefinitionAliases><DefinitionAlias lang="en" /><DefinitionAlias lang="ja-JP">最大入力電力。</DefinitionAlias><DefinitionAlias lang="ko-KR">최대 입력 전력</DefinitionAlias></DefinitionAliases></PropertyDef><PropertyDef ifdguid="5ef58b80d1bd11e1800000215ad4efdf"><Name>ElectricActuatorType</Name><Definition>Enumeration that identifies electric actuator as defined by its operational principle.</Definition><PropertyType><TypePropertyEnumeratedValue><EnumList name="PEnum_ElectricActuatorType"><EnumItem>MOTORDRIVE</EnumItem><EnumItem>MAGNETIC</EnumItem><EnumItem>OTHER</EnumItem><EnumItem>NOTKNOWN</EnumItem><EnumItem>UNSET</EnumItem></EnumList><ConstantList><ConstantDef><Name>MOTORDRIVE</Name><NameAliases><NameAlias lang="en">Motor Drive</NameAlias></NameAliases><DefinitionAliases /></ConstantDef><ConstantDef><Name>MAGNETIC</Name><NameAliases><NameAlias lang="en">Magnetic</NameAlias></NameAliases><DefinitionAliases /></ConstantDef><ConstantDef><Name>OTHER</Name><Definition>required category not on scale</Definition><NameAliases><NameAlias lang="en">(other)</NameAlias></NameAliases><DefinitionAliases><DefinitionAlias lang="en">Value is not listed.</DefinitionAlias></DefinitionAliases></ConstantDef><ConstantDef><Name>NOTKNOWN</Name><Definition>Value is unkown</Definition><NameAliases><NameAlias lang="en">(unknown)</NameAlias></NameAliases><DefinitionAliases><DefinitionAlias lang="en">Value is unknown.</DefinitionAlias></DefinitionAliases></ConstantDef><ConstantDef><Name>UNSET</Name><Definition>Value has not been specified</Definition><NameAliases><NameAlias lang="en">(unset)</NameAlias></NameAliases><DefinitionAliases><DefinitionAlias lang="en">Value has not been specified.</DefinitionAlias></DefinitionAliases></ConstantDef></ConstantList></TypePropertyEnumeratedValue></PropertyType><NameAliases><NameAlias lang="en">Electric Actuator Type</NameAlias><NameAlias lang="ja-JP">電気式アクチュエータタイプ</NameAlias><NameAlias lang="ko-KR">전기식 액추에이터 유형</NameAlias></NameAliases><DefinitionAliases><DefinitionAlias lang="en" /><DefinitionAlias lang="ja-JP">作動原理によって定義された電気式アクチュエータを識別する一覧。</DefinitionAlias><DefinitionAlias lang="ko-KR">작동 원리에 의해 정의된 전기식 액츄에이터를 식별하는 목록</DefinitionAlias></DefinitionAliases></PropertyDef><PropertyDef ifdguid="57958cf7e37647d999d7eeba1e3c3e35"><Name>ControlPulseCurrent</Name><Definition>The current of the electric actuator control pulse.</Definition><PropertyType><TypePropertySingleValue><DataType type="IfcElectricCurrentMeasure" /></TypePropertySingleValue></PropertyType><NameAliases /><DefinitionAliases /></PropertyDef></PropertyDefs><PsetDefinitionAliases><PsetDefinitionAlias lang="en" /><PsetDefinitionAlias lang="ja-JP">制御要素を電気的に作動させるデバイス。</PsetDefinitionAlias></PsetDefinitionAliases></PropertySetDef>