﻿<?xml version="1.0" encoding="utf-8"?><PropertySetDef xmlns:xsi="http://www.w3.org/2001/XMLSchema-instance" xmlns:xsd="http://www.w3.org/2001/XMLSchema" ifdguid="279cd400d1e911e1800000215ad4efdf" templatetype="PSET_TYPEDRIVENOVERRIDE" xsi:noNamespaceSchemaLocation="http://buildingSMART-tech.org/xml/psd/PSD_IFC4.xsd" xmlns="http://buildingSMART-tech.org/xml/psd/PSD_IFC4.xsd"><IfcVersion version="IFC4X4" /><Name>Pset_FurnitureTypeDesk</Name><Definition>A set of specific properties for furniture type desk. HISTORY: First issued in IFC Release R1.5. Renamed from Pset_Desk</Definition><Applicability /><ApplicableClasses><ClassName>IfcFurniture/DESK</ClassName></ApplicableClasses><ApplicableTypeValue>IfcFurniture/DESK</ApplicableTypeValue><PropertyDefs><PropertyDef ifdguid="2cfa1e80d1e911e1800000215ad4efdf"><Name>WorksurfaceArea</Name><Definition>The value of the work surface area of the desk.</Definition><PropertyType><TypePropertySingleValue><DataType type="IfcAreaMeasure" /></TypePropertySingleValue></PropertyType><NameAliases><NameAlias lang="en">Worksurface Area</NameAlias></NameAliases><DefinitionAliases><DefinitionAlias lang="en" /></DefinitionAliases></PropertyDef></PropertyDefs><PsetDefinitionAliases><PsetDefinitionAlias lang="en" /></PsetDefinitionAliases></PropertySetDef>