﻿<?xml version="1.0" encoding="utf-8"?><PropertySetDef xmlns:xsi="http://www.w3.org/2001/XMLSchema-instance" xmlns:xsd="http://www.w3.org/2001/XMLSchema" ifdguid="d1e3c1f6239ebb61ee2940adacda4b9d" templatetype="PSET_TYPEDRIVENOVERRIDE" xsi:noNamespaceSchemaLocation="http://buildingSMART-tech.org/xml/psd/PSD_IFC4.xsd" xmlns="http://buildingSMART-tech.org/xml/psd/PSD_IFC4.xsd"><IfcVersion version="IFC4X4" /><Name>Pset_DiscreteAccessoryTypeRailLubrication</Name><Definition>Properties of rail lubrication equipment. The property set can be used by the predefined type RAIL_LUBRICATION of IfcDiscreteAccessory.</Definition><Applicability /><ApplicableClasses><ClassName>IfcDiscreteAccessory/RAIL_LUBRICATION</ClassName></ApplicableClasses><ApplicableTypeValue>IfcDiscreteAccessory/RAIL_LUBRICATION</ApplicableTypeValue><PropertyDefs><PropertyDef ifdguid="bf4d47b9188d4cfdaa72ca7efa3915f4"><Name>PositionInTrack</Name><Definition>Indicates the relative position of the element in track, which lies to the left or right as facing in the direction of increasing stationing values.</Definition><PropertyType><TypePropertyEnumeratedValue><EnumList name="PEnum_RelativePosition"><EnumItem>LEFT</EnumItem><EnumItem>RIGHT</EnumItem><EnumItem>MIDDLE</EnumItem><EnumItem>OTHER</EnumItem><EnumItem>NOTKNOWN</EnumItem><EnumItem>UNSET</EnumItem></EnumList><ConstantList><ConstantDef><Name>LEFT</Name><Definition>Positioned to the left.</Definition><NameAliases /><DefinitionAliases /></ConstantDef><ConstantDef><Name>RIGHT</Name><Definition>Positioned to the right.</Definition><NameAliases /><DefinitionAliases /></ConstantDef><ConstantDef><Name>MIDDLE</Name><Definition>Positioned in the middle.</Definition><NameAliases /><DefinitionAliases /></ConstantDef><ConstantDef><Name>OTHER</Name><Definition>required category not on scale</Definition><NameAliases><NameAlias lang="en">(other)</NameAlias></NameAliases><DefinitionAliases><DefinitionAlias lang="en">Value is not listed.</DefinitionAlias></DefinitionAliases></ConstantDef><ConstantDef><Name>NOTKNOWN</Name><Definition>Value is unkown</Definition><NameAliases><NameAlias lang="en">(unknown)</NameAlias></NameAliases><DefinitionAliases><DefinitionAlias lang="en">Value is unknown.</DefinitionAlias></DefinitionAliases></ConstantDef><ConstantDef><Name>UNSET</Name><Definition>Value has not been specified</Definition><NameAliases><NameAlias lang="en">(unset)</NameAlias></NameAliases><DefinitionAliases><DefinitionAlias lang="en">Value has not been specified.</DefinitionAlias></DefinitionAliases></ConstantDef></ConstantList></TypePropertyEnumeratedValue></PropertyType><NameAliases /><DefinitionAliases /></PropertyDef><PropertyDef ifdguid="02bb63acffce4a5daad9fd1617bf5d32"><Name>MaximumNoiseEmissions</Name><Definition>Maximum noise emissions limit at this location.</Definition><PropertyType><TypePropertySingleValue><DataType type="IfcSoundPowerLevelMeasure" /></TypePropertySingleValue></PropertyType><NameAliases /><DefinitionAliases /></PropertyDef><PropertyDef ifdguid="a441354d84794aab8d2f7ff4d1df5979"><Name>LubricationSystemType</Name><Definition>Design and type of lubricating system e.g. active, passive.</Definition><PropertyType><TypePropertyEnumeratedValue><EnumList name="PEnum_LubricationSystemType"><EnumItem>ACTIVE_LUBRICATION</EnumItem><EnumItem>PASSIVE_LUBRICATION</EnumItem><EnumItem>OTHER</EnumItem><EnumItem>NOTKNOWN</EnumItem><EnumItem>UNSET</EnumItem></EnumList><ConstantList><ConstantDef><Name>ACTIVE_LUBRICATION</Name><Definition>Active lubrication method.</Definition><NameAliases /><DefinitionAliases /></ConstantDef><ConstantDef><Name>PASSIVE_LUBRICATION</Name><Definition>Passive lubrication method.</Definition><NameAliases /><DefinitionAliases /></ConstantDef><ConstantDef><Name>OTHER</Name><Definition>required category not on scale</Definition><NameAliases><NameAlias lang="en">(other)</NameAlias></NameAliases><DefinitionAliases><DefinitionAlias lang="en">Value is not listed.</DefinitionAlias></DefinitionAliases></ConstantDef><ConstantDef><Name>NOTKNOWN</Name><Definition>Value is unkown</Definition><NameAliases><NameAlias lang="en">(unknown)</NameAlias></NameAliases><DefinitionAliases><DefinitionAlias lang="en">Value is unknown.</DefinitionAlias></DefinitionAliases></ConstantDef><ConstantDef><Name>UNSET</Name><Definition>Value has not been specified</Definition><NameAliases><NameAlias lang="en">(unset)</NameAlias></NameAliases><DefinitionAliases><DefinitionAlias lang="en">Value has not been specified.</DefinitionAlias></DefinitionAliases></ConstantDef></ConstantList></TypePropertyEnumeratedValue></PropertyType><NameAliases /><DefinitionAliases /></PropertyDef><PropertyDef ifdguid="8748695a10fb495ca20aaacbba36e0fd"><Name>LubricationPowerSupplyType</Name><Definition>Type of power supply method used by the rail lubrication.</Definition><PropertyType><TypePropertyEnumeratedValue><EnumList name="PEnum_LubricationPowerSupply"><EnumItem>ELECTRIC</EnumItem><EnumItem>PHOTOVOLTAIC</EnumItem><EnumItem>OTHER</EnumItem><EnumItem>NOTKNOWN</EnumItem><EnumItem>UNSET</EnumItem></EnumList><ConstantList><ConstantDef><Name>ELECTRIC</Name><NameAliases /><DefinitionAliases /></ConstantDef><ConstantDef><Name>PHOTOVOLTAIC</Name><NameAliases /><DefinitionAliases /></ConstantDef><ConstantDef><Name>OTHER</Name><Definition>required category not on scale</Definition><NameAliases><NameAlias lang="en">(other)</NameAlias></NameAliases><DefinitionAliases><DefinitionAlias lang="en">Value is not listed.</DefinitionAlias></DefinitionAliases></ConstantDef><ConstantDef><Name>NOTKNOWN</Name><Definition>Value is unkown</Definition><NameAliases><NameAlias lang="en">(unknown)</NameAlias></NameAliases><DefinitionAliases><DefinitionAlias lang="en">Value is unknown.</DefinitionAlias></DefinitionAliases></ConstantDef><ConstantDef><Name>UNSET</Name><Definition>Value has not been specified</Definition><NameAliases><NameAlias lang="en">(unset)</NameAlias></NameAliases><DefinitionAliases><DefinitionAlias lang="en">Value has not been specified.</DefinitionAlias></DefinitionAliases></ConstantDef></ConstantList></TypePropertyEnumeratedValue></PropertyType><NameAliases /><DefinitionAliases /></PropertyDef></PropertyDefs><PsetDefinitionAliases /></PropertySetDef>