﻿<?xml version="1.0" encoding="utf-8"?><PropertySetDef xmlns:xsi="http://www.w3.org/2001/XMLSchema-instance" xmlns:xsd="http://www.w3.org/2001/XMLSchema" ifdguid="9e2dd780d1d111e1800000215ad4efdf" templatetype="PSET_TYPEDRIVENOVERRIDE" xsi:noNamespaceSchemaLocation="http://buildingSMART-tech.org/xml/psd/PSD_IFC4.xsd" xmlns="http://buildingSMART-tech.org/xml/psd/PSD_IFC4.xsd"><IfcVersion version="IFC4X4" /><Name>Pset_DamperTypeControlDamper</Name><Definition>Control damper type attributes.
Pset renamed from Pset_DamperTypeControl to Pset_DamperTypeControlDamper in IFC2x2 Pset Addendum.</Definition><Applicability /><ApplicableClasses><ClassName>IfcDamper/CONTROLDAMPER</ClassName></ApplicableClasses><ApplicableTypeValue>IfcDamper/CONTROLDAMPER</ApplicableTypeValue><PropertyDefs><PropertyDef ifdguid="a38b2200d1d111e1800000215ad4efdf"><Name>TorqueRange</Name><Definition>Torque range: minimum operational torque to maximum allowable torque.</Definition><PropertyType><TypePropertyBoundedValue><DataType type="IfcTorqueMeasure" /></TypePropertyBoundedValue></PropertyType><NameAliases><NameAlias lang="en">Torque Range</NameAlias></NameAliases><DefinitionAliases><DefinitionAlias lang="en" /></DefinitionAliases></PropertyDef><PropertyDef ifdguid="aa199980d1d111e1800000215ad4efdf"><Name>ControlDamperOperation</Name><Definition>The inherent characteristic of the control damper operation.</Definition><PropertyType><TypePropertyEnumeratedValue><EnumList name="PEnum_ControlDamperOperation"><EnumItem>LINEAR</EnumItem><EnumItem>EXPONENTIAL</EnumItem><EnumItem>OTHER</EnumItem><EnumItem>NOTKNOWN</EnumItem><EnumItem>UNSET</EnumItem></EnumList><ConstantList><ConstantDef><Name>LINEAR</Name><NameAliases><NameAlias lang="en">Linear</NameAlias></NameAliases><DefinitionAliases /></ConstantDef><ConstantDef><Name>EXPONENTIAL</Name><NameAliases><NameAlias lang="en">Exponential</NameAlias></NameAliases><DefinitionAliases /></ConstantDef><ConstantDef><Name>OTHER</Name><Definition>required category not on scale</Definition><NameAliases><NameAlias lang="en">(other)</NameAlias></NameAliases><DefinitionAliases><DefinitionAlias lang="en">Value is not listed.</DefinitionAlias></DefinitionAliases></ConstantDef><ConstantDef><Name>NOTKNOWN</Name><Definition>Value is unkown</Definition><NameAliases><NameAlias lang="en">(unknown)</NameAlias></NameAliases><DefinitionAliases><DefinitionAlias lang="en">Value is unknown.</DefinitionAlias></DefinitionAliases></ConstantDef><ConstantDef><Name>UNSET</Name><Definition>Value has not been specified</Definition><NameAliases><NameAlias lang="en">(unset)</NameAlias></NameAliases><DefinitionAliases><DefinitionAlias lang="en">Value has not been specified.</DefinitionAlias></DefinitionAliases></ConstantDef></ConstantList></TypePropertyEnumeratedValue></PropertyType><NameAliases><NameAlias lang="en">Control Damper Operation</NameAlias></NameAliases><DefinitionAliases><DefinitionAlias lang="en" /></DefinitionAliases></PropertyDef></PropertyDefs><PsetDefinitionAliases><PsetDefinitionAlias lang="en" /></PsetDefinitionAliases></PropertySetDef>