﻿<?xml version="1.0" encoding="utf-8"?><PropertySetDef xmlns:xsi="http://www.w3.org/2001/XMLSchema-instance" xmlns:xsd="http://www.w3.org/2001/XMLSchema" ifdguid="abdd6000d1c511e1800000215ad4efdf" templatetype="PSET_OCCURRENCEDRIVEN" xsi:noNamespaceSchemaLocation="http://buildingSMART-tech.org/xml/psd/PSD_IFC4.xsd" xmlns="http://buildingSMART-tech.org/xml/psd/PSD_IFC4.xsd"><IfcVersion version="IFC4X4" /><Name>Pset_BuildingSystemCommon</Name><Definition>Properties common to the definition of building systems.</Definition><Applicability /><ApplicableClasses><ClassName>IfcBuildingSystem</ClassName></ApplicableClasses><ApplicableTypeValue>IfcBuildingSystem</ApplicableTypeValue><PropertyDefs><PropertyDef ifdguid="b13aaa80d1c511e1800000215ad4efdf"><Name>Reference</Name><Definition>Reference ID for this specified instance of building system in this project (e.g. 'TRA/EL1'), The reference values depend on the local code of practice.</Definition><PropertyType><TypePropertySingleValue><DataType type="IfcIdentifier" /></TypePropertySingleValue></PropertyType><NameAliases><NameAlias lang="de-DE">Kennzeichen</NameAlias><NameAlias lang="en">Reference</NameAlias><NameAlias lang="ja-JP">参照記号</NameAlias><NameAlias lang="zh-CN">参考号</NameAlias></NameAliases><DefinitionAliases><DefinitionAlias lang="de-DE">Kennzeichen für diese bauliche System in dem Projekt (z.B. 'TRA/EL1'). Die Kennzeichensystematik hängt von den jeweiligen nationalen/regionalen Regelungen ab.</DefinitionAlias><DefinitionAlias lang="en" /><DefinitionAlias lang="ja-JP">このプロジェクトにおける建物システムの指定されたインスタンスの参照記号</DefinitionAlias><DefinitionAlias lang="zh-CN">该项目中该特定建筑系统实例的参考编号（例如，“TRA/EL1”）。该属性值由当地编码规范决定。</DefinitionAlias></DefinitionAliases></PropertyDef></PropertyDefs><PsetDefinitionAliases><PsetDefinitionAlias lang="en" /><PsetDefinitionAlias lang="ja-JP">建物システムの共通プロパティ定義</PsetDefinitionAlias><PsetDefinitionAlias lang="zh-CN">所有建筑系统的定义中通用的属性。</PsetDefinitionAlias></PsetDefinitionAliases></PropertySetDef>