﻿<?xml version="1.0" encoding="utf-8"?><PropertySetDef xmlns:xsi="http://www.w3.org/2001/XMLSchema-instance" xmlns:xsd="http://www.w3.org/2001/XMLSchema" ifdguid="34bec080d1f311e1800000215ad4efdf" templatetype="PSET_TYPEDRIVENOVERRIDE" xsi:noNamespaceSchemaLocation="http://buildingSMART-tech.org/xml/psd/PSD_IFC4.xsd" xmlns="http://buildingSMART-tech.org/xml/psd/PSD_IFC4.xsd"><IfcVersion version="IFC4X4" /><Name>Pset_PipeFittingTypeJunction</Name><Definition>Pipe fitting type attributes for junction shapes.</Definition><Applicability /><ApplicableClasses><ClassName>IfcPipeFitting/JUNCTION</ClassName></ApplicableClasses><ApplicableTypeValue>IfcPipeFitting/JUNCTION</ApplicableTypeValue><PropertyDefs><PropertyDef ifdguid="39837480d1f311e1800000215ad4efdf"><Name>JunctionType</Name><Definition>The type of junction. TEE=3 ports, CROSS = 4 ports.</Definition><PropertyType><TypePropertyEnumeratedValue><EnumList name="PEnum_PipeFittingJunctionType"><EnumItem>TEE</EnumItem><EnumItem>CROSS</EnumItem><EnumItem>OTHER</EnumItem><EnumItem>NOTKNOWN</EnumItem><EnumItem>UNSET</EnumItem></EnumList><ConstantList><ConstantDef><Name>TEE</Name><NameAliases><NameAlias lang="en">Tee</NameAlias></NameAliases><DefinitionAliases /></ConstantDef><ConstantDef><Name>CROSS</Name><NameAliases><NameAlias lang="en">Cross</NameAlias></NameAliases><DefinitionAliases /></ConstantDef><ConstantDef><Name>OTHER</Name><Definition>required category not on scale</Definition><NameAliases><NameAlias lang="en">(other)</NameAlias></NameAliases><DefinitionAliases><DefinitionAlias lang="en">Value is not listed.</DefinitionAlias></DefinitionAliases></ConstantDef><ConstantDef><Name>NOTKNOWN</Name><Definition>Value is unkown</Definition><NameAliases><NameAlias lang="en">(unknown)</NameAlias></NameAliases><DefinitionAliases><DefinitionAlias lang="en">Value is unknown.</DefinitionAlias></DefinitionAliases></ConstantDef><ConstantDef><Name>UNSET</Name><Definition>Value has not been specified</Definition><NameAliases><NameAlias lang="en">(unset)</NameAlias></NameAliases><DefinitionAliases><DefinitionAlias lang="en">Value has not been specified.</DefinitionAlias></DefinitionAliases></ConstantDef></ConstantList></TypePropertyEnumeratedValue></PropertyType><NameAliases><NameAlias lang="en">Junction Type</NameAlias><NameAlias lang="ja-JP">継ぎ手タイプ</NameAlias></NameAliases><DefinitionAliases><DefinitionAlias lang="en" /><DefinitionAlias lang="ja-JP">接合のタイプ　(T継ぎ手は3本　十字継ぎ手は4本)</DefinitionAlias></DefinitionAliases></PropertyDef><PropertyDef ifdguid="4607cd00d1f311e1800000215ad4efdf"><Name>JunctionLeftAngle</Name><Definition>The change of direction of flow for the left junction.</Definition><PropertyType><TypePropertySingleValue><DataType type="IfcPositivePlaneAngleMeasure" /></TypePropertySingleValue></PropertyType><NameAliases><NameAlias lang="en">Junction Left Angle</NameAlias><NameAlias lang="ja-JP">左継ぎ手角度</NameAlias></NameAliases><DefinitionAliases><DefinitionAlias lang="en" /><DefinitionAlias lang="ja-JP">左継ぎ手の流れの方向の変化</DefinitionAlias></DefinitionAliases></PropertyDef><PropertyDef ifdguid="4acc8100d1f311e1800000215ad4efdf"><Name>JunctionLeftRadius</Name><Definition>The radius of bending for the left junction.</Definition><PropertyType><TypePropertySingleValue><DataType type="IfcPositiveLengthMeasure" /></TypePropertySingleValue></PropertyType><NameAliases><NameAlias lang="en">Junction Left Radius</NameAlias><NameAlias lang="ja-JP">左継ぎ手半径</NameAlias></NameAliases><DefinitionAliases><DefinitionAlias lang="en" /><DefinitionAlias lang="ja-JP">左継ぎ手の曲がりの半径</DefinitionAlias></DefinitionAliases></PropertyDef><PropertyDef ifdguid="5324bc00d1f311e1800000215ad4efdf"><Name>JunctionRightAngle</Name><Definition>The change of direction of flow for the right junction where 0 indicates straight segment.</Definition><PropertyType><TypePropertySingleValue><DataType type="IfcPositivePlaneAngleMeasure" /></TypePropertySingleValue></PropertyType><NameAliases><NameAlias lang="en">Junction Right Angle</NameAlias><NameAlias lang="ja-JP">右継ぎ手角度</NameAlias></NameAliases><DefinitionAliases><DefinitionAlias lang="en" /><DefinitionAlias lang="ja-JP">右継ぎ手の流れの方向の変化</DefinitionAlias></DefinitionAliases></PropertyDef><PropertyDef ifdguid="57e97000d1f311e1800000215ad4efdf"><Name>JunctionRightRadius</Name><Definition>The radius of bending for the right junction where 0 indicates sharp bend.</Definition><PropertyType><TypePropertySingleValue><DataType type="IfcPositiveLengthMeasure" /></TypePropertySingleValue></PropertyType><NameAliases><NameAlias lang="en">Junction Right Radius</NameAlias><NameAlias lang="ja-JP">右継ぎ手半径</NameAlias></NameAliases><DefinitionAliases><DefinitionAlias lang="en" /><DefinitionAlias lang="ja-JP">右継ぎ手の曲がりの半径(ゼロは鋭い曲がりを意味する)</DefinitionAlias></DefinitionAliases></PropertyDef></PropertyDefs><PsetDefinitionAliases><PsetDefinitionAlias lang="en" /></PsetDefinitionAliases></PropertySetDef>