﻿<?xml version="1.0" encoding="utf-8"?><PropertySetDef xmlns:xsi="http://www.w3.org/2001/XMLSchema-instance" xmlns:xsd="http://www.w3.org/2001/XMLSchema" ifdguid="91e0ddf4d6ba45e3b689a10510bef4bc" templatetype="PSET_TYPEDRIVENOVERRIDE" xsi:noNamespaceSchemaLocation="http://buildingSMART-tech.org/xml/psd/PSD_IFC4.xsd" xmlns="http://buildingSMART-tech.org/xml/psd/PSD_IFC4.xsd"><IfcVersion version="IFC4X4" /><Name>Pset_Risk</Name><Definition>An indication of exposure to mischance, peril, menace, hazard or loss. Documentation of a potential hazard, likelihood and consequence aligned with AS/NZS 4360 and BS PAS 1192-6:2017, which can be assigned to or associated with a product, activity and/or location. Alternatively it may be assigned to an ISO 3864 annotation symbol.

&amp;gt; HISTORY: Extended in IFC2x3, Revised IFC4x3 

There are various types of risk that may be encountered and there may be several instances of Pset_Risk associated to an instance or type.</Definition><Applicability /><ApplicableClasses><ClassName>IfcProcess</ClassName><ClassName>IfcProduct</ClassName><ClassName>IfcGroup</ClassName></ApplicableClasses><ApplicableTypeValue>IfcProcess,IfcProduct,IfcGroup</ApplicableTypeValue><PropertyDefs><PropertyDef ifdguid="2a61adb47fe94a12a790b4a5a292f94c"><Name>RiskName</Name><Definition>A locally unique identifier for the risk entry that can be used to track the development and mitiagtion of the risk throughout the project life cycle</Definition><PropertyType><TypePropertySingleValue><DataType type="IfcLabel" /></TypePropertySingleValue></PropertyType><NameAliases /><DefinitionAliases /></PropertyDef><PropertyDef ifdguid="53651ee9f81d4642abbd27656122671a"><Name>RiskType</Name><Definition>Identifies the predefined types of risk from which the type required may be set.</Definition><PropertyType><TypePropertyEnumeratedValue><EnumList name="PEnum_RiskType"><EnumItem>BUSINESS</EnumItem><EnumItem>HAZARD</EnumItem><EnumItem>HEALTHANDSAFETY</EnumItem><EnumItem>INSURANCE</EnumItem><EnumItem>OTHER</EnumItem><EnumItem>NOTKNOWN</EnumItem><EnumItem>UNSET</EnumItem><EnumItem>HEALTHISSUE</EnumItem><EnumItem>MATERIALEFFECTS</EnumItem><EnumItem>ASBESTOSEFFECTS</EnumItem><EnumItem>LEADEFFECTS</EnumItem><EnumItem>HAZARDOUSDUST</EnumItem><EnumItem>WOODDUST</EnumItem><EnumItem>SILICADUST</EnumItem><EnumItem>CHEMICALEFFECTS</EnumItem><EnumItem>MECHANICALEFFECTS</EnumItem><EnumItem>NOISE_EFFECTS</EnumItem><EnumItem>TOOLUSAGE</EnumItem><EnumItem>VIBRATION</EnumItem><EnumItem>WELFAREISSUE</EnumItem><EnumItem>SAFETYISSUE</EnumItem><EnumItem>FALL</EnumItem><EnumItem>FALL_LADDER</EnumItem><EnumItem>FALLEDGE</EnumItem><EnumItem>FALLSCAFFOLD</EnumItem><EnumItem>FALLFRAGILEMATERIAL</EnumItem><EnumItem>SLIPTRIP</EnumItem><EnumItem>TRAPPED</EnumItem><EnumItem>CONFINEMENT</EnumItem><EnumItem>UNINTENDEDCOLLAPSE</EnumItem><EnumItem>CRUSHING</EnumItem><EnumItem>ASPHIXIATION</EnumItem><EnumItem>DROWNINGANDFLOODING</EnumItem><EnumItem>EVENT</EnumItem><EnumItem>ELECTRICSHOCK</EnumItem><EnumItem>FIRE_EXPLOSION</EnumItem><EnumItem>MACHINERYGUARDING</EnumItem><EnumItem>HANDLING</EnumItem><EnumItem>MATERIALSHANDLING</EnumItem><EnumItem>MECHANICAL_LIFTING</EnumItem><EnumItem>MOBILE_ELEVATEDWORKPLATFORM</EnumItem><EnumItem>WORKINGOVERHEAD</EnumItem><EnumItem>STRUCK</EnumItem><EnumItem>STRUCKFALLINFOBJECT</EnumItem><EnumItem>STRUCKVEHICLE</EnumItem><EnumItem>OVERTURINGPLANT</EnumItem><EnumItem>PUBLICPROTECTIONISSUES</EnumItem><EnumItem>ENVIRONMENTALISSUES</EnumItem><EnumItem>BUSINESSISSUES</EnumItem><EnumItem>COMMERICALISSUES</EnumItem><EnumItem>INSURANCE_ISSUES</EnumItem><EnumItem>OPERATIONALISSUES</EnumItem><EnumItem>SOCIALISSUES</EnumItem><EnumItem>OTHERISSUES</EnumItem></EnumList><ConstantList><ConstantDef><Name>BUSINESS</Name><NameAliases><NameAlias lang="en">Business</NameAlias></NameAliases><DefinitionAliases /></ConstantDef><ConstantDef><Name>HAZARD</Name><NameAliases><NameAlias lang="en">Hazard</NameAlias></NameAliases><DefinitionAliases /></ConstantDef><ConstantDef><Name>HEALTHANDSAFETY</Name><NameAliases><NameAlias lang="en">Health and Safety</NameAlias></NameAliases><DefinitionAliases /></ConstantDef><ConstantDef><Name>INSURANCE</Name><NameAliases><NameAlias lang="en">Insurance</NameAlias></NameAliases><DefinitionAliases /></ConstantDef><ConstantDef><Name>OTHER</Name><Definition>required category not on scale</Definition><NameAliases><NameAlias lang="en">(other)</NameAlias></NameAliases><DefinitionAliases><DefinitionAlias lang="en">Value is not listed.</DefinitionAlias></DefinitionAliases></ConstantDef><ConstantDef><Name>NOTKNOWN</Name><Definition>Value is unkown</Definition><NameAliases><NameAlias lang="en">(unknown)</NameAlias></NameAliases><DefinitionAliases><DefinitionAlias lang="en">Value is unknown.</DefinitionAlias></DefinitionAliases></ConstantDef><ConstantDef><Name>UNSET</Name><Definition>Value has not been specified</Definition><NameAliases><NameAlias lang="en">(unset)</NameAlias></NameAliases><DefinitionAliases><DefinitionAlias lang="en">Value has not been specified.</DefinitionAlias></DefinitionAliases></ConstantDef><ConstantDef><Name>HEALTHISSUE</Name><NameAliases><NameAlias lang="en">Health issue</NameAlias></NameAliases><DefinitionAliases /></ConstantDef><ConstantDef><Name>MATERIALEFFECTS</Name><NameAliases><NameAlias lang="en">Material effects</NameAlias></NameAliases><DefinitionAliases /></ConstantDef><ConstantDef><Name>ASBESTOSEFFECTS</Name><NameAliases><NameAlias lang="en">Asbestos effects</NameAlias></NameAliases><DefinitionAliases /></ConstantDef><ConstantDef><Name>LEADEFFECTS</Name><NameAliases><NameAlias lang="en">Lead effects</NameAlias></NameAliases><DefinitionAliases /></ConstantDef><ConstantDef><Name>HAZARDOUSDUST</Name><NameAliases><NameAlias lang="en">Hazardous dust</NameAlias></NameAliases><DefinitionAliases /></ConstantDef><ConstantDef><Name>WOODDUST</Name><NameAliases><NameAlias lang="en">Wood dust</NameAlias></NameAliases><DefinitionAliases /></ConstantDef><ConstantDef><Name>SILICADUST</Name><NameAliases><NameAlias lang="en">Silica dust</NameAlias></NameAliases><DefinitionAliases /></ConstantDef><ConstantDef><Name>CHEMICALEFFECTS</Name><NameAliases><NameAlias lang="en">Chemical effects</NameAlias></NameAliases><DefinitionAliases /></ConstantDef><ConstantDef><Name>MECHANICALEFFECTS</Name><NameAliases><NameAlias lang="en">Mechanical effects</NameAlias></NameAliases><DefinitionAliases /></ConstantDef><ConstantDef><Name>NOISE_EFFECTS</Name><NameAliases><NameAlias lang="en">Noise effects</NameAlias></NameAliases><DefinitionAliases /></ConstantDef><ConstantDef><Name>TOOLUSAGE</Name><NameAliases><NameAlias lang="en">Tool usage</NameAlias></NameAliases><DefinitionAliases /></ConstantDef><ConstantDef><Name>VIBRATION</Name><NameAliases><NameAlias lang="en">Vibration</NameAlias></NameAliases><DefinitionAliases /></ConstantDef><ConstantDef><Name>WELFAREISSUE</Name><NameAliases><NameAlias lang="en">Welfare issue</NameAlias></NameAliases><DefinitionAliases /></ConstantDef><ConstantDef><Name>SAFETYISSUE</Name><NameAliases><NameAlias lang="en">Safety issue</NameAlias></NameAliases><DefinitionAliases /></ConstantDef><ConstantDef><Name>FALL</Name><NameAliases><NameAlias lang="en">Fall</NameAlias></NameAliases><DefinitionAliases /></ConstantDef><ConstantDef><Name>FALL_LADDER</Name><NameAliases><NameAlias lang="en">Fall from ladder</NameAlias></NameAliases><DefinitionAliases /></ConstantDef><ConstantDef><Name>FALLEDGE</Name><NameAliases><NameAlias lang="en">Fall from open edge</NameAlias></NameAliases><DefinitionAliases /></ConstantDef><ConstantDef><Name>FALLSCAFFOLD</Name><NameAliases><NameAlias lang="en">Fall from scaffold</NameAlias></NameAliases><DefinitionAliases /></ConstantDef><ConstantDef><Name>FALLFRAGILEMATERIAL</Name><NameAliases><NameAlias lang="en">Fall through fragile material</NameAlias></NameAliases><DefinitionAliases /></ConstantDef><ConstantDef><Name>SLIPTRIP</Name><NameAliases><NameAlias lang="en">Slip or trip on the same level</NameAlias></NameAliases><DefinitionAliases /></ConstantDef><ConstantDef><Name>TRAPPED</Name><NameAliases><NameAlias lang="en">Trapped</NameAlias></NameAliases><DefinitionAliases /></ConstantDef><ConstantDef><Name>CONFINEMENT</Name><NameAliases><NameAlias lang="en">Confinement</NameAlias></NameAliases><DefinitionAliases /></ConstantDef><ConstantDef><Name>UNINTENDEDCOLLAPSE</Name><NameAliases><NameAlias lang="en">Unintended collapse</NameAlias></NameAliases><DefinitionAliases /></ConstantDef><ConstantDef><Name>CRUSHING</Name><NameAliases><NameAlias lang="en">Crushed by excavation</NameAlias></NameAliases><DefinitionAliases /></ConstantDef><ConstantDef><Name>ASPHIXIATION</Name><NameAliases><NameAlias lang="en">Asphixiation</NameAlias></NameAliases><DefinitionAliases /></ConstantDef><ConstantDef><Name>DROWNINGANDFLOODING</Name><NameAliases><NameAlias lang="en">Drowning and flooding</NameAlias></NameAliases><DefinitionAliases /></ConstantDef><ConstantDef><Name>EVENT</Name><NameAliases><NameAlias lang="en">Event</NameAlias></NameAliases><DefinitionAliases /></ConstantDef><ConstantDef><Name>ELECTRICSHOCK</Name><NameAliases><NameAlias lang="en">Electric shock</NameAlias></NameAliases><DefinitionAliases /></ConstantDef><ConstantDef><Name>FIRE_EXPLOSION</Name><NameAliases><NameAlias lang="en">Fire/explosion</NameAlias></NameAliases><DefinitionAliases /></ConstantDef><ConstantDef><Name>MACHINERYGUARDING</Name><NameAliases><NameAlias lang="en">Machinery Guarding</NameAlias></NameAliases><DefinitionAliases /></ConstantDef><ConstantDef><Name>HANDLING</Name><NameAliases><NameAlias lang="en">Handling</NameAlias></NameAliases><DefinitionAliases /></ConstantDef><ConstantDef><Name>MATERIALSHANDLING</Name><NameAliases><NameAlias lang="en">Materials handling including manual handling</NameAlias></NameAliases><DefinitionAliases /></ConstantDef><ConstantDef><Name>MECHANICAL_LIFTING</Name><NameAliases><NameAlias lang="en">Mechanical lifting operations</NameAlias></NameAliases><DefinitionAliases /></ConstantDef><ConstantDef><Name>MOBILE_ELEVATEDWORKPLATFORM</Name><NameAliases><NameAlias lang="en">Mobile Elevating Work Platform operations</NameAlias></NameAliases><DefinitionAliases /></ConstantDef><ConstantDef><Name>WORKINGOVERHEAD</Name><NameAliases><NameAlias lang="en">Working overhead</NameAlias></NameAliases><DefinitionAliases /></ConstantDef><ConstantDef><Name>STRUCK</Name><NameAliases><NameAlias lang="en">Struck</NameAlias></NameAliases><DefinitionAliases /></ConstantDef><ConstantDef><Name>STRUCKFALLINFOBJECT</Name><NameAliases><NameAlias lang="en">Struck by falling object</NameAlias></NameAliases><DefinitionAliases /></ConstantDef><ConstantDef><Name>STRUCKVEHICLE</Name><NameAliases><NameAlias lang="en">Struck by moving vehicle</NameAlias></NameAliases><DefinitionAliases /></ConstantDef><ConstantDef><Name>OVERTURINGPLANT</Name><NameAliases><NameAlias lang="en">Overturning plant or moving machinery</NameAlias></NameAliases><DefinitionAliases /></ConstantDef><ConstantDef><Name>PUBLICPROTECTIONISSUES</Name><NameAliases><NameAlias lang="en">Public protection issues</NameAlias></NameAliases><DefinitionAliases /></ConstantDef><ConstantDef><Name>ENVIRONMENTALISSUES</Name><NameAliases><NameAlias lang="en">Environmental issues</NameAlias></NameAliases><DefinitionAliases /></ConstantDef><ConstantDef><Name>BUSINESSISSUES</Name><NameAliases><NameAlias lang="en">Business Issues</NameAlias></NameAliases><DefinitionAliases /></ConstantDef><ConstantDef><Name>COMMERICALISSUES</Name><NameAliases><NameAlias lang="en">Commercial issues</NameAlias></NameAliases><DefinitionAliases /></ConstantDef><ConstantDef><Name>INSURANCE_ISSUES</Name><NameAliases><NameAlias lang="en">Insurance Issues</NameAlias></NameAliases><DefinitionAliases /></ConstantDef><ConstantDef><Name>OPERATIONALISSUES</Name><NameAliases><NameAlias lang="en">Operational issues</NameAlias></NameAliases><DefinitionAliases /></ConstantDef><ConstantDef><Name>SOCIALISSUES</Name><NameAliases><NameAlias lang="en">Social issues</NameAlias></NameAliases><DefinitionAliases /></ConstantDef><ConstantDef><Name>OTHERISSUES</Name><NameAliases><NameAlias lang="en">Other issues</NameAlias></NameAliases><DefinitionAliases /></ConstantDef></ConstantList></TypePropertyEnumeratedValue></PropertyType><NameAliases /><DefinitionAliases /></PropertyDef><PropertyDef ifdguid="18f2ceabc94b4e6ba45cec5d9ffa8337"><Name>NatureOfRisk</Name><Definition>A description of the generic nature of the context or hazard that might be encountered.</Definition><PropertyType><TypePropertySingleValue><DataType type="IfcLabel" /></TypePropertySingleValue></PropertyType><NameAliases /><DefinitionAliases /></PropertyDef><PropertyDef ifdguid="0932f5c6091d4726b0de6e8232c2a6c9"><Name>RiskAssessmentMethodology</Name><Definition>An indication or link to the chosen risk assessment methodology, for example PAS1192-6 or a chosen ISO13100 annex.</Definition><PropertyType><TypePropertySingleValue><DataType type="IfcLabel" /></TypePropertySingleValue></PropertyType><NameAliases /><DefinitionAliases /></PropertyDef><PropertyDef ifdguid="56943fdc02b0457f8a3f74be9f086ca4"><Name>UnmitigatedRiskLikelihood</Name><Definition>Identifies the likelihood of the hazard prior to any specific mitigation.</Definition><PropertyType><TypePropertyEnumeratedValue><EnumList name="PEnum_RiskRating"><EnumItem>CRITICAL</EnumItem><EnumItem>VERYHIGH</EnumItem><EnumItem>HIGH</EnumItem><EnumItem>CONSIDERABLE</EnumItem><EnumItem>MODERATE</EnumItem><EnumItem>SOME</EnumItem><EnumItem>LOW</EnumItem><EnumItem>VERYLOW</EnumItem><EnumItem>INSIGNIFICANT</EnumItem><EnumItem>OTHER</EnumItem><EnumItem>NOTKNOWN</EnumItem><EnumItem>UNSET</EnumItem></EnumList><ConstantList><ConstantDef><Name>CRITICAL</Name><Definition>Critical risk</Definition><NameAliases><NameAlias lang="en">Critical</NameAlias></NameAliases><DefinitionAliases /></ConstantDef><ConstantDef><Name>VERYHIGH</Name><Definition>Very high risk</Definition><NameAliases><NameAlias lang="en">Veryhigh</NameAlias></NameAliases><DefinitionAliases /></ConstantDef><ConstantDef><Name>HIGH</Name><Definition>High risk</Definition><NameAliases><NameAlias lang="en">High</NameAlias></NameAliases><DefinitionAliases /></ConstantDef><ConstantDef><Name>CONSIDERABLE</Name><Definition>Considerable risk</Definition><NameAliases><NameAlias lang="en">Considerable</NameAlias></NameAliases><DefinitionAliases /></ConstantDef><ConstantDef><Name>MODERATE</Name><Definition>Moderate risk</Definition><NameAliases><NameAlias lang="en">Moderate</NameAlias></NameAliases><DefinitionAliases /></ConstantDef><ConstantDef><Name>SOME</Name><Definition>Some risk</Definition><NameAliases><NameAlias lang="en">Some</NameAlias></NameAliases><DefinitionAliases /></ConstantDef><ConstantDef><Name>LOW</Name><Definition>Low risk</Definition><NameAliases><NameAlias lang="en">Low</NameAlias></NameAliases><DefinitionAliases /></ConstantDef><ConstantDef><Name>VERYLOW</Name><Definition>Very low risk</Definition><NameAliases><NameAlias lang="en">Verylow</NameAlias></NameAliases><DefinitionAliases /></ConstantDef><ConstantDef><Name>INSIGNIFICANT</Name><Definition>Insignificant risk</Definition><NameAliases><NameAlias lang="en">Insignificant</NameAlias></NameAliases><DefinitionAliases /></ConstantDef><ConstantDef><Name>OTHER</Name><Definition>required category not on scale</Definition><NameAliases><NameAlias lang="en">(other)</NameAlias></NameAliases><DefinitionAliases><DefinitionAlias lang="en">Value is not listed.</DefinitionAlias></DefinitionAliases></ConstantDef><ConstantDef><Name>NOTKNOWN</Name><Definition>Value is unkown</Definition><NameAliases><NameAlias lang="en">(unknown)</NameAlias></NameAliases><DefinitionAliases><DefinitionAlias lang="en">Value is unknown.</DefinitionAlias></DefinitionAliases></ConstantDef><ConstantDef><Name>UNSET</Name><Definition>Value has not been specified</Definition><NameAliases><NameAlias lang="en">(unset)</NameAlias></NameAliases><DefinitionAliases><DefinitionAlias lang="en">Value has not been specified.</DefinitionAlias></DefinitionAliases></ConstantDef></ConstantList></TypePropertyEnumeratedValue></PropertyType><NameAliases /><DefinitionAliases /></PropertyDef><PropertyDef ifdguid="7724a35044ca4f79a8f870c83d86b883"><Name>UnmitigatedRiskConsequence</Name><Definition>Identifies the consequence of the hazard prior to any specific mitigation.</Definition><PropertyType><TypePropertyEnumeratedValue><EnumList name="PEnum_RiskRating"><EnumItem>CRITICAL</EnumItem><EnumItem>VERYHIGH</EnumItem><EnumItem>HIGH</EnumItem><EnumItem>CONSIDERABLE</EnumItem><EnumItem>MODERATE</EnumItem><EnumItem>SOME</EnumItem><EnumItem>LOW</EnumItem><EnumItem>VERYLOW</EnumItem><EnumItem>INSIGNIFICANT</EnumItem><EnumItem>OTHER</EnumItem><EnumItem>NOTKNOWN</EnumItem><EnumItem>UNSET</EnumItem></EnumList><ConstantList><ConstantDef><Name>CRITICAL</Name><Definition>Critical risk</Definition><NameAliases><NameAlias lang="en">Critical</NameAlias></NameAliases><DefinitionAliases /></ConstantDef><ConstantDef><Name>VERYHIGH</Name><Definition>Very high risk</Definition><NameAliases><NameAlias lang="en">Veryhigh</NameAlias></NameAliases><DefinitionAliases /></ConstantDef><ConstantDef><Name>HIGH</Name><Definition>High risk</Definition><NameAliases><NameAlias lang="en">High</NameAlias></NameAliases><DefinitionAliases /></ConstantDef><ConstantDef><Name>CONSIDERABLE</Name><Definition>Considerable risk</Definition><NameAliases><NameAlias lang="en">Considerable</NameAlias></NameAliases><DefinitionAliases /></ConstantDef><ConstantDef><Name>MODERATE</Name><Definition>Moderate risk</Definition><NameAliases><NameAlias lang="en">Moderate</NameAlias></NameAliases><DefinitionAliases /></ConstantDef><ConstantDef><Name>SOME</Name><Definition>Some risk</Definition><NameAliases><NameAlias lang="en">Some</NameAlias></NameAliases><DefinitionAliases /></ConstantDef><ConstantDef><Name>LOW</Name><Definition>Low risk</Definition><NameAliases><NameAlias lang="en">Low</NameAlias></NameAliases><DefinitionAliases /></ConstantDef><ConstantDef><Name>VERYLOW</Name><Definition>Very low risk</Definition><NameAliases><NameAlias lang="en">Verylow</NameAlias></NameAliases><DefinitionAliases /></ConstantDef><ConstantDef><Name>INSIGNIFICANT</Name><Definition>Insignificant risk</Definition><NameAliases><NameAlias lang="en">Insignificant</NameAlias></NameAliases><DefinitionAliases /></ConstantDef><ConstantDef><Name>OTHER</Name><Definition>required category not on scale</Definition><NameAliases><NameAlias lang="en">(other)</NameAlias></NameAliases><DefinitionAliases><DefinitionAlias lang="en">Value is not listed.</DefinitionAlias></DefinitionAliases></ConstantDef><ConstantDef><Name>NOTKNOWN</Name><Definition>Value is unkown</Definition><NameAliases><NameAlias lang="en">(unknown)</NameAlias></NameAliases><DefinitionAliases><DefinitionAlias lang="en">Value is unknown.</DefinitionAlias></DefinitionAliases></ConstantDef><ConstantDef><Name>UNSET</Name><Definition>Value has not been specified</Definition><NameAliases><NameAlias lang="en">(unset)</NameAlias></NameAliases><DefinitionAliases><DefinitionAlias lang="en">Value has not been specified.</DefinitionAlias></DefinitionAliases></ConstantDef></ConstantList></TypePropertyEnumeratedValue></PropertyType><NameAliases /><DefinitionAliases /></PropertyDef><PropertyDef ifdguid="2810074d990a4edc9d3dade96c37188c"><Name>UnmitigatedRiskSignificance</Name><Definition>Identifies the signifiance of the risk given the likelihood and consequence prior to any specific mitigation.</Definition><PropertyType><TypePropertyEnumeratedValue><EnumList name="PEnum_RiskRating"><EnumItem>CRITICAL</EnumItem><EnumItem>VERYHIGH</EnumItem><EnumItem>HIGH</EnumItem><EnumItem>CONSIDERABLE</EnumItem><EnumItem>MODERATE</EnumItem><EnumItem>SOME</EnumItem><EnumItem>LOW</EnumItem><EnumItem>VERYLOW</EnumItem><EnumItem>INSIGNIFICANT</EnumItem><EnumItem>OTHER</EnumItem><EnumItem>NOTKNOWN</EnumItem><EnumItem>UNSET</EnumItem></EnumList><ConstantList><ConstantDef><Name>CRITICAL</Name><Definition>Critical risk</Definition><NameAliases><NameAlias lang="en">Critical</NameAlias></NameAliases><DefinitionAliases /></ConstantDef><ConstantDef><Name>VERYHIGH</Name><Definition>Very high risk</Definition><NameAliases><NameAlias lang="en">Veryhigh</NameAlias></NameAliases><DefinitionAliases /></ConstantDef><ConstantDef><Name>HIGH</Name><Definition>High risk</Definition><NameAliases><NameAlias lang="en">High</NameAlias></NameAliases><DefinitionAliases /></ConstantDef><ConstantDef><Name>CONSIDERABLE</Name><Definition>Considerable risk</Definition><NameAliases><NameAlias lang="en">Considerable</NameAlias></NameAliases><DefinitionAliases /></ConstantDef><ConstantDef><Name>MODERATE</Name><Definition>Moderate risk</Definition><NameAliases><NameAlias lang="en">Moderate</NameAlias></NameAliases><DefinitionAliases /></ConstantDef><ConstantDef><Name>SOME</Name><Definition>Some risk</Definition><NameAliases><NameAlias lang="en">Some</NameAlias></NameAliases><DefinitionAliases /></ConstantDef><ConstantDef><Name>LOW</Name><Definition>Low risk</Definition><NameAliases><NameAlias lang="en">Low</NameAlias></NameAliases><DefinitionAliases /></ConstantDef><ConstantDef><Name>VERYLOW</Name><Definition>Very low risk</Definition><NameAliases><NameAlias lang="en">Verylow</NameAlias></NameAliases><DefinitionAliases /></ConstantDef><ConstantDef><Name>INSIGNIFICANT</Name><Definition>Insignificant risk</Definition><NameAliases><NameAlias lang="en">Insignificant</NameAlias></NameAliases><DefinitionAliases /></ConstantDef><ConstantDef><Name>OTHER</Name><Definition>required category not on scale</Definition><NameAliases><NameAlias lang="en">(other)</NameAlias></NameAliases><DefinitionAliases><DefinitionAlias lang="en">Value is not listed.</DefinitionAlias></DefinitionAliases></ConstantDef><ConstantDef><Name>NOTKNOWN</Name><Definition>Value is unkown</Definition><NameAliases><NameAlias lang="en">(unknown)</NameAlias></NameAliases><DefinitionAliases><DefinitionAlias lang="en">Value is unknown.</DefinitionAlias></DefinitionAliases></ConstantDef><ConstantDef><Name>UNSET</Name><Definition>Value has not been specified</Definition><NameAliases><NameAlias lang="en">(unset)</NameAlias></NameAliases><DefinitionAliases><DefinitionAlias lang="en">Value has not been specified.</DefinitionAlias></DefinitionAliases></ConstantDef></ConstantList></TypePropertyEnumeratedValue></PropertyType><NameAliases /><DefinitionAliases /></PropertyDef><PropertyDef ifdguid="74c4def10786450d8a8831d9bee31b83"><Name>MitigationPlanned</Name><Definition>The planned (agreed and irrevocable) mitigation of the likelhood and consequences of the hazard.</Definition><PropertyType><TypePropertySingleValue><DataType type="IfcLabel" /></TypePropertySingleValue></PropertyType><NameAliases /><DefinitionAliases /></PropertyDef><PropertyDef ifdguid="b0ac39a3f38c4b0185fcc16095d21c7f"><Name>MitigatedRiskLikelihood</Name><Definition>Identifies the likelihood of the hazard given the planned mitigation.</Definition><PropertyType><TypePropertyEnumeratedValue><EnumList name="PEnum_RiskRating"><EnumItem>CRITICAL</EnumItem><EnumItem>VERYHIGH</EnumItem><EnumItem>HIGH</EnumItem><EnumItem>CONSIDERABLE</EnumItem><EnumItem>MODERATE</EnumItem><EnumItem>SOME</EnumItem><EnumItem>LOW</EnumItem><EnumItem>VERYLOW</EnumItem><EnumItem>INSIGNIFICANT</EnumItem><EnumItem>OTHER</EnumItem><EnumItem>NOTKNOWN</EnumItem><EnumItem>UNSET</EnumItem></EnumList><ConstantList><ConstantDef><Name>CRITICAL</Name><Definition>Critical risk</Definition><NameAliases><NameAlias lang="en">Critical</NameAlias></NameAliases><DefinitionAliases /></ConstantDef><ConstantDef><Name>VERYHIGH</Name><Definition>Very high risk</Definition><NameAliases><NameAlias lang="en">Veryhigh</NameAlias></NameAliases><DefinitionAliases /></ConstantDef><ConstantDef><Name>HIGH</Name><Definition>High risk</Definition><NameAliases><NameAlias lang="en">High</NameAlias></NameAliases><DefinitionAliases /></ConstantDef><ConstantDef><Name>CONSIDERABLE</Name><Definition>Considerable risk</Definition><NameAliases><NameAlias lang="en">Considerable</NameAlias></NameAliases><DefinitionAliases /></ConstantDef><ConstantDef><Name>MODERATE</Name><Definition>Moderate risk</Definition><NameAliases><NameAlias lang="en">Moderate</NameAlias></NameAliases><DefinitionAliases /></ConstantDef><ConstantDef><Name>SOME</Name><Definition>Some risk</Definition><NameAliases><NameAlias lang="en">Some</NameAlias></NameAliases><DefinitionAliases /></ConstantDef><ConstantDef><Name>LOW</Name><Definition>Low risk</Definition><NameAliases><NameAlias lang="en">Low</NameAlias></NameAliases><DefinitionAliases /></ConstantDef><ConstantDef><Name>VERYLOW</Name><Definition>Very low risk</Definition><NameAliases><NameAlias lang="en">Verylow</NameAlias></NameAliases><DefinitionAliases /></ConstantDef><ConstantDef><Name>INSIGNIFICANT</Name><Definition>Insignificant risk</Definition><NameAliases><NameAlias lang="en">Insignificant</NameAlias></NameAliases><DefinitionAliases /></ConstantDef><ConstantDef><Name>OTHER</Name><Definition>required category not on scale</Definition><NameAliases><NameAlias lang="en">(other)</NameAlias></NameAliases><DefinitionAliases><DefinitionAlias lang="en">Value is not listed.</DefinitionAlias></DefinitionAliases></ConstantDef><ConstantDef><Name>NOTKNOWN</Name><Definition>Value is unkown</Definition><NameAliases><NameAlias lang="en">(unknown)</NameAlias></NameAliases><DefinitionAliases><DefinitionAlias lang="en">Value is unknown.</DefinitionAlias></DefinitionAliases></ConstantDef><ConstantDef><Name>UNSET</Name><Definition>Value has not been specified</Definition><NameAliases><NameAlias lang="en">(unset)</NameAlias></NameAliases><DefinitionAliases><DefinitionAlias lang="en">Value has not been specified.</DefinitionAlias></DefinitionAliases></ConstantDef></ConstantList></TypePropertyEnumeratedValue></PropertyType><NameAliases /><DefinitionAliases /></PropertyDef><PropertyDef ifdguid="8f5b5cc8a816491daae368c217b0d210"><Name>MitigatedRiskConsequence</Name><Definition>Identifies the consequence of the hazard given the planned mitigation.</Definition><PropertyType><TypePropertyEnumeratedValue><EnumList name="PEnum_RiskRating"><EnumItem>CRITICAL</EnumItem><EnumItem>VERYHIGH</EnumItem><EnumItem>HIGH</EnumItem><EnumItem>CONSIDERABLE</EnumItem><EnumItem>MODERATE</EnumItem><EnumItem>SOME</EnumItem><EnumItem>LOW</EnumItem><EnumItem>VERYLOW</EnumItem><EnumItem>INSIGNIFICANT</EnumItem><EnumItem>OTHER</EnumItem><EnumItem>NOTKNOWN</EnumItem><EnumItem>UNSET</EnumItem></EnumList><ConstantList><ConstantDef><Name>CRITICAL</Name><Definition>Critical risk</Definition><NameAliases><NameAlias lang="en">Critical</NameAlias></NameAliases><DefinitionAliases /></ConstantDef><ConstantDef><Name>VERYHIGH</Name><Definition>Very high risk</Definition><NameAliases><NameAlias lang="en">Veryhigh</NameAlias></NameAliases><DefinitionAliases /></ConstantDef><ConstantDef><Name>HIGH</Name><Definition>High risk</Definition><NameAliases><NameAlias lang="en">High</NameAlias></NameAliases><DefinitionAliases /></ConstantDef><ConstantDef><Name>CONSIDERABLE</Name><Definition>Considerable risk</Definition><NameAliases><NameAlias lang="en">Considerable</NameAlias></NameAliases><DefinitionAliases /></ConstantDef><ConstantDef><Name>MODERATE</Name><Definition>Moderate risk</Definition><NameAliases><NameAlias lang="en">Moderate</NameAlias></NameAliases><DefinitionAliases /></ConstantDef><ConstantDef><Name>SOME</Name><Definition>Some risk</Definition><NameAliases><NameAlias lang="en">Some</NameAlias></NameAliases><DefinitionAliases /></ConstantDef><ConstantDef><Name>LOW</Name><Definition>Low risk</Definition><NameAliases><NameAlias lang="en">Low</NameAlias></NameAliases><DefinitionAliases /></ConstantDef><ConstantDef><Name>VERYLOW</Name><Definition>Very low risk</Definition><NameAliases><NameAlias lang="en">Verylow</NameAlias></NameAliases><DefinitionAliases /></ConstantDef><ConstantDef><Name>INSIGNIFICANT</Name><Definition>Insignificant risk</Definition><NameAliases><NameAlias lang="en">Insignificant</NameAlias></NameAliases><DefinitionAliases /></ConstantDef><ConstantDef><Name>OTHER</Name><Definition>required category not on scale</Definition><NameAliases><NameAlias lang="en">(other)</NameAlias></NameAliases><DefinitionAliases><DefinitionAlias lang="en">Value is not listed.</DefinitionAlias></DefinitionAliases></ConstantDef><ConstantDef><Name>NOTKNOWN</Name><Definition>Value is unkown</Definition><NameAliases><NameAlias lang="en">(unknown)</NameAlias></NameAliases><DefinitionAliases><DefinitionAlias lang="en">Value is unknown.</DefinitionAlias></DefinitionAliases></ConstantDef><ConstantDef><Name>UNSET</Name><Definition>Value has not been specified</Definition><NameAliases><NameAlias lang="en">(unset)</NameAlias></NameAliases><DefinitionAliases><DefinitionAlias lang="en">Value has not been specified.</DefinitionAlias></DefinitionAliases></ConstantDef></ConstantList></TypePropertyEnumeratedValue></PropertyType><NameAliases /><DefinitionAliases /></PropertyDef><PropertyDef ifdguid="e48d6babae8843cd985203b84d33dc40"><Name>MitigatedRiskSignificance</Name><Definition>Identifies the signifiance of the risk given the mitigation of likelihood and consequence.</Definition><PropertyType><TypePropertyEnumeratedValue><EnumList name="PEnum_RiskRating"><EnumItem>CRITICAL</EnumItem><EnumItem>VERYHIGH</EnumItem><EnumItem>HIGH</EnumItem><EnumItem>CONSIDERABLE</EnumItem><EnumItem>MODERATE</EnumItem><EnumItem>SOME</EnumItem><EnumItem>LOW</EnumItem><EnumItem>VERYLOW</EnumItem><EnumItem>INSIGNIFICANT</EnumItem><EnumItem>OTHER</EnumItem><EnumItem>NOTKNOWN</EnumItem><EnumItem>UNSET</EnumItem></EnumList><ConstantList><ConstantDef><Name>CRITICAL</Name><Definition>Critical risk</Definition><NameAliases><NameAlias lang="en">Critical</NameAlias></NameAliases><DefinitionAliases /></ConstantDef><ConstantDef><Name>VERYHIGH</Name><Definition>Very high risk</Definition><NameAliases><NameAlias lang="en">Veryhigh</NameAlias></NameAliases><DefinitionAliases /></ConstantDef><ConstantDef><Name>HIGH</Name><Definition>High risk</Definition><NameAliases><NameAlias lang="en">High</NameAlias></NameAliases><DefinitionAliases /></ConstantDef><ConstantDef><Name>CONSIDERABLE</Name><Definition>Considerable risk</Definition><NameAliases><NameAlias lang="en">Considerable</NameAlias></NameAliases><DefinitionAliases /></ConstantDef><ConstantDef><Name>MODERATE</Name><Definition>Moderate risk</Definition><NameAliases><NameAlias lang="en">Moderate</NameAlias></NameAliases><DefinitionAliases /></ConstantDef><ConstantDef><Name>SOME</Name><Definition>Some risk</Definition><NameAliases><NameAlias lang="en">Some</NameAlias></NameAliases><DefinitionAliases /></ConstantDef><ConstantDef><Name>LOW</Name><Definition>Low risk</Definition><NameAliases><NameAlias lang="en">Low</NameAlias></NameAliases><DefinitionAliases /></ConstantDef><ConstantDef><Name>VERYLOW</Name><Definition>Very low risk</Definition><NameAliases><NameAlias lang="en">Verylow</NameAlias></NameAliases><DefinitionAliases /></ConstantDef><ConstantDef><Name>INSIGNIFICANT</Name><Definition>Insignificant risk</Definition><NameAliases><NameAlias lang="en">Insignificant</NameAlias></NameAliases><DefinitionAliases /></ConstantDef><ConstantDef><Name>OTHER</Name><Definition>required category not on scale</Definition><NameAliases><NameAlias lang="en">(other)</NameAlias></NameAliases><DefinitionAliases><DefinitionAlias lang="en">Value is not listed.</DefinitionAlias></DefinitionAliases></ConstantDef><ConstantDef><Name>NOTKNOWN</Name><Definition>Value is unkown</Definition><NameAliases><NameAlias lang="en">(unknown)</NameAlias></NameAliases><DefinitionAliases><DefinitionAlias lang="en">Value is unknown.</DefinitionAlias></DefinitionAliases></ConstantDef><ConstantDef><Name>UNSET</Name><Definition>Value has not been specified</Definition><NameAliases><NameAlias lang="en">(unset)</NameAlias></NameAliases><DefinitionAliases><DefinitionAlias lang="en">Value has not been specified.</DefinitionAlias></DefinitionAliases></ConstantDef></ConstantList></TypePropertyEnumeratedValue></PropertyType><NameAliases /><DefinitionAliases /></PropertyDef><PropertyDef ifdguid="0a3da282d70243248c22f964519aa0de"><Name>MitigationProposed</Name><Definition>Any proposed, but not yet agreed and irrevocable, mitigation of the likelhood and consequences of the hazard.</Definition><PropertyType><TypePropertySingleValue><DataType type="IfcLabel" /></TypePropertySingleValue></PropertyType><NameAliases /><DefinitionAliases /></PropertyDef><PropertyDef ifdguid="432690e38f4044c39d0a7691ac65c4c3"><Name>AssociatedProduct</Name><Definition>An indication or link to any associated product or material that may trigger the hazard. If used directly on an annotation or semantic object. for an alternative see group use encording template</Definition><PropertyType><TypePropertySingleValue><DataType type="IfcLabel" /></TypePropertySingleValue></PropertyType><NameAliases /><DefinitionAliases /></PropertyDef><PropertyDef ifdguid="8a3c59a6eee34dbd84183e0b8749d92c"><Name>AssociatedActivity</Name><Definition>An indication or link to any associated activity or process that may trigger the hazard. If used directly on an annotation or semantic object. for an alternative see group use encording template</Definition><PropertyType><TypePropertySingleValue><DataType type="IfcLabel" /></TypePropertySingleValue></PropertyType><NameAliases /><DefinitionAliases /></PropertyDef><PropertyDef ifdguid="147db099a93c44fb896f5aa2c8efbe8d"><Name>AssociatedLocation</Name><Definition>An indication or link to any associated location or space that may trigger the hazard. If used directly on an annotation or semantic object. for an alternative see group use encording template</Definition><PropertyType><TypePropertySingleValue><DataType type="IfcLabel" /></TypePropertySingleValue></PropertyType><NameAliases /><DefinitionAliases /></PropertyDef></PropertyDefs><PsetDefinitionAliases /></PropertySetDef>