﻿<?xml version="1.0" encoding="utf-8"?><PropertySetDef xmlns:xsi="http://www.w3.org/2001/XMLSchema-instance" xmlns:xsd="http://www.w3.org/2001/XMLSchema" ifdguid="5f4d5100d1d411e1800000215ad4efdf" templatetype="PSET_TYPEDRIVENOVERRIDE" xsi:noNamespaceSchemaLocation="http://buildingSMART-tech.org/xml/psd/PSD_IFC4.xsd" xmlns="http://buildingSMART-tech.org/xml/psd/PSD_IFC4.xsd"><IfcVersion version="IFC4X4" /><Name>Pset_DistributionChamberElementTypeSump</Name><Definition>Recess or small chamber into which liquid is drained to facilitate its removal.</Definition><Applicability /><ApplicableClasses><ClassName>IfcDistributionChamberElement/SUMP</ClassName></ApplicableClasses><ApplicableTypeValue>IfcDistributionChamberElement/SUMP</ApplicableTypeValue><PropertyDefs><PropertyDef ifdguid="64aa9b80d1d411e1800000215ad4efdf"><Name>Length</Name><Definition>The length of the sump.</Definition><PropertyType><TypePropertySingleValue><DataType type="IfcPositiveLengthMeasure" /></TypePropertySingleValue></PropertyType><NameAliases><NameAlias lang="en">Length</NameAlias><NameAlias lang="ja-JP">長さ</NameAlias><NameAlias lang="ko-KR">길이</NameAlias></NameAliases><DefinitionAliases><DefinitionAlias lang="en" /><DefinitionAlias lang="ja-JP">排水チャンバーの長さ。</DefinitionAlias><DefinitionAlias lang="ko-KR">배수 챔버의 길이</DefinitionAlias></DefinitionAliases></PropertyDef><PropertyDef ifdguid="6aa07c80d1d411e1800000215ad4efdf"><Name>Width</Name><Definition>The width of the sump.</Definition><PropertyType><TypePropertySingleValue><DataType type="IfcPositiveLengthMeasure" /></TypePropertySingleValue></PropertyType><NameAliases><NameAlias lang="en">Width</NameAlias><NameAlias lang="ja-JP">幅</NameAlias><NameAlias lang="ko-KR">폭</NameAlias></NameAliases><DefinitionAliases><DefinitionAlias lang="en" /><DefinitionAlias lang="ja-JP">排水チャンバーの幅。</DefinitionAlias><DefinitionAlias lang="ko-KR">배수 챔버의 폭</DefinitionAlias></DefinitionAliases></PropertyDef><PropertyDef ifdguid="70965d80d1d411e1800000215ad4efdf"><Name>InvertLevel</Name><Definition>The lowest point in the cross section of the sump.</Definition><PropertyType><TypePropertySingleValue><DataType type="IfcPositiveLengthMeasure" /></TypePropertySingleValue></PropertyType><NameAliases><NameAlias lang="en">Invert Level</NameAlias><NameAlias lang="ja-JP">最大深さ</NameAlias><NameAlias lang="ko-KR">최대 깊이</NameAlias></NameAliases><DefinitionAliases><DefinitionAlias lang="en" /><DefinitionAlias lang="ja-JP">断面の最も低い部分の深さ（地面から）。</DefinitionAlias><DefinitionAlias lang="ko-KR">단면의 가장 낮은 부분의 깊이 (지상에서)</DefinitionAlias></DefinitionAliases></PropertyDef></PropertyDefs><PsetDefinitionAliases><PsetDefinitionAlias lang="en" /><PsetDefinitionAlias lang="ja-JP">排水チャンバー（ピット）に関する属性情報。</PsetDefinitionAlias></PsetDefinitionAliases></PropertySetDef>