﻿<?xml version="1.0" encoding="utf-8"?><PropertySetDef xmlns:xsi="http://www.w3.org/2001/XMLSchema-instance" xmlns:xsd="http://www.w3.org/2001/XMLSchema" ifdguid="41f6e212345443fd229a68e45fd425f7" templatetype="PSET_TYPEDRIVENOVERRIDE" xsi:noNamespaceSchemaLocation="http://buildingSMART-tech.org/xml/psd/PSD_IFC4.xsd" xmlns="http://buildingSMART-tech.org/xml/psd/PSD_IFC4.xsd"><IfcVersion version="IFC4X4" /><Name>Pset_CableSegmentTypeFiberSegment</Name><Definition>Properties of fiber segments. This property set is applicable to a type or occurence of _IfcCableSegment_ with predefined type FIBERSEGMENT.</Definition><Applicability /><ApplicableClasses><ClassName>IfcCableSegment/FIBERSEGMENT</ClassName></ApplicableClasses><ApplicableTypeValue>IfcCableSegment/FIBERSEGMENT</ApplicableTypeValue><PropertyDefs><PropertyDef ifdguid="51a101cb0a064eb4b6733cb075ea04fe"><Name>FiberColour</Name><Definition>Indicates the colour of a single fiber.</Definition><PropertyType><TypePropertyEnumeratedValue><EnumList name="PEnum_FiberColour"><EnumItem>AQUA</EnumItem><EnumItem>BLACK</EnumItem><EnumItem>BLUE</EnumItem><EnumItem>BROWN</EnumItem><EnumItem>GREEN</EnumItem><EnumItem>ORANGE</EnumItem><EnumItem>RED</EnumItem><EnumItem>ROSE</EnumItem><EnumItem>SLATE</EnumItem><EnumItem>VIOLET</EnumItem><EnumItem>WHITE</EnumItem><EnumItem>YELLOW</EnumItem><EnumItem>OTHER</EnumItem><EnumItem>NOTKNOWN</EnumItem><EnumItem>UNSET</EnumItem></EnumList><ConstantList><ConstantDef><Name>AQUA</Name><NameAliases><NameAlias lang="en">Aqua</NameAlias></NameAliases><DefinitionAliases /></ConstantDef><ConstantDef><Name>BLACK</Name><NameAliases><NameAlias lang="en">Black</NameAlias></NameAliases><DefinitionAliases /></ConstantDef><ConstantDef><Name>BLUE</Name><NameAliases><NameAlias lang="en">Blue</NameAlias></NameAliases><DefinitionAliases /></ConstantDef><ConstantDef><Name>BROWN</Name><NameAliases><NameAlias lang="en">Brown</NameAlias></NameAliases><DefinitionAliases /></ConstantDef><ConstantDef><Name>GREEN</Name><NameAliases><NameAlias lang="en">Green</NameAlias></NameAliases><DefinitionAliases /></ConstantDef><ConstantDef><Name>ORANGE</Name><NameAliases><NameAlias lang="en">Orange</NameAlias></NameAliases><DefinitionAliases /></ConstantDef><ConstantDef><Name>RED</Name><NameAliases><NameAlias lang="en">Red</NameAlias></NameAliases><DefinitionAliases /></ConstantDef><ConstantDef><Name>ROSE</Name><NameAliases><NameAlias lang="en">Rose</NameAlias></NameAliases><DefinitionAliases /></ConstantDef><ConstantDef><Name>SLATE</Name><NameAliases><NameAlias lang="en">Slate</NameAlias></NameAliases><DefinitionAliases /></ConstantDef><ConstantDef><Name>VIOLET</Name><NameAliases><NameAlias lang="en">Violet</NameAlias></NameAliases><DefinitionAliases /></ConstantDef><ConstantDef><Name>WHITE</Name><NameAliases><NameAlias lang="en">White</NameAlias></NameAliases><DefinitionAliases /></ConstantDef><ConstantDef><Name>YELLOW</Name><NameAliases><NameAlias lang="en">Yellow</NameAlias></NameAliases><DefinitionAliases /></ConstantDef><ConstantDef><Name>OTHER</Name><Definition>required category not on scale</Definition><NameAliases><NameAlias lang="en">(other)</NameAlias></NameAliases><DefinitionAliases><DefinitionAlias lang="en">Value is not listed.</DefinitionAlias></DefinitionAliases></ConstantDef><ConstantDef><Name>NOTKNOWN</Name><Definition>Value is unkown</Definition><NameAliases><NameAlias lang="en">(unknown)</NameAlias></NameAliases><DefinitionAliases><DefinitionAlias lang="en">Value is unknown.</DefinitionAlias></DefinitionAliases></ConstantDef><ConstantDef><Name>UNSET</Name><Definition>Value has not been specified</Definition><NameAliases><NameAlias lang="en">(unset)</NameAlias></NameAliases><DefinitionAliases><DefinitionAlias lang="en">Value has not been specified.</DefinitionAlias></DefinitionAliases></ConstantDef></ConstantList></TypePropertyEnumeratedValue></PropertyType><NameAliases /><DefinitionAliases /></PropertyDef><PropertyDef ifdguid="64ca3f5b4d0b4f2b8ed74909e873c170"><Name>HasTightJacket</Name><Definition>Indicates whether the fiber has a tight jacket or not.</Definition><PropertyType><TypePropertySingleValue><DataType type="IfcBoolean" /></TypePropertySingleValue></PropertyType><NameAliases /><DefinitionAliases /></PropertyDef><PropertyDef ifdguid="c3ae019c48954823813525cdee2e4b3d"><Name>FiberType</Name><Definition>Indicates the type of the single fiber.</Definition><PropertyType><TypePropertyEnumeratedValue><EnumList name="PEnum_FiberType"><EnumItem>STANDARDSINGLEMODEFIBER</EnumItem><EnumItem>LOWWATERPEAKFIBER</EnumItem><EnumItem>DISPERSIONSHIFTEDFIBER</EnumItem><EnumItem>CUTOFFSHIFTEDFIBER</EnumItem><EnumItem>NON_ZERODISPERSIONSHIFTEDFIBER</EnumItem><EnumItem>BEND_INSENSITIVEFIBER</EnumItem><EnumItem>OM1</EnumItem><EnumItem>OM2</EnumItem><EnumItem>OM3</EnumItem><EnumItem>OM4</EnumItem><EnumItem>OM5</EnumItem><EnumItem>OTHER</EnumItem><EnumItem>NOTKNOWN</EnumItem><EnumItem>UNSET</EnumItem></EnumList><ConstantList><ConstantDef><Name>STANDARDSINGLEMODEFIBER</Name><Definition>Standard single mode fiber.</Definition><NameAliases /><DefinitionAliases /></ConstantDef><ConstantDef><Name>LOWWATERPEAKFIBER</Name><Definition>Low water peak fiber.</Definition><NameAliases /><DefinitionAliases /></ConstantDef><ConstantDef><Name>DISPERSIONSHIFTEDFIBER</Name><Definition>Dispersion shifted fiber.</Definition><NameAliases /><DefinitionAliases /></ConstantDef><ConstantDef><Name>CUTOFFSHIFTEDFIBER</Name><Definition>Cut off shifted fiber.</Definition><NameAliases /><DefinitionAliases /></ConstantDef><ConstantDef><Name>NON_ZERODISPERSIONSHIFTEDFIBER</Name><Definition>Non zero dispersion shifted fiber.</Definition><NameAliases /><DefinitionAliases /></ConstantDef><ConstantDef><Name>BEND_INSENSITIVEFIBER</Name><Definition>Bend insensitive fiber.</Definition><NameAliases /><DefinitionAliases /></ConstantDef><ConstantDef><Name>OM1</Name><Definition>Optical multimode fiber 1.</Definition><NameAliases /><DefinitionAliases /></ConstantDef><ConstantDef><Name>OM2</Name><Definition>Optical multimode fiber 2.</Definition><NameAliases /><DefinitionAliases /></ConstantDef><ConstantDef><Name>OM3</Name><Definition>Optical multimode fiber 3.</Definition><NameAliases /><DefinitionAliases /></ConstantDef><ConstantDef><Name>OM4</Name><Definition>Optical multimode fiber 4.</Definition><NameAliases /><DefinitionAliases /></ConstantDef><ConstantDef><Name>OM5</Name><Definition>Optical multimode fiber 5.</Definition><NameAliases /><DefinitionAliases /></ConstantDef><ConstantDef><Name>OTHER</Name><Definition>required category not on scale</Definition><NameAliases><NameAlias lang="en">(other)</NameAlias></NameAliases><DefinitionAliases><DefinitionAlias lang="en">Value is not listed.</DefinitionAlias></DefinitionAliases></ConstantDef><ConstantDef><Name>NOTKNOWN</Name><Definition>Value is unkown</Definition><NameAliases><NameAlias lang="en">(unknown)</NameAlias></NameAliases><DefinitionAliases><DefinitionAlias lang="en">Value is unknown.</DefinitionAlias></DefinitionAliases></ConstantDef><ConstantDef><Name>UNSET</Name><Definition>Value has not been specified</Definition><NameAliases><NameAlias lang="en">(unset)</NameAlias></NameAliases><DefinitionAliases><DefinitionAlias lang="en">Value has not been specified.</DefinitionAlias></DefinitionAliases></ConstantDef></ConstantList></TypePropertyEnumeratedValue></PropertyType><NameAliases /><DefinitionAliases /></PropertyDef></PropertyDefs><PsetDefinitionAliases /></PropertySetDef>