﻿<?xml version="1.0" encoding="utf-8"?><PropertySetDef xmlns:xsi="http://www.w3.org/2001/XMLSchema-instance" xmlns:xsd="http://www.w3.org/2001/XMLSchema" ifdguid="e6f6664ed504408abc5dce712b66d3fa" templatetype="PSET_TYPEDRIVENOVERRIDE" xsi:noNamespaceSchemaLocation="http://buildingSMART-tech.org/xml/psd/PSD_IFC4.xsd" xmlns="http://buildingSMART-tech.org/xml/psd/PSD_IFC4.xsd"><IfcVersion version="IFC4X4" /><Name>Pset_ConstructionAdministration</Name><Definition>Properties for Construction Administration. Often used for facility and asset management.</Definition><Applicability /><ApplicableClasses><ClassName>IfcElement</ClassName></ApplicableClasses><ApplicableTypeValue>IfcElement</ApplicableTypeValue><PropertyDefs><PropertyDef ifdguid="118cb133bd4a41c98da5dddd016018f6"><Name>ProcurementMethod</Name><Definition>The method by which an IfcProductType/IfcProduct is acquired and installed. The value provided shall be one of the following four character acronyms: “CFCI” (meaning Contractor Furnished Contractor Installed), “OFCI” (meaning Owner Furnished Contractor Installed), or “OFOI” (meaning Owner Furnished Owner Installed).</Definition><PropertyType><TypePropertySingleValue><DataType type="IfcLabel" /></TypePropertySingleValue></PropertyType><NameAliases /><DefinitionAliases /></PropertyDef><PropertyDef ifdguid="3f423d8dcdf8404684056de6f1b2a2ba"><Name>SpecificationSectionNumber</Name><Definition>A reference number to an external contract technical specification section describing either (a) minimum performance requirements of a given IfcProductType/IfcProduct or (b) a preselection for a specific IfcProductType/IfcProduct made for this project.</Definition><PropertyType><TypePropertySingleValue><DataType type="IfcLabel" /></TypePropertySingleValue></PropertyType><NameAliases /><DefinitionAliases /></PropertyDef><PropertyDef ifdguid="4517cfb1374d418fb535b8662ab739a4"><Name>SubmittalIdentifer</Name><Definition>The reference number to an external construction administration submittal used by the construction contractor and/or subcontractor to verify that the referenced IfcProductType/IfcProduct selection conforms with the requirements found in the referenced SpecificationSectionNumber.</Definition><PropertyType><TypePropertySingleValue><DataType type="IfcLabel" /></TypePropertySingleValue></PropertyType><NameAliases /><DefinitionAliases /></PropertyDef></PropertyDefs><PsetDefinitionAliases /></PropertySetDef>