﻿<?xml version="1.0" encoding="utf-8"?><PropertySetDef xmlns:xsi="http://www.w3.org/2001/XMLSchema-instance" xmlns:xsd="http://www.w3.org/2001/XMLSchema" ifdguid="ac8ba82ed39e0184a856fa356c131fe6" templatetype="PSET_TYPEDRIVENOVERRIDE" xsi:noNamespaceSchemaLocation="http://buildingSMART-tech.org/xml/psd/PSD_IFC4.xsd" xmlns="http://buildingSMART-tech.org/xml/psd/PSD_IFC4.xsd"><IfcVersion version="IFC4X4" /><Name>Pset_CommunicationsApplianceTypeAutomaton</Name><Definition>Properties common to automaton appliances. This property set is applied to a type or occurrence of _IfcCommunicationsAppliance_ with predefined type of AUTOMATON.</Definition><Applicability /><ApplicableClasses><ClassName>IfcCommunicationsAppliance/AUTOMATON</ClassName></ApplicableClasses><ApplicableTypeValue>IfcCommunicationsAppliance/AUTOMATON</ApplicableTypeValue><PropertyDefs><PropertyDef ifdguid="f0dc7c97ae05436b867d05a0bc953332"><Name>InputSignalType</Name><Definition>The type of the input signal.</Definition><PropertyType><TypePropertyEnumeratedValue><EnumList name="PEnum_InputOutputSignalType"><EnumItem>CURRENT</EnumItem><EnumItem>VOLTAGE</EnumItem><EnumItem>OTHER</EnumItem><EnumItem>NOTKNOWN</EnumItem><EnumItem>UNSET</EnumItem></EnumList><ConstantList><ConstantDef><Name>CURRENT</Name><Definition>Current.</Definition><NameAliases /><DefinitionAliases /></ConstantDef><ConstantDef><Name>VOLTAGE</Name><Definition>Voltage.</Definition><NameAliases /><DefinitionAliases /></ConstantDef><ConstantDef><Name>OTHER</Name><Definition>required category not on scale</Definition><NameAliases><NameAlias lang="en">(other)</NameAlias></NameAliases><DefinitionAliases><DefinitionAlias lang="en">Value is not listed.</DefinitionAlias></DefinitionAliases></ConstantDef><ConstantDef><Name>NOTKNOWN</Name><Definition>Value is unkown</Definition><NameAliases><NameAlias lang="en">(unknown)</NameAlias></NameAliases><DefinitionAliases><DefinitionAlias lang="en">Value is unknown.</DefinitionAlias></DefinitionAliases></ConstantDef><ConstantDef><Name>UNSET</Name><Definition>Value has not been specified</Definition><NameAliases><NameAlias lang="en">(unset)</NameAlias></NameAliases><DefinitionAliases><DefinitionAlias lang="en">Value has not been specified.</DefinitionAlias></DefinitionAliases></ConstantDef></ConstantList></TypePropertyEnumeratedValue></PropertyType><NameAliases /><DefinitionAliases /></PropertyDef><PropertyDef ifdguid="9d5196f7d1aa4dbea43894e011344bb7"><Name>OutputSignalType</Name><Definition>The type of the output signal.</Definition><PropertyType><TypePropertyEnumeratedValue><EnumList name="PEnum_InputOutputSignalType"><EnumItem>CURRENT</EnumItem><EnumItem>VOLTAGE</EnumItem><EnumItem>OTHER</EnumItem><EnumItem>NOTKNOWN</EnumItem><EnumItem>UNSET</EnumItem></EnumList><ConstantList><ConstantDef><Name>CURRENT</Name><Definition>Current.</Definition><NameAliases /><DefinitionAliases /></ConstantDef><ConstantDef><Name>VOLTAGE</Name><Definition>Voltage.</Definition><NameAliases /><DefinitionAliases /></ConstantDef><ConstantDef><Name>OTHER</Name><Definition>required category not on scale</Definition><NameAliases><NameAlias lang="en">(other)</NameAlias></NameAliases><DefinitionAliases><DefinitionAlias lang="en">Value is not listed.</DefinitionAlias></DefinitionAliases></ConstantDef><ConstantDef><Name>NOTKNOWN</Name><Definition>Value is unkown</Definition><NameAliases><NameAlias lang="en">(unknown)</NameAlias></NameAliases><DefinitionAliases><DefinitionAlias lang="en">Value is unknown.</DefinitionAlias></DefinitionAliases></ConstantDef><ConstantDef><Name>UNSET</Name><Definition>Value has not been specified</Definition><NameAliases><NameAlias lang="en">(unset)</NameAlias></NameAliases><DefinitionAliases><DefinitionAlias lang="en">Value has not been specified.</DefinitionAlias></DefinitionAliases></ConstantDef></ConstantList></TypePropertyEnumeratedValue></PropertyType><NameAliases /><DefinitionAliases /></PropertyDef></PropertyDefs><PsetDefinitionAliases /></PropertySetDef>