﻿<?xml version="1.0" encoding="utf-8"?><PropertySetDef xmlns:xsi="http://www.w3.org/2001/XMLSchema-instance" xmlns:xsd="http://www.w3.org/2001/XMLSchema" ifdguid="c082808c481971c94eb8859ea96e778f" templatetype="PSET_TYPEDRIVENOVERRIDE" xsi:noNamespaceSchemaLocation="http://buildingSMART-tech.org/xml/psd/PSD_IFC4.xsd" xmlns="http://buildingSMART-tech.org/xml/psd/PSD_IFC4.xsd"><IfcVersion version="IFC4X4" /><Name>Pset_ElectricFlowStorageDeviceTypeCapacitor</Name><Definition>Properties of capacitors. The property set can be used by the predefined type CAPACITOR of IfcElectricFlowStorageDevice.</Definition><Applicability /><ApplicableClasses><ClassName>IfcElectricFlowStorageDevice/CAPACITOR</ClassName></ApplicableClasses><ApplicableTypeValue>IfcElectricFlowStorageDevice/CAPACITOR</ApplicableTypeValue><PropertyDefs><PropertyDef ifdguid="4b4b3bfcecb54fa78c2f014e518c1f02"><Name>NumberOfPhases</Name><Definition>Number of phases that the equipment operates on.</Definition><PropertyType><TypePropertySingleValue><DataType type="IfcInteger" /></TypePropertySingleValue></PropertyType><NameAliases /><DefinitionAliases /></PropertyDef></PropertyDefs><PsetDefinitionAliases /></PropertySetDef>