﻿<?xml version="1.0" encoding="utf-8"?><PropertySetDef xmlns:xsi="http://www.w3.org/2001/XMLSchema-instance" xmlns:xsd="http://www.w3.org/2001/XMLSchema" ifdguid="6e85cc00d1df11e1800000215ad4efdf" templatetype="PSET_PERFORMANCEDRIVEN" xsi:noNamespaceSchemaLocation="http://buildingSMART-tech.org/xml/psd/PSD_IFC4.xsd" xmlns="http://buildingSMART-tech.org/xml/psd/PSD_IFC4.xsd"><IfcVersion version="IFC4X4" /><Name>Pset_ElectricAppliancePHistory</Name><Definition>Captures realtime information for electric appliances, such as for energy usage.  HISTORY: Added in IFC4.</Definition><Applicability /><ApplicableClasses><ClassName>IfcElectricAppliance</ClassName></ApplicableClasses><ApplicableTypeValue>IfcElectricAppliance</ApplicableTypeValue><PropertyDefs><PropertyDef ifdguid="7180bc80d1df11e1800000215ad4efdf"><Name>PowerState</Name><Definition>Indicates the power state of the device where True is on and False is off.</Definition><PropertyType><TypePropertyReferenceValue reftype="IfcTimeSeries" /></PropertyType><NameAliases><NameAlias lang="en">Power State</NameAlias></NameAliases><DefinitionAliases><DefinitionAlias lang="en" /></DefinitionAliases></PropertyDef></PropertyDefs><PsetDefinitionAliases><PsetDefinitionAlias lang="en" /></PsetDefinitionAliases></PropertySetDef>