﻿<?xml version="1.0" encoding="utf-8"?><PropertySetDef xmlns:xsi="http://www.w3.org/2001/XMLSchema-instance" xmlns:xsd="http://www.w3.org/2001/XMLSchema" ifdguid="ed4d60c768af41b492ca2a098e034cc4" xsi:noNamespaceSchemaLocation="http://buildingSMART-tech.org/xml/psd/PSD_IFC4.xsd" xmlns="http://buildingSMART-tech.org/xml/psd/PSD_IFC4.xsd"><IfcVersion version="IFC4X4" /><Name>Pset_SensorTypeFrostSensor</Name><Definition>A device that senses or detects the presense of frost.</Definition><Applicability /><ApplicableClasses><ClassName>IfcSensor/FROSTSENSOR</ClassName></ApplicableClasses><ApplicableTypeValue>IfcSensor/FROSTSENSOR</ApplicableTypeValue><PropertyDefs><PropertyDef ifdguid="2c68553a248d4030943839a8806ebd51"><Name>SetPointFrost</Name><Definition>The detection of frost.</Definition><PropertyType><TypePropertyBoundedValue><DataType type="IfcPositiveRatioMeasure" /></TypePropertyBoundedValue></PropertyType><NameAliases><NameAlias lang="en">Set Point Frost</NameAlias></NameAliases><DefinitionAliases><DefinitionAlias lang="en" /></DefinitionAliases></PropertyDef></PropertyDefs><PsetDefinitionAliases><PsetDefinitionAlias lang="en" /></PsetDefinitionAliases></PropertySetDef>