﻿<?xml version="1.0" encoding="utf-8"?><PropertySetDef xmlns:xsi="http://www.w3.org/2001/XMLSchema-instance" xmlns:xsd="http://www.w3.org/2001/XMLSchema" ifdguid="c0069a2b47a06e24d63a4a79eb1ce135" templatetype="PSET_TYPEDRIVENOVERRIDE" xsi:noNamespaceSchemaLocation="http://buildingSMART-tech.org/xml/psd/PSD_IFC4.xsd" xmlns="http://buildingSMART-tech.org/xml/psd/PSD_IFC4.xsd"><IfcVersion version="IFC4X4" /><Name>Pset_ElectricalFeederLine</Name><Definition>Properties of conductors used as feeder line. This property set is applicable to a type or occurence of _IfcCableSegment_ with predefined type CONDUCTORSEGMENT.</Definition><Applicability /><ApplicableClasses><ClassName>IfcCableSegment/CONDUCTORSEGMENT</ClassName></ApplicableClasses><ApplicableTypeValue>IfcCableSegment/CONDUCTORSEGMENT</ApplicableTypeValue><PropertyDefs><PropertyDef ifdguid="a56d336272784003b1418d8169f8652f"><Name>CurrentCarryingCapacity</Name><Definition>Maximum value of electric current which can be carried continuously by a conductor, a device or an apparatus, under specified conditions without its steady-state temperature exceeding a  specified value. Based on IEC60826-11-13. NOTE: The temperature specified value is maximum Design Ambient Temperature.</Definition><PropertyType><TypePropertySingleValue><DataType type="IfcElectricCurrentMeasure" /></TypePropertySingleValue></PropertyType><NameAliases><NameAlias lang="en">Current Carrying Capasity</NameAlias></NameAliases><DefinitionAliases><DefinitionAlias lang="en" /></DefinitionAliases></PropertyDef><PropertyDef ifdguid="55fbb56361a24104a0e4b53d8e4cffd5"><Name>DesignAmbientTemperature</Name><Definition>The highest and lowest local ambient temperature likely to be encountered.</Definition><PropertyType><TypePropertyBoundedValue><DataType type="IfcThermodynamicTemperatureMeasure" /></TypePropertyBoundedValue></PropertyType><NameAliases><NameAlias lang="en">Design Ambient Temperature</NameAlias></NameAliases><DefinitionAliases><DefinitionAlias lang="en" /></DefinitionAliases></PropertyDef><PropertyDef ifdguid="e5f06ba174b641c4888e4c628d6d5adf"><Name>ElectricalClearanceDistance</Name><Definition>The distance between two conductive parts along a string stretched the shortest way between these conductive parts. (IEV ref 441-17-31)</Definition><PropertyType><TypePropertySingleValue><DataType type="IfcPositiveLengthMeasure" /></TypePropertySingleValue></PropertyType><NameAliases /><DefinitionAliases /></PropertyDef><PropertyDef ifdguid="c5a118f566ea4e0e9995cedc01536494"><Name>ElectricalFeederType</Name><Definition>Type of electrical feeder.</Definition><PropertyType><TypePropertyEnumeratedValue><EnumList name="PEnum_ElectricalFeederType"><EnumItem>ALONGTRACKFEEDER</EnumItem><EnumItem>BYPASSFEEDER</EnumItem><EnumItem>NEGATIVEFEEDER</EnumItem><EnumItem>POSITIVEFEEDER</EnumItem><EnumItem>REINFORCINGFEEDER</EnumItem><EnumItem>OTHER</EnumItem><EnumItem>NOTKNOWN</EnumItem><EnumItem>UNSET</EnumItem></EnumList><ConstantList><ConstantDef><Name>ALONGTRACKFEEDER</Name><Definition>Along track feeder.</Definition><NameAliases /><DefinitionAliases /></ConstantDef><ConstantDef><Name>BYPASSFEEDER</Name><Definition>Bypass feeder.</Definition><NameAliases /><DefinitionAliases /></ConstantDef><ConstantDef><Name>NEGATIVEFEEDER</Name><Definition>Negative feeder.</Definition><NameAliases /><DefinitionAliases /></ConstantDef><ConstantDef><Name>POSITIVEFEEDER</Name><Definition>Positive feeder.</Definition><NameAliases /><DefinitionAliases /></ConstantDef><ConstantDef><Name>REINFORCINGFEEDER</Name><Definition>Reinforcing feeder.</Definition><NameAliases /><DefinitionAliases /></ConstantDef><ConstantDef><Name>OTHER</Name><Definition>required category not on scale</Definition><NameAliases><NameAlias lang="en">(other)</NameAlias></NameAliases><DefinitionAliases><DefinitionAlias lang="en">Value is not listed.</DefinitionAlias></DefinitionAliases></ConstantDef><ConstantDef><Name>NOTKNOWN</Name><Definition>Value is unkown</Definition><NameAliases><NameAlias lang="en">(unknown)</NameAlias></NameAliases><DefinitionAliases><DefinitionAlias lang="en">Value is unknown.</DefinitionAlias></DefinitionAliases></ConstantDef><ConstantDef><Name>UNSET</Name><Definition>Value has not been specified</Definition><NameAliases><NameAlias lang="en">(unset)</NameAlias></NameAliases><DefinitionAliases><DefinitionAlias lang="en">Value has not been specified.</DefinitionAlias></DefinitionAliases></ConstantDef></ConstantList></TypePropertyEnumeratedValue></PropertyType><NameAliases /><DefinitionAliases /></PropertyDef></PropertyDefs><PsetDefinitionAliases /></PropertySetDef>