﻿<?xml version="1.0" encoding="utf-8"?><PropertySetDef xmlns:xsi="http://www.w3.org/2001/XMLSchema-instance" xmlns:xsd="http://www.w3.org/2001/XMLSchema" ifdguid="83536700d1c111e1800000215ad4efdf" templatetype="PSET_OCCURRENCEDRIVEN" xsi:noNamespaceSchemaLocation="http://buildingSMART-tech.org/xml/psd/PSD_IFC4.xsd" xmlns="http://buildingSMART-tech.org/xml/psd/PSD_IFC4.xsd"><IfcVersion version="IFC4X4" /><Name>Pset_Asset</Name><Definition>An asset is a uniquely identifiable element which has a financial value and against which maintenance actions are recorded.</Definition><Applicability /><ApplicableClasses><ClassName>IfcAsset</ClassName></ApplicableClasses><ApplicableTypeValue>IfcAsset</ApplicableTypeValue><PropertyDefs><PropertyDef ifdguid="8a7a7500d1c111e1800000215ad4efdf"><Name>AssetAccountingType</Name><Definition>Identifies the predefined types of risk from which the type required may be set.</Definition><PropertyType><TypePropertyEnumeratedValue><EnumList name="PEnum_AssetAccountingType"><EnumItem>FIXED</EnumItem><EnumItem>NONFIXED</EnumItem><EnumItem>OTHER</EnumItem><EnumItem>NOTKNOWN</EnumItem><EnumItem>UNSET</EnumItem></EnumList><ConstantList><ConstantDef><Name>FIXED</Name><NameAliases><NameAlias lang="en">Fixed</NameAlias></NameAliases><DefinitionAliases /></ConstantDef><ConstantDef><Name>NONFIXED</Name><NameAliases><NameAlias lang="en">Non Fixed</NameAlias></NameAliases><DefinitionAliases /></ConstantDef><ConstantDef><Name>OTHER</Name><Definition>required category not on scale</Definition><NameAliases><NameAlias lang="en">(other)</NameAlias></NameAliases><DefinitionAliases><DefinitionAlias lang="en">Value is not listed.</DefinitionAlias></DefinitionAliases></ConstantDef><ConstantDef><Name>NOTKNOWN</Name><Definition>Value is unkown</Definition><NameAliases><NameAlias lang="en">(unknown)</NameAlias></NameAliases><DefinitionAliases><DefinitionAlias lang="en">Value is unknown.</DefinitionAlias></DefinitionAliases></ConstantDef><ConstantDef><Name>UNSET</Name><Definition>Value has not been specified</Definition><NameAliases><NameAlias lang="en">(unset)</NameAlias></NameAliases><DefinitionAliases><DefinitionAlias lang="en">Value has not been specified.</DefinitionAlias></DefinitionAliases></ConstantDef></ConstantList></TypePropertyEnumeratedValue></PropertyType><NameAliases><NameAlias lang="en">Asset Accounting Type</NameAlias><NameAlias lang="ja-JP">資産会計種別</NameAlias></NameAliases><DefinitionAliases><DefinitionAlias lang="en" /><DefinitionAlias lang="ja-JP">会計の定義済み種別。</DefinitionAlias></DefinitionAliases></PropertyDef><PropertyDef ifdguid="99f9be00d1c111e1800000215ad4efdf"><Name>AssetTaxType</Name><Definition>Identifies the predefined types of taxation group from which the type required may be set.</Definition><PropertyType><TypePropertyEnumeratedValue><EnumList name="PEnum_AssetTaxType"><EnumItem>CAPITALISED</EnumItem><EnumItem>EXPENSED</EnumItem><EnumItem>OTHER</EnumItem><EnumItem>NOTKNOWN</EnumItem><EnumItem>UNSET</EnumItem></EnumList><ConstantList><ConstantDef><Name>CAPITALISED</Name><NameAliases><NameAlias lang="en">Capitalised</NameAlias></NameAliases><DefinitionAliases /></ConstantDef><ConstantDef><Name>EXPENSED</Name><NameAliases><NameAlias lang="en">Expensed</NameAlias></NameAliases><DefinitionAliases /></ConstantDef><ConstantDef><Name>OTHER</Name><Definition>required category not on scale</Definition><NameAliases><NameAlias lang="en">(other)</NameAlias></NameAliases><DefinitionAliases><DefinitionAlias lang="en">Value is not listed.</DefinitionAlias></DefinitionAliases></ConstantDef><ConstantDef><Name>NOTKNOWN</Name><Definition>Value is unkown</Definition><NameAliases><NameAlias lang="en">(unknown)</NameAlias></NameAliases><DefinitionAliases><DefinitionAlias lang="en">Value is unknown.</DefinitionAlias></DefinitionAliases></ConstantDef><ConstantDef><Name>UNSET</Name><Definition>Value has not been specified</Definition><NameAliases><NameAlias lang="en">(unset)</NameAlias></NameAliases><DefinitionAliases><DefinitionAlias lang="en">Value has not been specified.</DefinitionAlias></DefinitionAliases></ConstantDef></ConstantList></TypePropertyEnumeratedValue></PropertyType><NameAliases><NameAlias lang="en">Asset Tax Type</NameAlias><NameAlias lang="ja-JP">資産税種別</NameAlias></NameAliases><DefinitionAliases><DefinitionAlias lang="en" /><DefinitionAlias lang="ja-JP">税の定義済み種別。</DefinitionAlias></DefinitionAliases></PropertyDef><PropertyDef ifdguid="a847da00d1c111e1800000215ad4efdf"><Name>AssetInsuranceType</Name><Definition>Identifies the predefined types of insurance rating from which the type required may be set.</Definition><PropertyType><TypePropertyEnumeratedValue><EnumList name="PEnum_AssetInsuranceType"><EnumItem>PERSONAL</EnumItem><EnumItem>REAL</EnumItem><EnumItem>OTHER</EnumItem><EnumItem>NOTKNOWN</EnumItem><EnumItem>UNSET</EnumItem></EnumList><ConstantList><ConstantDef><Name>PERSONAL</Name><NameAliases><NameAlias lang="en">Personal</NameAlias></NameAliases><DefinitionAliases /></ConstantDef><ConstantDef><Name>REAL</Name><NameAliases><NameAlias lang="en">Real</NameAlias></NameAliases><DefinitionAliases /></ConstantDef><ConstantDef><Name>OTHER</Name><Definition>required category not on scale</Definition><NameAliases><NameAlias lang="en">(other)</NameAlias></NameAliases><DefinitionAliases><DefinitionAlias lang="en">Value is not listed.</DefinitionAlias></DefinitionAliases></ConstantDef><ConstantDef><Name>NOTKNOWN</Name><Definition>Value is unkown</Definition><NameAliases><NameAlias lang="en">(unknown)</NameAlias></NameAliases><DefinitionAliases><DefinitionAlias lang="en">Value is unknown.</DefinitionAlias></DefinitionAliases></ConstantDef><ConstantDef><Name>UNSET</Name><Definition>Value has not been specified</Definition><NameAliases><NameAlias lang="en">(unset)</NameAlias></NameAliases><DefinitionAliases><DefinitionAlias lang="en">Value has not been specified.</DefinitionAlias></DefinitionAliases></ConstantDef></ConstantList></TypePropertyEnumeratedValue></PropertyType><NameAliases><NameAlias lang="en">Asset Insurance Type</NameAlias><NameAlias lang="ja-JP">資産保険種別</NameAlias></NameAliases><DefinitionAliases><DefinitionAlias lang="en" /><DefinitionAlias lang="ja-JP">保険の定義済み種別。</DefinitionAlias></DefinitionAliases></PropertyDef><PropertyDef ifdguid="442e566590d1453b8cf957cae7db5e50"><Name>AssetStatus</Name><Definition>Current status or stage in life cycle.</Definition><PropertyType><TypePropertySingleValue><DataType type="IfcLabel" /></TypePropertySingleValue></PropertyType><NameAliases /><DefinitionAliases /></PropertyDef><PropertyDef ifdguid="4fd2e75b2b134b5996cc8a2581cd265a"><Name>AssetUse</Name><Definition>General use category of the asset</Definition><PropertyType><TypePropertySingleValue><DataType type="IfcLabel" /></TypePropertySingleValue></PropertyType><NameAliases /><DefinitionAliases /></PropertyDef></PropertyDefs><PsetDefinitionAliases><PsetDefinitionAlias lang="en" /><PsetDefinitionAlias lang="ja-JP">資産とは、維持管理活動が記録されている会計上の価値を持つ、単独に識別できる要素。</PsetDefinitionAlias></PsetDefinitionAliases></PropertySetDef>