﻿<?xml version="1.0" encoding="utf-8"?><PropertySetDef xmlns:xsi="http://www.w3.org/2001/XMLSchema-instance" xmlns:xsd="http://www.w3.org/2001/XMLSchema" ifdguid="0a7a008b21b3c8f6326ad59f107a0466" templatetype="PSET_TYPEDRIVENOVERRIDE" xsi:noNamespaceSchemaLocation="http://buildingSMART-tech.org/xml/psd/PSD_IFC4.xsd" xmlns="http://buildingSMART-tech.org/xml/psd/PSD_IFC4.xsd"><IfcVersion version="IFC4X4" /><Name>Pset_DiscreteAccessoryTypeLock</Name><Definition>Properties of locking equipment. The property set can be used by the predefined type LOCK of IfcDiscreteAccessory.</Definition><Applicability /><ApplicableClasses><ClassName>IfcDiscreteAccessory/LOCK</ClassName></ApplicableClasses><ApplicableTypeValue>IfcDiscreteAccessory/LOCK</ApplicableTypeValue><PropertyDefs><PropertyDef ifdguid="a5a10d96931346f595b02d2804562f9a"><Name>InstallationPlan</Name><Definition>Reference to external information source about installation or construction plan of the element.</Definition><PropertyType><TypePropertyReferenceValue reftype="IfcExternalReference" /></PropertyType><NameAliases /><DefinitionAliases /></PropertyDef><PropertyDef ifdguid="2add1b3e6df24078a6caa7aec478fec3"><Name>RequiredClosureSpacing</Name><Definition>Required length of the closure spacing.</Definition><PropertyType><TypePropertySingleValue><DataType type="IfcPositiveLengthMeasure" /></TypePropertySingleValue></PropertyType><NameAliases /><DefinitionAliases /></PropertyDef></PropertyDefs><PsetDefinitionAliases /></PropertySetDef>