﻿<?xml version="1.0" encoding="utf-8"?><PropertySetDef xmlns:xsi="http://www.w3.org/2001/XMLSchema-instance" xmlns:xsd="http://www.w3.org/2001/XMLSchema" ifdguid="57aa9e00d20e11e1800000215ad4efdf" templatetype="PSET_PERFORMANCEDRIVEN" xsi:noNamespaceSchemaLocation="http://buildingSMART-tech.org/xml/psd/PSD_IFC4.xsd" xmlns="http://buildingSMART-tech.org/xml/psd/PSD_IFC4.xsd"><IfcVersion version="IFC4X4" /><Name>Pset_SwitchingDeviceTypePHistory</Name><Definition>Indicates switch positions or levels over time, such as for energy management or surveillance.</Definition><Applicability /><ApplicableClasses><ClassName>IfcSwitchingDevice</ClassName></ApplicableClasses><ApplicableTypeValue>IfcSwitchingDevice</ApplicableTypeValue><PropertyDefs><PropertyDef ifdguid="5b3e2500d20e11e1800000215ad4efdf"><Name>SetPoint</Name><Definition>Indicates the switch position over time according to Pset_SwitchingDeviceTypeCommon.SetPoint.</Definition><PropertyType><TypePropertyReferenceValue reftype="IfcTimeSeries" /></PropertyType><NameAliases><NameAlias lang="en">Set Point</NameAlias></NameAliases><DefinitionAliases><DefinitionAlias lang="en" /></DefinitionAliases></PropertyDef></PropertyDefs><PsetDefinitionAliases><PsetDefinitionAlias lang="en" /></PsetDefinitionAliases></PropertySetDef>