﻿<?xml version="1.0" encoding="utf-8"?><PropertySetDef xmlns:xsi="http://www.w3.org/2001/XMLSchema-instance" xmlns:xsd="http://www.w3.org/2001/XMLSchema" ifdguid="fd83436281514ddeaf0c8c530d2cd58f" templatetype="PSET_TYPEDRIVENOVERRIDE" xsi:noNamespaceSchemaLocation="http://buildingSMART-tech.org/xml/psd/PSD_IFC4.xsd" xmlns="http://buildingSMART-tech.org/xml/psd/PSD_IFC4.xsd"><IfcVersion version="IFC4X4" /><Name>Pset_BearingCommon</Name><Applicability /><ApplicableClasses><ClassName>IfcBearing</ClassName></ApplicableClasses><ApplicableTypeValue>IfcBearing</ApplicableTypeValue><PropertyDefs><PropertyDef ifdguid="e0d4f9a8ed14474b8d7e72cb1f466244"><Name>DisplacementAccomodated</Name><Definition>A list of exactly three boelean values representing an accomodated displacement (value TRUE or 1) or no displacement (value FALSE or 0) on the corresponding axis where the first value represents axis X, second value axis Y and third value axis Z.</Definition><PropertyType><TypePropertyListValue><ListValue><DataType type="IfcBoolean" /></ListValue></TypePropertyListValue></PropertyType><NameAliases /><DefinitionAliases /></PropertyDef><PropertyDef ifdguid="d176c042beb340e785a95175f63fbfcd"><Name>RotationAccomodated</Name><Definition>A list of exactly three boelean values representing an accomodated rotation (value TRUE or 1) or no rotation (value FALSE or 0) about the corresponding axis where the first value represents axis X, second value axis Y and third value axis Z.</Definition><PropertyType><TypePropertyListValue><ListValue><DataType type="IfcBoolean" /></ListValue></TypePropertyListValue></PropertyType><NameAliases /><DefinitionAliases /></PropertyDef></PropertyDefs><PsetDefinitionAliases /></PropertySetDef>