﻿<?xml version="1.0" encoding="utf-8"?><PropertySetDef xmlns:xsi="http://www.w3.org/2001/XMLSchema-instance" xmlns:xsd="http://www.w3.org/2001/XMLSchema" ifdguid="35cf41e31679e0d129dbb3aabdd04d62" templatetype="PSET_TYPEDRIVENOVERRIDE" xsi:noNamespaceSchemaLocation="http://buildingSMART-tech.org/xml/psd/PSD_IFC4.xsd" xmlns="http://buildingSMART-tech.org/xml/psd/PSD_IFC4.xsd"><IfcVersion version="IFC4X4" /><Name>Pset_DistributionBoardTypeDistributionFrame</Name><Definition>Properties for _IfcDistributionBoard_ with PredefinedType DISTRIBUTIONFRAME.</Definition><Applicability /><ApplicableClasses><ClassName>IfcDistributionBoard/DISTRIBUTIONFRAME</ClassName></ApplicableClasses><ApplicableTypeValue>IfcDistributionBoard/DISTRIBUTIONFRAME</ApplicableTypeValue><PropertyDefs><PropertyDef ifdguid="ba4128f8bb4945f08fb5c3b64b80b22b"><Name>PortCapacity</Name><Definition>Indicates the number of ports in the passive device that can be used to interconnect cables.</Definition><PropertyType><TypePropertySingleValue><DataType type="IfcInteger" /></TypePropertySingleValue></PropertyType><NameAliases /><DefinitionAliases /></PropertyDef></PropertyDefs><PsetDefinitionAliases /></PropertySetDef>