﻿<?xml version="1.0" encoding="utf-8"?><PropertySetDef xmlns:xsi="http://www.w3.org/2001/XMLSchema-instance" xmlns:xsd="http://www.w3.org/2001/XMLSchema" ifdguid="248cee00d1bf11e1800000215ad4efdf" templatetype="PSET_PERFORMANCEDRIVEN" xsi:noNamespaceSchemaLocation="http://buildingSMART-tech.org/xml/psd/PSD_IFC4.xsd" xmlns="http://buildingSMART-tech.org/xml/psd/PSD_IFC4.xsd"><IfcVersion version="IFC4X4" /><Name>Pset_AirTerminalPHistory</Name><Definition>Air terminal performance history common attributes.</Definition><Applicability /><ApplicableClasses><ClassName>IfcAirTerminal</ClassName></ApplicableClasses><ApplicableTypeValue>IfcAirTerminal</ApplicableTypeValue><PropertyDefs><PropertyDef ifdguid="2b1b6580d1bf11e1800000215ad4efdf"><Name>AirFlowRate</Name><Definition>Volumetric flow rate.</Definition><PropertyType><TypePropertyReferenceValue reftype="IfcTimeSeries" /></PropertyType><NameAliases><NameAlias lang="en">Air Flow Rate</NameAlias><NameAlias lang="fr-FR">Débit d'air</NameAlias><NameAlias lang="ja-JP">風量</NameAlias></NameAliases><DefinitionAliases><DefinitionAlias lang="en" /><DefinitionAlias lang="fr-FR">Débit d'air volumique</DefinitionAlias><DefinitionAlias lang="ja-JP">送風量</DefinitionAlias></DefinitionAliases></PropertyDef><PropertyDef ifdguid="2eaeec80d1bf11e1800000215ad4efdf"><Name>NeckAirVelocity</Name><Definition>Air velocity at the neck.</Definition><PropertyType><TypePropertyReferenceValue reftype="IfcTimeSeries" /></PropertyType><NameAliases><NameAlias lang="en">Neck Air Velocity</NameAlias><NameAlias lang="fr-FR">Vitesse de l'air au point le plus étroit</NameAlias><NameAlias lang="ja-JP">ネック風速</NameAlias></NameAliases><DefinitionAliases><DefinitionAlias lang="en" /><DefinitionAlias lang="fr-FR">Vitesse de l'air au point le plus étroit</DefinitionAlias><DefinitionAlias lang="ja-JP">ネックの風速</DefinitionAlias></DefinitionAliases></PropertyDef><PropertyDef ifdguid="32db0a00d1bf11e1800000215ad4efdf"><Name>SupplyAirTemperatureHeating</Name><Definition>Supply air temperature in heating mode.</Definition><PropertyType><TypePropertyReferenceValue reftype="IfcTimeSeries" /></PropertyType><NameAliases><NameAlias lang="en">Supply Air Temperature Heating</NameAlias><NameAlias lang="fr-FR">Température de l'air soufflé en chauffage</NameAlias><NameAlias lang="ja-JP">暖房給気温度</NameAlias></NameAliases><DefinitionAliases><DefinitionAlias lang="en" /><DefinitionAlias lang="fr-FR">Température de l'air soufflé en mode chauffage</DefinitionAlias><DefinitionAlias lang="ja-JP">暖房時の給気温度</DefinitionAlias></DefinitionAliases></PropertyDef><PropertyDef ifdguid="366e9100d1bf11e1800000215ad4efdf"><Name>SupplyAirTemperatureCooling</Name><Definition>Supply air temperature in cooling mode.</Definition><PropertyType><TypePropertyReferenceValue reftype="IfcTimeSeries" /></PropertyType><NameAliases><NameAlias lang="en">Supply Air Temperature Cooling</NameAlias><NameAlias lang="fr-FR">Température de l'air soufflé en refroidissement</NameAlias><NameAlias lang="ja-JP">冷房給気温度</NameAlias></NameAliases><DefinitionAliases><DefinitionAlias lang="en" /><DefinitionAlias lang="fr-FR">Température de l'air soufflé en mode refroidissement</DefinitionAlias><DefinitionAlias lang="ja-JP">冷房時の給気温度</DefinitionAlias></DefinitionAliases></PropertyDef><PropertyDef ifdguid="3a9aae80d1bf11e1800000215ad4efdf"><Name>PressureDrop</Name><Definition>Drop in total pressure between inlet and outlet at nominal air-flow rate.</Definition><PropertyType><TypePropertyReferenceValue reftype="IfcTimeSeries" /></PropertyType><NameAliases><NameAlias lang="en">Pressure Drop</NameAlias><NameAlias lang="fr-FR">Chute de pression</NameAlias><NameAlias lang="ja-JP">圧力降下</NameAlias></NameAliases><DefinitionAliases><DefinitionAlias lang="en" /><DefinitionAlias lang="fr-FR">Chute de pression totale entre l'entrée et la sortie en débit d'air nominal</DefinitionAlias><DefinitionAlias lang="ja-JP">設定風量での入口/出口間の全圧降下</DefinitionAlias></DefinitionAliases></PropertyDef><PropertyDef ifdguid="3d959f00d1bf11e1800000215ad4efdf"><Name>InductionRatio</Name><Definition>Induction ratio versus distance from the diffuser and its discharge direction; induction ratio (or entrainment ratio) is the ratio of the volumetric flow rate in the jet to the volumetric flow rate at the air terminal.</Definition><PropertyType><TypePropertyTableValue><Expression /><DefiningValue><DataType type="IfcReal" /></DefiningValue><DefinedValue><DataType type="IfcLengthMeasure" /></DefinedValue></TypePropertyTableValue></PropertyType><NameAliases><NameAlias lang="en">Induction Ratio</NameAlias><NameAlias lang="fr-FR">Taux d'induction</NameAlias><NameAlias lang="ja-JP">誘引率</NameAlias></NameAliases><DefinitionAliases><DefinitionAlias lang="en" /><DefinitionAlias lang="fr-FR">Taux d'induction par rapport à la distance entre le diffuseur et sa direction de rejet;
Le taux d'induction est le rapport entre  le débit volumique d'air dans le jet sur  le débit volumique d'air au niveau du terminal.</DefinitionAlias><DefinitionAlias lang="ja-JP">制気口からの距離とその排出方向に対する誘引比、
誘導比（または同調比）は、エアターミナルでの体積流量に対する噴流の体積流量の比である。</DefinitionAlias></DefinitionAliases></PropertyDef><PropertyDef ifdguid="46867080d1bf11e1800000215ad4efdf"><Name>CenterlineAirVelocity</Name><Definition>Centerline air velocity versus distance from the diffuser and temperature differential; a function of distance from diffuser and temperature difference between supply air and room air.</Definition><PropertyType><TypePropertyTableValue><Expression /><DefiningValue><DataType type="IfcLinearVelocityMeasure" /></DefiningValue><DefinedValue><DataType type="IfcLengthMeasure" /></DefinedValue></TypePropertyTableValue></PropertyType><NameAliases><NameAlias lang="en">Centerline Air Velocity</NameAlias><NameAlias lang="fr-FR">Vitesse de l'air en axe central de jet</NameAlias><NameAlias lang="ja-JP">中心空気速度</NameAlias></NameAliases><DefinitionAliases><DefinitionAlias lang="en" /><DefinitionAlias lang="fr-FR">Vitesse de l'air en axe central de jet par rapport à la distance entre le diffuseur et la température différentielle; une fonction de la distance entre le diffuseur et la différence de température entre celui de l'air fourni et celui de l'air de la pièce.</DefinitionAlias><DefinitionAlias lang="ja-JP">吹出口かからの距離と温度差に対する中心速度、
給気と室内空気の間の吹出口かからの距離と温度差の関数</DefinitionAlias></DefinitionAliases></PropertyDef></PropertyDefs><PsetDefinitionAliases><PsetDefinitionAlias lang="en" /><PsetDefinitionAlias lang="ja-JP">エアターミナル性能履歴の共通属性を設定します。</PsetDefinitionAlias></PsetDefinitionAliases></PropertySetDef>