﻿<?xml version="1.0" encoding="utf-8"?><PropertySetDef xmlns:xsi="http://www.w3.org/2001/XMLSchema-instance" xmlns:xsd="http://www.w3.org/2001/XMLSchema" ifdguid="ece66c00d1e711e1800000215ad4efdf" templatetype="PSET_OCCURRENCEDRIVEN" xsi:noNamespaceSchemaLocation="http://buildingSMART-tech.org/xml/psd/PSD_IFC4.xsd" xmlns="http://buildingSMART-tech.org/xml/psd/PSD_IFC4.xsd"><IfcVersion version="IFC4X4" /><Name>Pset_FlowMeterOccurrence</Name><Definition>Flow meter occurrence common attributes.</Definition><Applicability /><ApplicableClasses><ClassName>IfcFlowMeter</ClassName></ApplicableClasses><ApplicableTypeValue>IfcFlowMeter</ApplicableTypeValue><PropertyDefs><PropertyDef ifdguid="f374e380d1e711e1800000215ad4efdf"><Name>Purpose</Name><Definition>Enumeration defining the purpose of the flow meter occurrence.</Definition><PropertyType><TypePropertyEnumeratedValue><EnumList name="PEnum_FlowMeterPurpose"><EnumItem>MASTER</EnumItem><EnumItem>SUBMASTER</EnumItem><EnumItem>SUBMETER</EnumItem><EnumItem>OTHER</EnumItem><EnumItem>NOTKNOWN</EnumItem><EnumItem>UNSET</EnumItem></EnumList><ConstantList><ConstantDef><Name>MASTER</Name><NameAliases><NameAlias lang="en">Master</NameAlias></NameAliases><DefinitionAliases /></ConstantDef><ConstantDef><Name>SUBMASTER</Name><NameAliases><NameAlias lang="en">Submaster</NameAlias></NameAliases><DefinitionAliases /></ConstantDef><ConstantDef><Name>SUBMETER</Name><NameAliases><NameAlias lang="en">Submeter</NameAlias></NameAliases><DefinitionAliases /></ConstantDef><ConstantDef><Name>OTHER</Name><Definition>required category not on scale</Definition><NameAliases><NameAlias lang="en">(other)</NameAlias></NameAliases><DefinitionAliases><DefinitionAlias lang="en">Value is not listed.</DefinitionAlias></DefinitionAliases></ConstantDef><ConstantDef><Name>NOTKNOWN</Name><Definition>Value is unkown</Definition><NameAliases><NameAlias lang="en">(unknown)</NameAlias></NameAliases><DefinitionAliases><DefinitionAlias lang="en">Value is unknown.</DefinitionAlias></DefinitionAliases></ConstantDef><ConstantDef><Name>UNSET</Name><Definition>Value has not been specified</Definition><NameAliases><NameAlias lang="en">(unset)</NameAlias></NameAliases><DefinitionAliases><DefinitionAlias lang="en">Value has not been specified.</DefinitionAlias></DefinitionAliases></ConstantDef></ConstantList></TypePropertyEnumeratedValue></PropertyType><NameAliases><NameAlias lang="en">Purpose</NameAlias></NameAliases><DefinitionAliases><DefinitionAlias lang="en" /></DefinitionAliases></PropertyDef></PropertyDefs><PsetDefinitionAliases><PsetDefinitionAlias lang="en" /></PsetDefinitionAliases></PropertySetDef>