﻿<?xml version="1.0" encoding="utf-8"?><PropertySetDef xmlns:xsi="http://www.w3.org/2001/XMLSchema-instance" xmlns:xsd="http://www.w3.org/2001/XMLSchema" ifdguid="180c9380d1c711e1800000215ad4efdf" templatetype="PSET_TYPEDRIVENOVERRIDE" xsi:noNamespaceSchemaLocation="http://buildingSMART-tech.org/xml/psd/PSD_IFC4.xsd" xmlns="http://buildingSMART-tech.org/xml/psd/PSD_IFC4.xsd"><IfcVersion version="IFC4X4" /><Name>Pset_CableSegmentTypeBusBarSegment</Name><Definition>Properties specific to busbar cable segments.</Definition><Applicability /><ApplicableClasses><ClassName>IfcCableSegment/BUSBARSEGMENT</ClassName></ApplicableClasses><ApplicableTypeValue>IfcCableSegment/BUSBARSEGMENT</ApplicableTypeValue><PropertyDefs><PropertyDef ifdguid="1e027480d1c711e1800000215ad4efdf"><Name>IsHorizontalBusbar</Name><Definition>Indication of whether the busbar occurrences are routed horizontally (= TRUE) or vertically (= FALSE).</Definition><PropertyType><TypePropertySingleValue><DataType type="IfcBoolean" /></TypePropertySingleValue></PropertyType><NameAliases><NameAlias lang="en">Is Horizontal Busbar</NameAlias><NameAlias lang="ja-JP">水平母線</NameAlias><NameAlias lang="ko-KR">수평 모선</NameAlias></NameAliases><DefinitionAliases><DefinitionAlias lang="en" /><DefinitionAlias lang="ja-JP">母線は、水平方向にルーティングされるかどうかを示す（= TRUE）または垂直方向に（= FALSE）を返します。</DefinitionAlias><DefinitionAlias lang="ko-KR">모선은 가로로 라우팅되는지 여부를 나타내는 (= TRUE) 또는 수직 (= FALSE)를 반환합니다.</DefinitionAlias></DefinitionAliases></PropertyDef><PropertyDef ifdguid="3636bb80d1e811e1800000215ad4efdf"><Name>NominalCurrent</Name><Definition>The nominal current that is designed to be measured.</Definition><PropertyType><TypePropertySingleValue><DataType type="IfcElectricCurrentMeasure" /></TypePropertySingleValue></PropertyType><NameAliases><NameAlias lang="en">Nominal Current</NameAlias></NameAliases><DefinitionAliases><DefinitionAlias lang="en" /></DefinitionAliases></PropertyDef><PropertyDef ifdguid="284d71d234d045d8badb4db9c476d31e"><Name>UltimateTensileStrength</Name><Definition>Indicates the maximum stress that a material or element can withstand before breaking while being stretched or pulled.</Definition><PropertyType><TypePropertySingleValue><DataType type="IfcForceMeasure" /></TypePropertySingleValue></PropertyType><NameAliases /><DefinitionAliases /></PropertyDef><PropertyDef ifdguid="bf9dd06046c447428099a348641c3733"><Name>ACResistance</Name><Definition>The resistance under AC.</Definition><PropertyType><TypePropertySingleValue><DataType type="IfcElectricResistanceMeasure" /></TypePropertySingleValue></PropertyType><NameAliases /><DefinitionAliases /></PropertyDef><PropertyDef ifdguid="8b290080d1ed11e1800000215ad4efdf"><Name>ThermalExpansionCoefficient</Name><Definition>Quantity characterizing the variation with thermodynamic temperature T of the distance l between two points of a body, under given conditions (IEC 113-04-27). The ratio is defined per Kelvin.</Definition><PropertyType><TypePropertySingleValue><DataType type="IfcThermalExpansionCoefficientMeasure" /></TypePropertySingleValue></PropertyType><NameAliases><NameAlias lang="en">Thermal Expansion Coefficient</NameAlias></NameAliases><DefinitionAliases><DefinitionAlias lang="en" /></DefinitionAliases></PropertyDef><PropertyDef ifdguid="a56d336272784003b1418d8169f8652f"><Name>CurrentCarryingCapacity</Name><Definition>Maximum value of electric current which can be carried continuously by a conductor, a device or an apparatus, under specified conditions without its steady-state temperature exceeding a  specified value. Based on IEC60826-11-13. NOTE: The temperature specified value is maximum Design Ambient Temperature.</Definition><PropertyType><TypePropertySingleValue><DataType type="IfcElectricCurrentMeasure" /></TypePropertySingleValue></PropertyType><NameAliases><NameAlias lang="en">Current Carrying Capasity</NameAlias></NameAliases><DefinitionAliases><DefinitionAlias lang="en" /></DefinitionAliases></PropertyDef><PropertyDef ifdguid="6c4768ceed5f40fab50dc297372ba984"><Name>DCResistance</Name><Definition>The resistance under direct current and 20 degrees centigrade.</Definition><PropertyType><TypePropertySingleValue><DataType type="IfcElectricResistanceMeasure" /></TypePropertySingleValue></PropertyType><NameAliases /><DefinitionAliases /></PropertyDef><PropertyDef ifdguid="65ecc000d1f611e1800000215ad4efdf"><Name>MassPerLength</Name><Definition>Mass per length, i.e. mass of a beam with a unit length of extrusion. For example measured in kg/m.</Definition><PropertyType><TypePropertySingleValue><DataType type="IfcMassPerLengthMeasure" /></TypePropertySingleValue></PropertyType><NameAliases><NameAlias lang="en">Mass Per Length</NameAlias></NameAliases><DefinitionAliases><DefinitionAlias lang="en" /></DefinitionAliases></PropertyDef><PropertyDef ifdguid="7561e794915842b6a10e7015c0cbcd6c"><Name>TensileStrength</Name><Definition>Indicates the ability to withstand breakage apart under applied force.</Definition><PropertyType><TypePropertySingleValue><DataType type="IfcPressureMeasure" /></TypePropertySingleValue></PropertyType><NameAliases /><DefinitionAliases /></PropertyDef><PropertyDef ifdguid="7b112100d1ed11e1800000215ad4efdf"><Name>YoungModulus</Name><Definition>A measure of the Young's modulus of elasticity of the material.</Definition><PropertyType><TypePropertySingleValue><DataType type="IfcModulusOfElasticityMeasure" /></TypePropertySingleValue></PropertyType><NameAliases><NameAlias lang="en">Young Modulus</NameAlias></NameAliases><DefinitionAliases><DefinitionAlias lang="en" /></DefinitionAliases></PropertyDef><PropertyDef ifdguid="2a3b0180d1c811e1800000215ad4efdf"><Name>CrossSectionalArea</Name><Definition>Cross section area of the phase(s) lead(s).</Definition><PropertyType><TypePropertySingleValue><DataType type="IfcAreaMeasure" /></TypePropertySingleValue></PropertyType><NameAliases><NameAlias lang="en">Cross Sectional Area</NameAlias><NameAlias lang="ja-JP">断面積</NameAlias><NameAlias lang="ko-KR">단면적 영역</NameAlias></NameAliases><DefinitionAliases><DefinitionAlias lang="en" /><DefinitionAlias lang="ja-JP">位相、リードの断面積。</DefinitionAlias><DefinitionAlias lang="ko-KR">리드 단면적.</DefinitionAlias></DefinitionAliases></PropertyDef><PropertyDef ifdguid="7e7a5238f118429ea3158b0ac2f9ddfa"><Name>InsulationMethod</Name><Definition>The method used to insulate.</Definition><PropertyType><TypePropertyEnumeratedValue><EnumList name="PEnum_InsulatorType"><EnumItem>LONGRODINSULATOR</EnumItem><EnumItem>PININSULATOR</EnumItem><EnumItem>POSTINSULATOR</EnumItem><EnumItem>OTHER</EnumItem><EnumItem>NOTKNOWN</EnumItem><EnumItem>UNSET</EnumItem></EnumList><ConstantList><ConstantDef><Name>LONGRODINSULATOR</Name><NameAliases /><DefinitionAliases /></ConstantDef><ConstantDef><Name>PININSULATOR</Name><NameAliases /><DefinitionAliases /></ConstantDef><ConstantDef><Name>POSTINSULATOR</Name><NameAliases /><DefinitionAliases /></ConstantDef><ConstantDef><Name>OTHER</Name><Definition>required category not on scale</Definition><NameAliases><NameAlias lang="en">(other)</NameAlias></NameAliases><DefinitionAliases><DefinitionAlias lang="en">Value is not listed.</DefinitionAlias></DefinitionAliases></ConstantDef><ConstantDef><Name>NOTKNOWN</Name><Definition>Value is unkown</Definition><NameAliases><NameAlias lang="en">(unknown)</NameAlias></NameAliases><DefinitionAliases><DefinitionAlias lang="en">Value is unknown.</DefinitionAlias></DefinitionAliases></ConstantDef><ConstantDef><Name>UNSET</Name><Definition>Value has not been specified</Definition><NameAliases><NameAlias lang="en">(unset)</NameAlias></NameAliases><DefinitionAliases><DefinitionAlias lang="en">Value has not been specified.</DefinitionAlias></DefinitionAliases></ConstantDef></ConstantList></TypePropertyEnumeratedValue></PropertyType><NameAliases /><DefinitionAliases /></PropertyDef><PropertyDef ifdguid="38d4e900d1c711e1800000215ad4efdf"><Name>OverallDiameter</Name><Definition>The overall diameter of a Cable/Bus.</Definition><PropertyType><TypePropertySingleValue><DataType type="IfcPositiveLengthMeasure" /></TypePropertySingleValue></PropertyType><NameAliases><NameAlias lang="en">Overall Diameter</NameAlias><NameAlias lang="ja-JP">直径</NameAlias><NameAlias lang="ko-KR">직경</NameAlias></NameAliases><DefinitionAliases><DefinitionAlias lang="en" /><DefinitionAlias lang="ja-JP">ケーブルや母線の外形寸法（直径）を示す。</DefinitionAlias><DefinitionAlias lang="ko-KR">케이블과 모선의 외형 치수 (직경)를 나타낸다.</DefinitionAlias></DefinitionAliases></PropertyDef><PropertyDef ifdguid="bea16600d1c011e1800000215ad4efdf"><Name>OperationalTemperatureRange</Name><Definition>Allowable operation ambient air temperature range.</Definition><PropertyType><TypePropertyBoundedValue><DataType type="IfcThermodynamicTemperatureMeasure" /></TypePropertyBoundedValue></PropertyType><NameAliases><NameAlias lang="en">Operational Temperature Range</NameAlias><NameAlias lang="fr-FR">PlageTempératureOpérationelle</NameAlias><NameAlias lang="ja-JP">動作温度範囲</NameAlias></NameAliases><DefinitionAliases><DefinitionAlias lang="en" /><DefinitionAlias lang="fr-FR">Opération admise sur la plage de température de l'air ambiant</DefinitionAlias><DefinitionAlias lang="ja-JP">動作を許容する周囲温度の範囲</DefinitionAlias></DefinitionAliases></PropertyDef><PropertyDef ifdguid="78e89b80d1c811e1800000215ad4efdf"><Name>RatedVoltage</Name><Definition>The range of allowed voltage that a device is certified to handle. The upper bound of this value is the maximum.</Definition><PropertyType><TypePropertyBoundedValue><DataType type="IfcElectricVoltageMeasure" /></TypePropertyBoundedValue></PropertyType><NameAliases><NameAlias lang="en">Rated Voltage</NameAlias><NameAlias lang="ja-JP">定格電圧</NameAlias><NameAlias lang="ko-KR">정격 전압</NameAlias></NameAliases><DefinitionAliases><DefinitionAlias lang="en" /><DefinitionAlias lang="ja-JP">機器を使用できる保障された電圧。上限値は最大値。</DefinitionAlias><DefinitionAlias lang="ko-KR">장치를 사용할 보장된 전압. 상한은 최대.</DefinitionAlias></DefinitionAliases></PropertyDef></PropertyDefs><PsetDefinitionAliases><PsetDefinitionAlias lang="en" /><PsetDefinitionAlias lang="ja-JP">busbarケーブルの性質、性能。</PsetDefinitionAlias></PsetDefinitionAliases></PropertySetDef>