﻿<?xml version="1.0" encoding="utf-8"?><PropertySetDef xmlns:xsi="http://www.w3.org/2001/XMLSchema-instance" xmlns:xsd="http://www.w3.org/2001/XMLSchema" ifdguid="7ba3ba80d1e111e1800000215ad4efdf" templatetype="PSET_TYPEDRIVENOVERRIDE" xsi:noNamespaceSchemaLocation="http://buildingSMART-tech.org/xml/psd/PSD_IFC4.xsd" xmlns="http://buildingSMART-tech.org/xml/psd/PSD_IFC4.xsd"><IfcVersion version="IFC4X4" /><Name>Pset_EnvironmentalImpactIndicators</Name><Definition>Environmental impact indicators are related to a given “functional unit” (ISO 14040 concept). An example of functional unit is a "Double glazing window with PVC frame" and the unit to consider is "one square meter of opening elements filled by this product”.
Indicators values are valid for the whole life cycle or only a specific phase (see LifeCyclePhase property). Values of all the indicators are expressed per year according to the expected service life. The first five properties capture the characteristics of the functional unit. The following properties are related to environmental indicators.
There is a consensus agreement international for the five one. Last ones are not yet fully and formally agreed at the international level.</Definition><Applicability /><ApplicableClasses><ClassName>IfcElement</ClassName></ApplicableClasses><ApplicableTypeValue>IfcElement</ApplicableTypeValue><PropertyDefs><PropertyDef ifdguid="82323200d1e111e1800000215ad4efdf"><Name>Reference</Name><Definition>Reference ID for this specified type in this project</Definition><PropertyType><TypePropertySingleValue><DataType type="IfcIdentifier" /></TypePropertySingleValue></PropertyType><NameAliases><NameAlias lang="en">Reference</NameAlias><NameAlias lang="fr-FR">Reference</NameAlias><NameAlias lang="ja-JP">参照記号</NameAlias><NameAlias lang="ko-KR">참조</NameAlias></NameAliases><DefinitionAliases><DefinitionAlias lang="en" /><DefinitionAlias lang="fr-FR">Référence à l'identifiant d'un type spécifié dans le contexte de ce projet.</DefinitionAlias><DefinitionAlias lang="ja-JP">このプロジェクトのための参照記号。</DefinitionAlias><DefinitionAlias lang="ko-KR">이 프로젝트에서 여기에 특정한 형식에 대한 참조 ID</DefinitionAlias></DefinitionAliases></PropertyDef><PropertyDef ifdguid="88281300d1e111e1800000215ad4efdf"><Name>FunctionalUnitReference</Name><Definition>Reference to a database or a classification</Definition><PropertyType><TypePropertySingleValue><DataType type="IfcLabel" /></TypePropertySingleValue></PropertyType><NameAliases><NameAlias lang="en">Functional Unit Reference</NameAlias><NameAlias lang="fr-FR">ReferenceUniteFonctionnelle</NameAlias><NameAlias lang="ja-JP">機能単位参照</NameAlias><NameAlias lang="ko-KR">기능단위참조</NameAlias></NameAliases><DefinitionAliases><DefinitionAlias lang="en" /><DefinitionAlias lang="fr-FR">Référence à une base de données ou à une classification [NDT : référence, par exemple, à l'identification d'un produit dans la base INIES]</DefinitionAlias><DefinitionAlias lang="ja-JP">データベースやクラスへの参照。</DefinitionAlias><DefinitionAlias lang="ko-KR">데이터베이스 또는 분류에 대한 참조</DefinitionAlias></DefinitionAliases></PropertyDef><PropertyDef ifdguid="8f4f2100d1e111e1800000215ad4efdf"><Name>Unit</Name><Definition>The unit of the quantity the environmental indicators values are related with.</Definition><PropertyType><TypePropertySingleValue><DataType type="IfcText" /></TypePropertySingleValue></PropertyType><NameAliases><NameAlias lang="en">Unit</NameAlias><NameAlias lang="fr-FR">Unite</NameAlias><NameAlias lang="ja-JP">単位</NameAlias><NameAlias lang="ko-KR">단위</NameAlias></NameAliases><DefinitionAliases><DefinitionAlias lang="en" /><DefinitionAlias lang="fr-FR">Unité de la quantité prise en compte pour la détermination des impacts environnementaux.</DefinitionAlias><DefinitionAlias lang="ja-JP">関連する環境指数値の数量単位。</DefinitionAlias><DefinitionAlias lang="ko-KR">환경 지표 값이 연결된 량의 단위</DefinitionAlias></DefinitionAliases></PropertyDef><PropertyDef ifdguid="96762f00d1e111e1800000215ad4efdf"><Name>LifeCyclePhase</Name><Definition>The whole life cycle or only a given phase  from which environmental data are valid.</Definition><PropertyType><TypePropertyEnumeratedValue><EnumList name="PEnum_LifeCyclePhase"><EnumItem>ACQUISITION</EnumItem><EnumItem>CRADLETOSITE</EnumItem><EnumItem>DECONSTRUCTION</EnumItem><EnumItem>DISPOSAL</EnumItem><EnumItem>DISPOSALTRANSPORT</EnumItem><EnumItem>GROWTH</EnumItem><EnumItem>INSTALLATION</EnumItem><EnumItem>MAINTENANCE</EnumItem><EnumItem>MANUFACTURE</EnumItem><EnumItem>OCCUPANCY</EnumItem><EnumItem>OPERATION</EnumItem><EnumItem>PROCUREMENT</EnumItem><EnumItem>PRODUCTION</EnumItem><EnumItem>PRODUCTIONTRANSPORT</EnumItem><EnumItem>RECOVERY</EnumItem><EnumItem>REFURBISHMENT</EnumItem><EnumItem>REPAIR</EnumItem><EnumItem>REPLACEMENT</EnumItem><EnumItem>TRANSPORT</EnumItem><EnumItem>USAGE</EnumItem><EnumItem>WASTE</EnumItem><EnumItem>WHOLELIFECYCLE</EnumItem><EnumItem>USERDEFINED</EnumItem><EnumItem>NOTDEFINED</EnumItem></EnumList><ConstantList><ConstantDef><Name>ACQUISITION</Name><NameAliases><NameAlias lang="en">Acquisition</NameAlias></NameAliases><DefinitionAliases /></ConstantDef><ConstantDef><Name>CRADLETOSITE</Name><NameAliases><NameAlias lang="en">Cradletosite</NameAlias></NameAliases><DefinitionAliases /></ConstantDef><ConstantDef><Name>DECONSTRUCTION</Name><NameAliases><NameAlias lang="en">Deconstruction</NameAlias></NameAliases><DefinitionAliases /></ConstantDef><ConstantDef><Name>DISPOSAL</Name><NameAliases><NameAlias lang="en">Disposal</NameAlias></NameAliases><DefinitionAliases /></ConstantDef><ConstantDef><Name>DISPOSALTRANSPORT</Name><NameAliases><NameAlias lang="en">Disposal Transport</NameAlias></NameAliases><DefinitionAliases /></ConstantDef><ConstantDef><Name>GROWTH</Name><NameAliases><NameAlias lang="en">Growth</NameAlias></NameAliases><DefinitionAliases /></ConstantDef><ConstantDef><Name>INSTALLATION</Name><NameAliases><NameAlias lang="en">Installation</NameAlias></NameAliases><DefinitionAliases /></ConstantDef><ConstantDef><Name>MAINTENANCE</Name><NameAliases><NameAlias lang="en">Maintenance</NameAlias></NameAliases><DefinitionAliases /></ConstantDef><ConstantDef><Name>MANUFACTURE</Name><NameAliases><NameAlias lang="en">Manufacture</NameAlias></NameAliases><DefinitionAliases /></ConstantDef><ConstantDef><Name>OCCUPANCY</Name><NameAliases><NameAlias lang="en">Occupancy</NameAlias></NameAliases><DefinitionAliases /></ConstantDef><ConstantDef><Name>OPERATION</Name><NameAliases><NameAlias lang="en">Operation</NameAlias></NameAliases><DefinitionAliases /></ConstantDef><ConstantDef><Name>PROCUREMENT</Name><NameAliases><NameAlias lang="en">Procurement</NameAlias></NameAliases><DefinitionAliases /></ConstantDef><ConstantDef><Name>PRODUCTION</Name><NameAliases><NameAlias lang="en">Production</NameAlias></NameAliases><DefinitionAliases /></ConstantDef><ConstantDef><Name>PRODUCTIONTRANSPORT</Name><NameAliases><NameAlias lang="en">Production Transport</NameAlias></NameAliases><DefinitionAliases /></ConstantDef><ConstantDef><Name>RECOVERY</Name><NameAliases><NameAlias lang="en">Recovery</NameAlias></NameAliases><DefinitionAliases /></ConstantDef><ConstantDef><Name>REFURBISHMENT</Name><NameAliases><NameAlias lang="en">Refurbishment</NameAlias></NameAliases><DefinitionAliases /></ConstantDef><ConstantDef><Name>REPAIR</Name><Definition>Project responsible for the repair to a facility</Definition><NameAliases><NameAlias lang="en">Repair</NameAlias></NameAliases><DefinitionAliases /></ConstantDef><ConstantDef><Name>REPLACEMENT</Name><NameAliases><NameAlias lang="en">Replacement</NameAlias></NameAliases><DefinitionAliases /></ConstantDef><ConstantDef><Name>TRANSPORT</Name><NameAliases><NameAlias lang="en">Transport</NameAlias></NameAliases><DefinitionAliases /></ConstantDef><ConstantDef><Name>USAGE</Name><NameAliases><NameAlias lang="en">Usage</NameAlias></NameAliases><DefinitionAliases /></ConstantDef><ConstantDef><Name>WASTE</Name><NameAliases><NameAlias lang="en">Waste</NameAlias></NameAliases><DefinitionAliases /></ConstantDef><ConstantDef><Name>WHOLELIFECYCLE</Name><NameAliases><NameAlias lang="en">Wholelifecycle</NameAlias></NameAliases><DefinitionAliases /></ConstantDef><ConstantDef><Name>USERDEFINED</Name><NameAliases><NameAlias lang="en">User Defined</NameAlias></NameAliases><DefinitionAliases /></ConstantDef><ConstantDef><Name>NOTDEFINED</Name><NameAliases><NameAlias lang="en">Notdefined</NameAlias></NameAliases><DefinitionAliases /></ConstantDef></ConstantList></TypePropertyEnumeratedValue></PropertyType><NameAliases><NameAlias lang="en">Life Cycle Phase</NameAlias><NameAlias lang="fr-FR">PhaseCycleDeVie</NameAlias><NameAlias lang="ja-JP">ライフサイクルフェーズ</NameAlias><NameAlias lang="ko-KR">라이프 사이클 단계</NameAlias></NameAliases><DefinitionAliases><DefinitionAlias lang="en" /><DefinitionAlias lang="fr-FR">Le cycle de vie complet ou seulement une de ses phases pour lequel les les données environnementales sont valides</DefinitionAlias><DefinitionAlias lang="ja-JP">環境データが有効であるライフサイクル全てまたは特定の段階。</DefinitionAlias><DefinitionAlias lang="ko-KR">환경 데이터가 유효한지 라이프 사이클 또는 단 하나 주어진 단계</DefinitionAlias></DefinitionAliases></PropertyDef><PropertyDef ifdguid="a7bf3b80d1e111e1800000215ad4efdf"><Name>ExpectedServiceLife</Name><Definition>Expected service life in years.</Definition><PropertyType><TypePropertySingleValue><DataType type="IfcTimeMeasure" /></TypePropertySingleValue></PropertyType><NameAliases><NameAlias lang="en">Expected Service Life</NameAlias><NameAlias lang="fr-FR">DureeDeVieTypique</NameAlias><NameAlias lang="ja-JP">期待される耐用期間</NameAlias><NameAlias lang="ko-KR">예상수명</NameAlias></NameAliases><DefinitionAliases><DefinitionAlias lang="en" /><DefinitionAlias lang="fr-FR">Durée de vie typique exprimée en années.</DefinitionAlias><DefinitionAlias lang="ja-JP">数年間の期待される耐用年数。</DefinitionAlias><DefinitionAlias lang="ko-KR">예상 수명</DefinitionAlias></DefinitionAliases></PropertyDef><PropertyDef ifdguid="adb51c80d1e111e1800000215ad4efdf"><Name>TotalPrimaryEnergyConsumptionPerUnit</Name><Definition>Quantity of energy used as defined in ISO21930:2007.</Definition><PropertyType><TypePropertySingleValue><DataType type="IfcEnergyMeasure" /></TypePropertySingleValue></PropertyType><NameAliases><NameAlias lang="en">Total Primary Energy Consumption Per Unit</NameAlias><NameAlias lang="fr-FR">ConsommationTotaleEnergiePrimaireParUnite</NameAlias><NameAlias lang="ja-JP">単位あたり全一次エネルギ消費</NameAlias><NameAlias lang="ko-KR">단위당 모든 차 에너지 소비</NameAlias></NameAliases><DefinitionAliases><DefinitionAlias lang="en" /><DefinitionAlias lang="fr-FR">Consommation d'énergie primaire utilisée, telle que définie dans la norme ISO21930:2007 [NDT : et dans la norme NF P01-010]</DefinitionAlias><DefinitionAlias lang="ja-JP">ISO21930:2007で定義されたエネルギー消費量。</DefinitionAlias><DefinitionAlias lang="ko-KR">ISO21930 : 2007에서 정의된 에너지 사용량</DefinitionAlias></DefinitionAliases></PropertyDef><PropertyDef ifdguid="b3126700d1e111e1800000215ad4efdf"><Name>WaterConsumptionPerUnit</Name><Definition>Quantity of water used.</Definition><PropertyType><TypePropertySingleValue><DataType type="IfcVolumeMeasure" /></TypePropertySingleValue></PropertyType><NameAliases><NameAlias lang="en">Water Consumption Per Unit</NameAlias><NameAlias lang="fr-FR">ConsommationEauParUnite</NameAlias><NameAlias lang="ja-JP">単位あたり水使用</NameAlias><NameAlias lang="ko-KR">단위 당 물 사용</NameAlias></NameAliases><DefinitionAliases><DefinitionAlias lang="en" /><DefinitionAlias lang="fr-FR">Quantité d'eau utilisée telle que définie dans la norme ISO21930:2007 [NDT : et dans la norme NF P01-010]. Exprimée en litres.</DefinitionAlias><DefinitionAlias lang="ja-JP">リットル単位で表現された水の消費量。</DefinitionAlias><DefinitionAlias lang="ko-KR">사용 수량의 리터 수</DefinitionAlias></DefinitionAliases></PropertyDef><PropertyDef ifdguid="b9084800d1e111e1800000215ad4efdf"><Name>HazardousWastePerUnit</Name><Definition>Quantity of hazardous waste generated</Definition><PropertyType><TypePropertySingleValue><DataType type="IfcMassMeasure" /></TypePropertySingleValue></PropertyType><NameAliases><NameAlias lang="en">Hazardous Waste Per Unit</NameAlias><NameAlias lang="fr-FR">DechetsDangereuxParUnite</NameAlias><NameAlias lang="ja-JP">単位あたり有害廃棄物</NameAlias><NameAlias lang="ko-KR">단위당 유해 폐기물</NameAlias></NameAliases><DefinitionAliases><DefinitionAlias lang="en" /><DefinitionAlias lang="fr-FR">Quantité de déchets dangereux générés tels que définis dans la norme  ISO21930:2007 [NDT : et dans la norme NF P01-010].</DefinitionAlias><DefinitionAlias lang="ja-JP">生成された有害な廃棄量。</DefinitionAlias><DefinitionAlias lang="ko-KR">유해 폐기물의 발생량</DefinitionAlias></DefinitionAliases></PropertyDef><PropertyDef ifdguid="be659280d1e111e1800000215ad4efdf"><Name>NonHazardousWastePerUnit</Name><Definition>Quantity of non hazardous waste generated</Definition><PropertyType><TypePropertySingleValue><DataType type="IfcMassMeasure" /></TypePropertySingleValue></PropertyType><NameAliases><NameAlias lang="en">Non Hazardous Waste Per Unit</NameAlias><NameAlias lang="fr-FR">DechetsNonDangereuxParUnite</NameAlias><NameAlias lang="ja-JP">単位あたり非有害廃棄物</NameAlias><NameAlias lang="ko-KR">단위당 비 유해 폐기물</NameAlias></NameAliases><DefinitionAliases><DefinitionAlias lang="en" /><DefinitionAlias lang="fr-FR">Quantité de déchets non dangereux générés tels que définis dans la norme  ISO21930:2007 [NDT : et dans la norme NF P01-010].</DefinitionAlias><DefinitionAlias lang="ja-JP">生成された無害な排気量。</DefinitionAlias><DefinitionAlias lang="ko-KR">비 유해 폐기물의 발생량</DefinitionAlias></DefinitionAliases></PropertyDef><PropertyDef ifdguid="c32a4680d1e111e1800000215ad4efdf"><Name>ClimateChangePerUnit</Name><Definition>Quantity of greenhouse gases emitted calculated in equivalent CO2</Definition><PropertyType><TypePropertySingleValue><DataType type="IfcMassMeasure" /></TypePropertySingleValue></PropertyType><NameAliases><NameAlias lang="en">Climate Change Per Unit</NameAlias><NameAlias lang="fr-FR">ChangementClimatiqueParUnite</NameAlias><NameAlias lang="ja-JP">単位あたり気候変動</NameAlias><NameAlias lang="ko-KR">단위당 기후 변화</NameAlias></NameAliases><DefinitionAliases><DefinitionAlias lang="en" /><DefinitionAlias lang="fr-FR">Quantité d'émissions de gaz à effet de serre exprimée en Kg d'équivalent CO2 tels que définis dans la norme  ISO21930:2007 [NDT : ainsi que dans les normes PrEN15804:2008 et NF P01-010].</DefinitionAlias><DefinitionAlias lang="ja-JP">CO2で計算された温室効果ガスの放出量。</DefinitionAlias><DefinitionAlias lang="ko-KR">CO2 등가 환산되는 온실 가스 발생량</DefinitionAlias></DefinitionAliases></PropertyDef><PropertyDef ifdguid="c9202780d1e111e1800000215ad4efdf"><Name>AtmosphericAcidificationPerUnit</Name><Definition>Quantity of gases responsible for the atmospheric acidification calculated in equivalent SO2</Definition><PropertyType><TypePropertySingleValue><DataType type="IfcMassMeasure" /></TypePropertySingleValue></PropertyType><NameAliases><NameAlias lang="en">Atmospheric Acidification Per Unit</NameAlias><NameAlias lang="fr-FR">AcidificationAtmospheriqueParUnite</NameAlias><NameAlias lang="ja-JP">単位あたり大気酸性化</NameAlias><NameAlias lang="ko-KR">단위당 대기 산성화</NameAlias></NameAliases><DefinitionAliases><DefinitionAlias lang="en" /><DefinitionAlias lang="fr-FR">Quantité de gaz responsables de l'acidification atmosphérique exprimée en Kg d'équivalent SO2 [NDT : selon les normes PrEN15804:2008 et NF P01-010].</DefinitionAlias><DefinitionAlias lang="ja-JP">SO2で計算される大気の酸性化に影響するガスの量。</DefinitionAlias><DefinitionAlias lang="ko-KR">SO2에 해당 환산된 대기 산성 화의 원인이되는 가스량</DefinitionAlias></DefinitionAliases></PropertyDef><PropertyDef ifdguid="cf160880d1e111e1800000215ad4efdf"><Name>RenewableEnergyConsumptionPerUnit</Name><Definition>Quantity of renewable energy used as defined in ISO21930:2007</Definition><PropertyType><TypePropertySingleValue><DataType type="IfcEnergyMeasure" /></TypePropertySingleValue></PropertyType><NameAliases><NameAlias lang="en">Renewable Energy Consumption Per Unit</NameAlias><NameAlias lang="fr-FR">ConsommationEnergieRenouvelableParUnite</NameAlias><NameAlias lang="ja-JP">単位あたり再生可能エネルギ消費</NameAlias><NameAlias lang="ko-KR">단위당 재생 에너지 소비</NameAlias></NameAliases><DefinitionAliases><DefinitionAlias lang="en" /><DefinitionAlias lang="fr-FR">Consommation d'énergie renouvelable telle que définie dans la norme ISO21930:2007 [NDT : et dans la norme NF P01-010]</DefinitionAlias><DefinitionAlias lang="ja-JP">ISO21930:2007で定義される再生可能エネルギーの使用量。</DefinitionAlias><DefinitionAlias lang="ko-KR">ISO21930 : 2007에 정의된 재생 가능 에너지 사용량</DefinitionAlias></DefinitionAliases></PropertyDef><PropertyDef ifdguid="d50be980d1e111e1800000215ad4efdf"><Name>NonRenewableEnergyConsumptionPerUnit</Name><Definition>Quantity of non-renewable energy used as defined in ISO21930:2007</Definition><PropertyType><TypePropertySingleValue><DataType type="IfcEnergyMeasure" /></TypePropertySingleValue></PropertyType><NameAliases><NameAlias lang="en">Non Renewable Energy Consumption Per Unit</NameAlias><NameAlias lang="fr-FR">ConsommationEnergieNonRenouvelableParUnite</NameAlias><NameAlias lang="ja-JP">単位あたり再生不可エネルギ消費</NameAlias><NameAlias lang="ko-KR">단위당 재생 불가 에너지 소비</NameAlias></NameAliases><DefinitionAliases><DefinitionAlias lang="en" /><DefinitionAlias lang="fr-FR">Consommation d'énergie non renouvelable telle que définie dans la norme ISO21930:2007 [NDT : et dans la norme NF P01-010]</DefinitionAlias><DefinitionAlias lang="ja-JP">ISO21930:2007で定義される非再生エネルギーの使用量。</DefinitionAlias><DefinitionAlias lang="ko-KR">ISO21930 : 2007에 정의된 재생 불가 에너지 사용량</DefinitionAlias></DefinitionAliases></PropertyDef><PropertyDef ifdguid="db01ca80d1e111e1800000215ad4efdf"><Name>ResourceDepletionPerUnit</Name><Definition>Quantity of resources used calculated in equivalent antimony</Definition><PropertyType><TypePropertySingleValue><DataType type="IfcMassMeasure" /></TypePropertySingleValue></PropertyType><NameAliases><NameAlias lang="en">Resource Depletion Per Unit</NameAlias><NameAlias lang="fr-FR">EpuisementRessourcesParUnite</NameAlias><NameAlias lang="ja-JP">単位あたり資源消費</NameAlias><NameAlias lang="ko-KR">단위당 자원소비</NameAlias></NameAliases><DefinitionAliases><DefinitionAlias lang="en" /><DefinitionAlias lang="fr-FR">Quantité de ressources consommées exprimée en équivalent Antimoine telles que définies dans la norme  ISO21930:2007  [NDT : et dans la norme NF P01-010]</DefinitionAlias><DefinitionAlias lang="ja-JP">アンチモンで計算される資源の使用量。</DefinitionAlias><DefinitionAlias lang="ko-KR">안티몬에 해당 환산된 사용 자원 량</DefinitionAlias></DefinitionAliases></PropertyDef><PropertyDef ifdguid="e0f7ab80d1e111e1800000215ad4efdf"><Name>InertWastePerUnit</Name><Definition>Quantity of inert waste generated</Definition><PropertyType><TypePropertySingleValue><DataType type="IfcMassMeasure" /></TypePropertySingleValue></PropertyType><NameAliases><NameAlias lang="en">Inert Waste Per Unit</NameAlias><NameAlias lang="fr-FR">DechetsInertesParUnite</NameAlias><NameAlias lang="ja-JP">単位あたり不活性廃棄物</NameAlias><NameAlias lang="ko-KR">단위당 불황성 폐기물</NameAlias></NameAliases><DefinitionAliases><DefinitionAlias lang="en" /><DefinitionAlias lang="fr-FR">Quantité de déchets inertes générés [NDT : selon la norme NF P01-010]</DefinitionAlias><DefinitionAlias lang="ja-JP">生成された安定廃棄物の量。</DefinitionAlias><DefinitionAlias lang="ko-KR">불활성 폐기물 발생량</DefinitionAlias></DefinitionAliases></PropertyDef><PropertyDef ifdguid="e6ed8c80d1e111e1800000215ad4efdf"><Name>RadioactiveWastePerUnit</Name><Definition>Quantity of radioactive waste generated</Definition><PropertyType><TypePropertySingleValue><DataType type="IfcMassMeasure" /></TypePropertySingleValue></PropertyType><NameAliases><NameAlias lang="en">Radioactive Waste Per Unit</NameAlias><NameAlias lang="fr-FR">DechetsRadioactifsParUnite</NameAlias><NameAlias lang="ja-JP">単位あたり放射性廃棄物</NameAlias><NameAlias lang="ko-KR">단위당 방사성 폐기물</NameAlias></NameAliases><DefinitionAliases><DefinitionAlias lang="en" /><DefinitionAlias lang="fr-FR">Quantité de déchets radioactifs générés [NDT : selon la norme NF P01-010]</DefinitionAlias><DefinitionAlias lang="ja-JP">生成された放射性廃棄物の量。</DefinitionAlias><DefinitionAlias lang="ko-KR">방사성 폐기물 발생량</DefinitionAlias></DefinitionAliases></PropertyDef><PropertyDef ifdguid="ec4ad700d1e111e1800000215ad4efdf"><Name>StratosphericOzoneLayerDestructionPerUnit</Name><Definition>Quantity of gases destroying the stratospheric ozone layer calculated in equivalent CFC-R11</Definition><PropertyType><TypePropertySingleValue><DataType type="IfcMassMeasure" /></TypePropertySingleValue></PropertyType><NameAliases><NameAlias lang="en">Stratospheric Ozone Layer Destruction Per Unit</NameAlias><NameAlias lang="fr-FR">DestructionCoucheOzoneStartospheriqueParUnite</NameAlias><NameAlias lang="ja-JP">単位あたり成層圏オゾン層破壊</NameAlias><NameAlias lang="ko-KR">단위당 성층권 오존층 파괴</NameAlias></NameAliases><DefinitionAliases><DefinitionAlias lang="en" /><DefinitionAlias lang="fr-FR">Quantité de gaz destructeurs de la couche d'ozone exprimée en équivalent CFC-R11 tels que définis dans la norme  ISO21930:2007 [NDT : et dans la norme NF P01-010]</DefinitionAlias><DefinitionAlias lang="ja-JP">CFC-R11で計算される成層圏のオゾン層を破壊するガスの量。</DefinitionAlias><DefinitionAlias lang="ko-KR">CFC-R11에 해당 환산된 성층권 오존층 파괴 가스량</DefinitionAlias></DefinitionAliases></PropertyDef><PropertyDef ifdguid="f2d94e80d1e111e1800000215ad4efdf"><Name>PhotochemicalOzoneFormationPerUnit</Name><Definition>Quantity of gases creating the photochemical ozone calculated in equivalent ethylene</Definition><PropertyType><TypePropertySingleValue><DataType type="IfcMassMeasure" /></TypePropertySingleValue></PropertyType><NameAliases><NameAlias lang="en">Photochemical Ozone Formation Per Unit</NameAlias><NameAlias lang="fr-FR">FormationOzonePhotochimiqueParUnite</NameAlias><NameAlias lang="ja-JP">単位あたり光化学オゾン生成</NameAlias><NameAlias lang="ko-KR">단위당 광화학 오존 생성</NameAlias></NameAliases><DefinitionAliases><DefinitionAlias lang="en" /><DefinitionAlias lang="fr-FR">Quantité de gaz producteurs d'ozone photochimique exprimée en équivalent ethylène tels que définis dans la norme  ISO21930:2007 [NDT : et dans la norme NF P01-010]</DefinitionAlias><DefinitionAlias lang="ja-JP">エチレンで計算される光化学物質オゾンを生成するガスの量。</DefinitionAlias><DefinitionAlias lang="ko-KR">에틸렌에 해당 환산된 광화학 오존 생성 끊 가스량</DefinitionAlias></DefinitionAliases></PropertyDef><PropertyDef ifdguid="f79e0280d1e111e1800000215ad4efdf"><Name>EutrophicationPerUnit</Name><Definition>Quantity of eutrophicating compounds calculated in equivalent PO4</Definition><PropertyType><TypePropertySingleValue><DataType type="IfcMassMeasure" /></TypePropertySingleValue></PropertyType><NameAliases><NameAlias lang="en">Eutrophication Per Unit</NameAlias><NameAlias lang="fr-FR">EutrophisationParUnite</NameAlias><NameAlias lang="ja-JP">単位あたり富栄養化</NameAlias><NameAlias lang="ko-KR">단위당 부영양화</NameAlias></NameAliases><DefinitionAliases><DefinitionAlias lang="en" /><DefinitionAlias lang="fr-FR">Quantité de composés responsables de l'eutrophisation exprimée en équivalent P04 tels que définis dans la norme  ISO21930:2007 [NDT : et dans la norme PrEN15804:2008]</DefinitionAlias><DefinitionAlias lang="ja-JP">PO4で計算される富栄養化する化合物の量。</DefinitionAlias><DefinitionAlias lang="ko-KR">PO4 (인산)에 상응하는 환산되는 부영 양화 성분 물량</DefinitionAlias></DefinitionAliases></PropertyDef></PropertyDefs><PsetDefinitionAliases><PsetDefinitionAlias lang="en" /><PsetDefinitionAlias lang="fr-FR">Définition de l'IAI : Les indicateurs d'impacts environnementaux sont valables pour une unité fonctionnelle, concept défini dans l'ISO 14040. Exemple : fenêtre à double vitrage et à menuiserie en PVC ; l'unité à considérer est "un mètre carré d'ouverture remplie par ce produit".</PsetDefinitionAlias><PsetDefinitionAlias lang="ja-JP">環境影響指標は、「機能単位functional unit (ISO 14040 コンセプト）」に関連があります。機能単位の例は「PVCフレームによる二重ガラス窓」です。そして、考慮する単位は「この製品で満たされた開口要素の1平方メートル」です。
　指標の値は、ライフサイクル全て、または特定の段階（ライフサイクルフェーズLifeCyclePhaseプロパティ参照）だけにあてはまります。全ての指標の値は、期待される耐用年数によって年ごとに表現されます。初めの５つのプロパティは functional unitの特性を捉えています。
以下の特性は、環境指標に関連があります。
５つについての国際的な意見の合意があります。最後のものは、国際レベルで、まだ完全には正式に同意されていない。</PsetDefinitionAlias></PsetDefinitionAliases></PropertySetDef>