﻿<?xml version="1.0" encoding="utf-8"?><PropertySetDef xmlns:xsi="http://www.w3.org/2001/XMLSchema-instance" xmlns:xsd="http://www.w3.org/2001/XMLSchema" ifdguid="4a6bc000d1ca11e1800000215ad4efdf" templatetype="PSET_TYPEDRIVENOVERRIDE" xsi:noNamespaceSchemaLocation="http://buildingSMART-tech.org/xml/psd/PSD_IFC4.xsd" xmlns="http://buildingSMART-tech.org/xml/psd/PSD_IFC4.xsd"><IfcVersion version="IFC4X4" /><Name>Pset_ColumnCommon</Name><Definition>Properties common to the definition of all occurrence and type objects of column.</Definition><Applicability /><ApplicableClasses><ClassName>IfcColumn</ClassName></ApplicableClasses><ApplicableTypeValue>IfcColumn</ApplicableTypeValue><PropertyDefs><PropertyDef ifdguid="522b6480d1ca11e1800000215ad4efdf"><Name>Reference</Name><Definition>Reference ID for this specified type in this project (e.g. type 'A-1'), Also referred to as "construction type". It should be provided as an alternative to the name of the "object type", if the software does not support object types.</Definition><PropertyType><TypePropertySingleValue><DataType type="IfcIdentifier" /></TypePropertySingleValue></PropertyType><NameAliases><NameAlias lang="de-DE">Bauteiltyp</NameAlias><NameAlias lang="en">Reference</NameAlias><NameAlias lang="fr-FR">Reference</NameAlias><NameAlias lang="ja-JP">参照記号</NameAlias><NameAlias lang="zh-CN">参考号</NameAlias></NameAliases><DefinitionAliases><DefinitionAlias lang="de-DE">Bezeichnung zur Zusammenfassung gleichartiger Bauteile zu einem Bauteiltyp (auch Konstruktionstyp genannt). Alternativ zum Namen des "Typobjekts", insbesondere wenn die Software keine Typen unterstützt.</DefinitionAlias><DefinitionAlias lang="en" /><DefinitionAlias lang="fr-FR">Référence à l'identifiant d'un type spécifié dans le contexte du projet (exemple : "type A1") pour désigner un "type de construction". Une alternative au nom d'un objet type lorsque les objets types ne sont pas gérés par le logiciel.</DefinitionAlias><DefinitionAlias lang="ja-JP">このプロジェクトにおける参照記号(例：A-1)。分類コードではなく内部で使用されるプロジェクトタイプとして使用されるもの。</DefinitionAlias><DefinitionAlias lang="zh-CN">若未采用已知的分类系统，则该属性为该项目中该类型构件的参考编号（例如，类型A-1）。</DefinitionAlias></DefinitionAliases></PropertyDef><PropertyDef ifdguid="5a839f80d1ca11e1800000215ad4efdf"><Name>Status</Name><Definition>Status of the element, predominately used in renovation or retrofitting projects. The status can be assigned to as "New" - element designed as new addition, "Existing" - element exists and remains, "Demolish" - element existed but is to be demolished,  "Temporary" - element will exists only temporary (like a temporary support structure).</Definition><PropertyType><TypePropertyEnumeratedValue><EnumList name="PEnum_ElementStatus"><EnumItem>NEW</EnumItem><EnumItem>EXISTING</EnumItem><EnumItem>DEMOLISH</EnumItem><EnumItem>TEMPORARY</EnumItem><EnumItem>OTHER</EnumItem><EnumItem>NOTKNOWN</EnumItem><EnumItem>UNSET</EnumItem></EnumList><ConstantList><ConstantDef><Name>NEW</Name><Definition>element designed as new addition</Definition><NameAliases><NameAlias lang="en">New</NameAlias></NameAliases><DefinitionAliases /></ConstantDef><ConstantDef><Name>EXISTING</Name><Definition>element exists and is to remain</Definition><NameAliases><NameAlias lang="en">Existing</NameAlias></NameAliases><DefinitionAliases /></ConstantDef><ConstantDef><Name>DEMOLISH</Name><Definition>element exists but is to be demolished</Definition><NameAliases><NameAlias lang="en">Demolish</NameAlias></NameAliases><DefinitionAliases /></ConstantDef><ConstantDef><Name>TEMPORARY</Name><Definition>element will exist only temporarily (such as a temporary support structure)</Definition><NameAliases><NameAlias lang="en">Temporary</NameAlias></NameAliases><DefinitionAliases /></ConstantDef><ConstantDef><Name>OTHER</Name><Definition>required category not on scale</Definition><NameAliases><NameAlias lang="en">(other)</NameAlias></NameAliases><DefinitionAliases><DefinitionAlias lang="en">Value is not listed.</DefinitionAlias></DefinitionAliases></ConstantDef><ConstantDef><Name>NOTKNOWN</Name><Definition>Value is unkown</Definition><NameAliases><NameAlias lang="en">(unknown)</NameAlias></NameAliases><DefinitionAliases><DefinitionAlias lang="en">Value is unknown.</DefinitionAlias></DefinitionAliases></ConstantDef><ConstantDef><Name>UNSET</Name><Definition>Value has not been specified</Definition><NameAliases><NameAlias lang="en">(unset)</NameAlias></NameAliases><DefinitionAliases><DefinitionAlias lang="en">Value has not been specified.</DefinitionAlias></DefinitionAliases></ConstantDef></ConstantList></TypePropertyEnumeratedValue></PropertyType><NameAliases><NameAlias lang="de-DE">Status</NameAlias><NameAlias lang="en">Status</NameAlias><NameAlias lang="fr-FR">Statut</NameAlias><NameAlias lang="ja-JP">状態</NameAlias></NameAliases><DefinitionAliases><DefinitionAlias lang="de-DE">Status bzw. Phase des Bauteils insbesondere beim Bauen im Bestand. "Neu" (new) neues Bauteil als Ergänzung, "Bestand" (existing) bestehendes Bauteil, dass erhalten bleibt, "Abbruch" (demolish) Bauteil, das abgebrochen wird, "Temporär" (temporary) Bauteil und andere Bauelemente, die vorübergehend eingebaut werden (wie Abstützungen, etc.)</DefinitionAlias><DefinitionAlias lang="en" /><DefinitionAlias lang="fr-FR">Statut de l'élément, principalement utilisé dans les projets de rénovation et de réhabilitation. Le statut a pour valeur NOUVEAU pour un nouvel élément, EXISTANT pour un élément existant qui est conservé, DEMOLI pour un élément existant à démolir et TEMPORAIRE pour un élément temporaire (comme une structure support provisoire).</DefinitionAlias><DefinitionAlias lang="ja-JP">要素（主にリノベーションまたは改修プロジェクトにおいて）の状態。 状態は、「新規(New)」－新しく追加される要素。「既存」－要素は存在し、かつ残りもの。「破壊」－要素は存在したが、廃棄されるもの。「一時的」－一時的に存在する要素（一時的にサポートしている構造のようなもの）。</DefinitionAlias></DefinitionAliases></PropertyDef><PropertyDef ifdguid="6bccac00d1ca11e1800000215ad4efdf"><Name>Slope</Name><Definition>Slope angle - relative to horizontal (0.0 degrees).

The shape information is provided in addition to the shape representation and the geometric parameters used within. In cases of inconsistency between the geometric parameters and the shape properties, provided in the attached property, the geometric parameters take precedence.   For geometry editing applications, like CAD: this value should be write-only.</Definition><PropertyType><TypePropertySingleValue><DataType type="IfcPlaneAngleMeasure" /></TypePropertySingleValue></PropertyType><NameAliases><NameAlias lang="de-DE">Neigungswinkel</NameAlias><NameAlias lang="en">Slope</NameAlias><NameAlias lang="fr-FR">Inclinaison</NameAlias><NameAlias lang="ja-JP">傾斜</NameAlias><NameAlias lang="zh-CN">坡度</NameAlias></NameAliases><DefinitionAliases><DefinitionAlias lang="de-DE">Neigungswinkel der Stütze relative zur Horizontalen (0 Grad).

Dieser Parameter wird zusätzlich zur geometrischen Repräsentation bereitgestellt. Im Fall der Inkonsistenz zwischen dem Parameter und der Geometrie hat die geometrische Repräsention Priorität. Dieser Parameter ist für CAD Software write-only.</DefinitionAlias><DefinitionAlias lang="en" /><DefinitionAlias lang="fr-FR">Angle d'inclinaison avec l'horizontale (0 degrés). Cette propriété est donnée en complément de la représentation de la forme et des paramètres géométriques qui la déterminent. En cas d'incohérence entre ces paramètres géométriques et cette propriété, ce sont les paramètres géométriques qui priment.</DefinitionAlias><DefinitionAlias lang="ja-JP">傾斜角度。水平を0度とする。</DefinitionAlias><DefinitionAlias lang="zh-CN">相对于水平（0.0度）方向的坡度角。
该属性所提供的形状信息是对内部形状描述和几何参数的补充。如果几何参数与该属性所提供的形状属性不符，应以几何参数为准。对CAD等几何编辑程序，该属性应为只写类型。</DefinitionAlias></DefinitionAliases></PropertyDef><PropertyDef ifdguid="71c28d00d1ca11e1800000215ad4efdf"><Name>Roll</Name><Definition>Rotation against the longitudinal axis - relative to the global  X direction for all columns that are vertical in regard to the global coordinate system (Profile direction equals global X is Roll = 0.). For all non-vertical columns the following applies:  Roll is relative to the global Z direction f(Profile direction of non-vertical columns that equals global Z is Roll = 0.)

The shape information is provided in addition to the shape representation and the geometric parameters used within. In cases of inconsistency between the geometric parameters and the shape properties, provided in the attached property, the geometric parameters take precedence.  For geometry editing applications, like CAD: this value should be write-only.

Note: new property in IFC4</Definition><PropertyType><TypePropertySingleValue><DataType type="IfcPlaneAngleMeasure" /></TypePropertySingleValue></PropertyType><NameAliases><NameAlias lang="de-DE">Drehwinkel</NameAlias><NameAlias lang="en">Roll</NameAlias><NameAlias lang="fr-FR">RotationAutourAxeLongitudinal</NameAlias><NameAlias lang="ja-JP">回転</NameAlias><NameAlias lang="zh-CN">转角</NameAlias></NameAliases><DefinitionAliases><DefinitionAlias lang="de-DE">Drehwinkel der Stütze relative zur globalen X Ausrichtung (O Grad). Bei nicht-vertikalen Stützen wird die Verdrehung analog zu den Balken (Verkippung gegen die Vertikale) angegeben.

Dieser Parameter wird zusätzlich zur geometrischen Repräsentation bereitgestellt. Im Fall der Inkonsistenz zwischen dem Parameter und der Geometrie hat die geometrische Repräsention Priorität. Dieser Parameter ist für CAD Software write-only.</DefinitionAlias><DefinitionAlias lang="en" /><DefinitionAlias lang="fr-FR">Rotation autour de l'axe longitudinal - relativement à l'axe X pour tous les poteaux qui sont verticaux relativement au repère absolu (la direction du profil est celle de l'axe X si la valeur est 0). Pour tous les poteaux non verticaux, la valeur de la propriété est relative à l'axe Z (la direction du profil des poteaux non verticaux est celle de l'axe Z si la valeur est 0). 
Cette propriété est donnée en complément de la représentation de la forme de l'élément et des paramètres géométriques qui la déterminent. En cas d'incohérence entre ces paramètres géométriques et cette propriété, ce sont les paramètres géométriques qui priment. Les applications qui déterminent la géométrie comme les logiciels de CAO ne doivent pas autoriser la modification de cette propriété. Note : nouvelle propriété de la version IFC2x4.</DefinitionAlias><DefinitionAlias lang="ja-JP">柱の長軸に対する回転。</DefinitionAlias><DefinitionAlias lang="zh-CN">相对于纵轴的旋转角。对全局坐标系中的垂直柱，该属性为相对于X轴的角度。（若轮廓方向在X轴上，则转角为0。）对全局坐标系中的非垂直柱，该属性为相对于Z轴的角度。（若轮廓方向在Z轴上，则转角为0。）
该属性所提供的形状信息是对内部形状描述和几何参数的补充。如果几何参数与该属性所提供的形状属性不符，应以几何参数为准。对CAD等几何编辑程序，该属性应为只写类型。
注：IFC2x4新添属性</DefinitionAlias></DefinitionAliases></PropertyDef><PropertyDef ifdguid="77b86e00d1ca11e1800000215ad4efdf"><Name>IsExternal</Name><Definition>Indication whether the element is designed for use in the exterior (TRUE) or not (FALSE). If (TRUE) it is an external element and faces the outside of the building.</Definition><PropertyType><TypePropertySingleValue><DataType type="IfcBoolean" /></TypePropertySingleValue></PropertyType><NameAliases><NameAlias lang="de-DE">Außenbauteil</NameAlias><NameAlias lang="en">Is External</NameAlias><NameAlias lang="fr-FR">EstExterieur</NameAlias><NameAlias lang="ja-JP">外部区分</NameAlias><NameAlias lang="zh-CN">是否外部构件</NameAlias></NameAliases><DefinitionAliases><DefinitionAlias lang="de-DE">Angabe, ob dieses Bauteil ein Aussenbauteil ist (JA) oder ein Innenbauteil (NEIN). Als Aussenbauteil grenzt es an den Aussenraum (oder Erdreich, oder Wasser).</DefinitionAlias><DefinitionAlias lang="en" /><DefinitionAlias lang="fr-FR">Indique si l'élément est conçu pour être utilisé à l'extérieur (VRAI) ou non (FAUX). Si VRAI, c'est un élément extérieur qui donne sur l'extérieur du bâtiment.</DefinitionAlias><DefinitionAlias lang="ja-JP">外部の部材かどうかを示すブーリアン値。もしTRUEの場合、外部の部材で建物の外側に面している。</DefinitionAlias><DefinitionAlias lang="zh-CN">表示该图元是否设计为外部构件。若是，则该图元为外部图元，朝向建筑物的外部。</DefinitionAlias></DefinitionAliases></PropertyDef><PropertyDef ifdguid="7c7d2200d1ca11e1800000215ad4efdf"><Name>ThermalTransmittance</Name><Definition>Thermal transmittance coefficient (U-Value) of the element. Here the total thermal transmittance coefficient through the column within the direction of the thermal flow (including all materials).

Nore: new property in IFC4</Definition><PropertyType><TypePropertySingleValue><DataType type="IfcThermalTransmittanceMeasure" /></TypePropertySingleValue></PropertyType><NameAliases><NameAlias lang="de-DE">U-Wert</NameAlias><NameAlias lang="en">Thermal Transmittance</NameAlias><NameAlias lang="fr-FR">TransmissionThermique</NameAlias><NameAlias lang="ja-JP">熱貫流率</NameAlias><NameAlias lang="zh-CN">导热系数</NameAlias></NameAliases><DefinitionAliases><DefinitionAlias lang="de-DE">Wärmedurchgangskoeffizient (U-Wert) der Materialschichten.
Hier der Gesamtwärmedurchgangskoeffizient des Balkens (in Richtung des Wärmeflusses), angegeben ohne den inneren und äußeren Wärmeübergangswiderstand.</DefinitionAlias><DefinitionAlias lang="en" /><DefinitionAlias lang="fr-FR">Coefficient de transmission thermique surfacique (U). C'est le coefficient global de transmission thermique à travers le poteau dans la direction du flux thermique (tous matériaux inclus). Nouvelle propriété de la version 2x4.</DefinitionAlias><DefinitionAlias lang="ja-JP">熱貫流率U値。ここでは柱を通した熱移動の方向における全体の熱還流率を示す。</DefinitionAlias><DefinitionAlias lang="zh-CN">材料的导热系数（U值）。

表示该柱在传热方向上的整体导热系数（包括所有材料）。

注：IFC2x4新添属性</DefinitionAlias></DefinitionAliases></PropertyDef><PropertyDef ifdguid="8141d600d1ca11e1800000215ad4efdf"><Name>LoadBearing</Name><Definition>Indicates whether the object is intended to carry loads (TRUE) or not (FALSE).</Definition><PropertyType><TypePropertySingleValue><DataType type="IfcBoolean" /></TypePropertySingleValue></PropertyType><NameAliases><NameAlias lang="de-DE">Tragendes Bauteil</NameAlias><NameAlias lang="en">Load Bearing</NameAlias><NameAlias lang="fr-FR">Porteur</NameAlias><NameAlias lang="ja-JP">耐力部材</NameAlias><NameAlias lang="zh-CN">是否承重</NameAlias></NameAliases><DefinitionAliases><DefinitionAlias lang="de-DE">Angabe, ob dieses Bauteil tragend ist (JA) oder nichttragend (NEIN)</DefinitionAlias><DefinitionAlias lang="en" /><DefinitionAlias lang="fr-FR">Indique si l'objet est censé porter des charges (VRAI) ou non (FAUX).</DefinitionAlias><DefinitionAlias lang="ja-JP">荷重に関係している部材かどうかを示すブーリアン値。</DefinitionAlias><DefinitionAlias lang="zh-CN">表示该对象是否需要承重。</DefinitionAlias></DefinitionAliases></PropertyDef><PropertyDef ifdguid="8737b700d1ca11e1800000215ad4efdf"><Name>FireRating</Name><Definition>Fire rating for the element.
It is given according to the national fire safety classification.</Definition><PropertyType><TypePropertySingleValue><DataType type="IfcLabel" /></TypePropertySingleValue></PropertyType><NameAliases><NameAlias lang="de-DE">Feuerwiderstandsklasse</NameAlias><NameAlias lang="en">Fire Rating</NameAlias><NameAlias lang="fr-FR">ResistanceAuFeu</NameAlias><NameAlias lang="ja-JP">耐火等級</NameAlias><NameAlias lang="zh-CN">防火等级</NameAlias></NameAliases><DefinitionAliases><DefinitionAlias lang="de-DE">Feuerwiderstandasklasse gemäß der nationalen oder regionalen Brandschutzverordnung.</DefinitionAlias><DefinitionAlias lang="en" /><DefinitionAlias lang="fr-FR">Classement au feu de l'élément donné selon la classification nationale de sécurité incendie.</DefinitionAlias><DefinitionAlias lang="ja-JP">主要な耐火等級。関連する建築基準法、消防法などの国家基準を参照。</DefinitionAlias><DefinitionAlias lang="zh-CN">该构件的防火等级。
该属性的依据为国家防火安全分级。</DefinitionAlias></DefinitionAliases></PropertyDef></PropertyDefs><PsetDefinitionAliases><PsetDefinitionAlias lang="en" /><PsetDefinitionAlias lang="fr-FR">Définition de l'IAI : propriétés communes à la définition de toutes les instances de la classe IfcColumn</PsetDefinitionAlias><PsetDefinitionAlias lang="ja-JP">IfcColumn(柱)オブジェクトに関する共通プロパティセット定義。</PsetDefinitionAlias><PsetDefinitionAlias lang="zh-CN">所有IfcColumn实例的定义中通用的属性。</PsetDefinitionAlias></PsetDefinitionAliases></PropertySetDef>