﻿<?xml version="1.0" encoding="utf-8"?><PropertySetDef xmlns:xsi="http://www.w3.org/2001/XMLSchema-instance" xmlns:xsd="http://www.w3.org/2001/XMLSchema" ifdguid="0802509f6afc272377df3bc3ab6e7742" templatetype="PSET_TYPEDRIVENOVERRIDE" xsi:noNamespaceSchemaLocation="http://buildingSMART-tech.org/xml/psd/PSD_IFC4.xsd" xmlns="http://buildingSMART-tech.org/xml/psd/PSD_IFC4.xsd"><IfcVersion version="IFC4X4" /><Name>Pset_CommunicationsApplianceTypeTelecommand</Name><Definition>Properties common to a telecommand. This property set is applied to a type or occurrence of _IfcCommunicationsAppliance_ with predefined type TELECOMMAND.</Definition><Applicability /><ApplicableClasses><ClassName>IfcCommunicationsAppliance/TELECOMMAND</ClassName></ApplicableClasses><ApplicableTypeValue>IfcCommunicationsAppliance/TELECOMMAND</ApplicableTypeValue><PropertyDefs><PropertyDef ifdguid="57de8753e8c74d67b8ff1c17886c7180"><Name>NumberOfWorkstations</Name><Definition>Indicates the types or purposes of workstations and their number in the equipment. The defined purpose can be e.g. 'Diagnostic and maintenance', 'Traffic and electric traction', etc.</Definition><PropertyType><TypePropertyTableValue><Expression /><DefiningValue><DataType type="IfcLabel" /></DefiningValue><DefinedValue><DataType type="IfcInteger" /></DefinedValue></TypePropertyTableValue></PropertyType><NameAliases /><DefinitionAliases /></PropertyDef><PropertyDef ifdguid="75b6488247e54b78b05f67116fa25a77"><Name>NumberOfCPUs</Name><Definition>The number of CPUs used by the equipment.</Definition><PropertyType><TypePropertySingleValue><DataType type="IfcInteger" /></TypePropertySingleValue></PropertyType><NameAliases /><DefinitionAliases /></PropertyDef></PropertyDefs><PsetDefinitionAliases /></PropertySetDef>