﻿<?xml version="1.0" encoding="utf-8"?><PropertySetDef xmlns:xsi="http://www.w3.org/2001/XMLSchema-instance" xmlns:xsd="http://www.w3.org/2001/XMLSchema" ifdguid="dc44ee80d20511e1800000215ad4efdf" templatetype="PSET_TYPEDRIVENOVERRIDE" xsi:noNamespaceSchemaLocation="http://buildingSMART-tech.org/xml/psd/PSD_IFC4.xsd" xmlns="http://buildingSMART-tech.org/xml/psd/PSD_IFC4.xsd"><IfcVersion version="IFC4X4" /><Name>Pset_SensorTypeLightSensor</Name><Definition>A device that senses or detects light. HISTORY: LightSensorSensorSetPoint changed to SetPointIlluminance. Range, accuracy and time constant deleted.</Definition><Applicability /><ApplicableClasses><ClassName>IfcSensor/LIGHTSENSOR</ClassName></ApplicableClasses><ApplicableTypeValue>IfcSensor/LIGHTSENSOR</ApplicableTypeValue><PropertyDefs><PropertyDef ifdguid="e1a23900d20511e1800000215ad4efdf"><Name>SetPointIlluminance</Name><Definition>The illuminance value to be sensed. Use IfcPropertyBoundedValue.SetPointValue to set the set point value.</Definition><PropertyType><TypePropertyBoundedValue><DataType type="IfcIlluminanceMeasure" /></TypePropertyBoundedValue></PropertyType><NameAliases><NameAlias lang="en">Set Point Illuminance</NameAlias><NameAlias lang="ja-JP">照度設定値</NameAlias><NameAlias lang="ko-KR">조도 설정</NameAlias></NameAliases><DefinitionAliases><DefinitionAlias lang="en" /><DefinitionAlias lang="ja-JP">感知される照度。
セットポイント値を置くために、IfcPropertyBoundedValue.SetPointValueを使用する。</DefinitionAlias><DefinitionAlias lang="ko-KR">감지하는 조도. 세트 포인트 값을 넣으려면, IfcPropertyBoundedValue.SetPointValue를 사용하십시오.</DefinitionAlias></DefinitionAliases></PropertyDef></PropertyDefs><PsetDefinitionAliases><PsetDefinitionAlias lang="en" /><PsetDefinitionAlias lang="ja-JP">光を感知または検出するデバイス。</PsetDefinitionAlias></PsetDefinitionAliases></PropertySetDef>