﻿<?xml version="1.0" encoding="utf-8"?><PropertySetDef xmlns:xsi="http://www.w3.org/2001/XMLSchema-instance" xmlns:xsd="http://www.w3.org/2001/XMLSchema" ifdguid="4792be80d20e11e1800000215ad4efdf" templatetype="PSET_TYPEDRIVENOVERRIDE" xsi:noNamespaceSchemaLocation="http://buildingSMART-tech.org/xml/psd/PSD_IFC4.xsd" xmlns="http://buildingSMART-tech.org/xml/psd/PSD_IFC4.xsd"><IfcVersion version="IFC4X4" /><Name>Pset_SwitchingDeviceTypeMomentarySwitch</Name><Definition>A momentary switch is a switch that does not hold state.  HISTORY: Added in IFC4.</Definition><Applicability /><ApplicableClasses><ClassName>IfcSwitchingDevice/MOMENTARYSWITCH</ClassName></ApplicableClasses><ApplicableTypeValue>IfcSwitchingDevice/MOMENTARYSWITCH</ApplicableTypeValue><PropertyDefs><PropertyDef ifdguid="4c577280d20e11e1800000215ad4efdf"><Name>MomentaryType</Name><Definition>A list of the available types of momentary switch from which that required may be selected.</Definition><PropertyType><TypePropertyEnumeratedValue><EnumList name="PEnum_SwitchingDeviceMomentarySwitchType"><EnumItem>BUTTON</EnumItem><EnumItem>OTHER</EnumItem><EnumItem>NOTKNOWN</EnumItem><EnumItem>UNSET</EnumItem></EnumList><ConstantList><ConstantDef><Name>BUTTON</Name><NameAliases><NameAlias lang="en">Button</NameAlias></NameAliases><DefinitionAliases /></ConstantDef><ConstantDef><Name>OTHER</Name><Definition>required category not on scale</Definition><NameAliases><NameAlias lang="en">(other)</NameAlias></NameAliases><DefinitionAliases><DefinitionAlias lang="en">Value is not listed.</DefinitionAlias></DefinitionAliases></ConstantDef><ConstantDef><Name>NOTKNOWN</Name><Definition>Value is unkown</Definition><NameAliases><NameAlias lang="en">(unknown)</NameAlias></NameAliases><DefinitionAliases><DefinitionAlias lang="en">Value is unknown.</DefinitionAlias></DefinitionAliases></ConstantDef><ConstantDef><Name>UNSET</Name><Definition>Value has not been specified</Definition><NameAliases><NameAlias lang="en">(unset)</NameAlias></NameAliases><DefinitionAliases><DefinitionAlias lang="en">Value has not been specified.</DefinitionAlias></DefinitionAliases></ConstantDef></ConstantList></TypePropertyEnumeratedValue></PropertyType><NameAliases><NameAlias lang="en">Momentary Type</NameAlias><NameAlias lang="ja-JP">瞬時スイッチタイプ</NameAlias><NameAlias lang="ko-KR">순간스위치 유형</NameAlias></NameAliases><DefinitionAliases><DefinitionAlias lang="en" /><DefinitionAlias lang="ja-JP">選択が必要となる、自動復帰スイッチの一覧リスト。</DefinitionAlias><DefinitionAlias lang="ko-KR">선택이 필요한 자동 복귀 스위치 목록</DefinitionAlias></DefinitionAliases></PropertyDef></PropertyDefs><PsetDefinitionAliases><PsetDefinitionAlias lang="en" /><PsetDefinitionAlias lang="ja-JP">瞬時スイッチ（モーメンタリスイッチ）は状態を保持しないタイプのスイッチ。
履歴： IFC4に追加。</PsetDefinitionAlias></PsetDefinitionAliases></PropertySetDef>