﻿<?xml version="1.0" encoding="utf-8"?><PropertySetDef xmlns:xsi="http://www.w3.org/2001/XMLSchema-instance" xmlns:xsd="http://www.w3.org/2001/XMLSchema" ifdguid="9058d945317adacd62ad7a305741b2c4" templatetype="PSET_TYPEDRIVENOVERRIDE" xsi:noNamespaceSchemaLocation="http://buildingSMART-tech.org/xml/psd/PSD_IFC4.xsd" xmlns="http://buildingSMART-tech.org/xml/psd/PSD_IFC4.xsd"><IfcVersion version="IFC4X4" /><Name>Pset_ElementAssemblyTypeTractionSwitchingAssembly</Name><Definition>Energy switching assembly properties used in railway. The property set can be used by the predefined type TRACTION_SWITCHING_ASSEMBLY of IfcElementAssembly.</Definition><Applicability /><ApplicableClasses><ClassName>IfcElementAssembly/TRACTION_SWITCHING_ASSEMBLY</ClassName></ApplicableClasses><ApplicableTypeValue>IfcElementAssembly/TRACTION_SWITCHING_ASSEMBLY</ApplicableTypeValue><PropertyDefs><PropertyDef ifdguid="5fac1300d1f911e1800000215ad4efdf"><Name>NominalCurrent</Name><Definition>A set of nominal currents in [A] for which the data of this instance is valid. At least one value shall be provided. Any value in the set shall not exceed the value of the 
UltimateRatedCurrent associated with the same breaker unit.</Definition><PropertyType><TypePropertySingleValue><DataType type="IfcElectricCurrentMeasure" /></TypePropertySingleValue></PropertyType><NameAliases><NameAlias lang="en">Nominal Current</NameAlias><NameAlias lang="ja-JP">定格電流</NameAlias><NameAlias lang="ko-KR">정격전류</NameAlias></NameAliases><DefinitionAliases><DefinitionAlias lang="en" /><DefinitionAlias lang="ja-JP">定格電流[A]を少なくても1つ値をセットしなければならない。
 セット内の任意の値の値を超えてはならない。
 定格電流は、同じブレーカ部に関連付けられている。</DefinitionAlias><DefinitionAlias lang="ko-KR">정격 전류 [A]를 적어도 1 개의 값을 설정해야한다.   동일한 차단기부와 연결된 정격전류는세트 내의 임의의 값은 초과할 수 없다.</DefinitionAlias></DefinitionAliases></PropertyDef><PropertyDef ifdguid="b3e011abb1104cd1ae4010b5eaecaceb"><Name>NominalPower</Name><Definition>A conventional value of apparent power determining a value of the rated current that may be carried with rated voltage applied, under specified conditions. ( IEV ref 421-04-04)</Definition><PropertyType><TypePropertySingleValue><DataType type="IfcPowerMeasure" /></TypePropertySingleValue></PropertyType><NameAliases /><DefinitionAliases /></PropertyDef><PropertyDef ifdguid="3ecaca00d1c711e1800000215ad4efdf"><Name>RatedVoltage</Name><Definition>The range of allowed voltage that a device is certified to handle. The upper bound of this value is the maximum.</Definition><PropertyType><TypePropertyBoundedValue><DataType type="IfcElectricVoltageMeasure" /></TypePropertyBoundedValue></PropertyType><NameAliases><NameAlias lang="en">Rated Voltage</NameAlias><NameAlias lang="ja-JP">定格電圧</NameAlias><NameAlias lang="ko-KR">정격 전압</NameAlias></NameAliases><DefinitionAliases><DefinitionAlias lang="en" /><DefinitionAlias lang="ja-JP">使用できることが許可されている許容電圧。</DefinitionAlias><DefinitionAlias lang="ko-KR">사용할 수있는 권한이있는 허용 전압.</DefinitionAlias></DefinitionAliases></PropertyDef><PropertyDef ifdguid="55fbb56361a24104a0e4b53d8e4cffd5"><Name>DesignAmbientTemperature</Name><Definition>The highest and lowest local ambient temperature likely to be encountered.</Definition><PropertyType><TypePropertyBoundedValue><DataType type="IfcThermodynamicTemperatureMeasure" /></TypePropertyBoundedValue></PropertyType><NameAliases><NameAlias lang="en">Design Ambient Temperature</NameAlias></NameAliases><DefinitionAliases><DefinitionAlias lang="en" /></DefinitionAliases></PropertyDef></PropertyDefs><PsetDefinitionAliases /></PropertySetDef>