﻿<?xml version="1.0" encoding="utf-8"?><PropertySetDef xmlns:xsi="http://www.w3.org/2001/XMLSchema-instance" xmlns:xsd="http://www.w3.org/2001/XMLSchema" ifdguid="ad6a12c3c6894036b588ba06d9c5fdfc" templatetype="PSET_TYPEDRIVENOVERRIDE" xsi:noNamespaceSchemaLocation="http://buildingSMART-tech.org/xml/psd/PSD_IFC4.xsd" xmlns="http://buildingSMART-tech.org/xml/psd/PSD_IFC4.xsd"><IfcVersion version="IFC4X4" /><Name>Pset_MarineVehicleDesignCriteria</Name><Definition>Properties common to the definition of design criteria of all occurrences of _IfcTransportElement_ and types of _IfcTransportElementType_ with the predefined type set to MARINEVEHICLE</Definition><Applicability /><ApplicableClasses><ClassName>IfcVehicle/VEHICLEMARINE</ClassName></ApplicableClasses><ApplicableTypeValue>IfcVehicle/VEHICLEMARINE</ApplicableTypeValue><PropertyDefs><PropertyDef ifdguid="e1e323fad0da4dfcb7600db37ef41d3a"><Name>AllowableHullPressure</Name><Definition>Allowable contact pressure between fender and hull</Definition><PropertyType><TypePropertySingleValue><DataType type="IfcPressureMeasure" /></TypePropertySingleValue></PropertyType><NameAliases /><DefinitionAliases /></PropertyDef><PropertyDef ifdguid="5dccf56af4cf4f39bcfa5f6a81dfead9"><Name>SoftnessCoefficient</Name><Definition>Vessel flexibility factor - proportion of impact energy absorbed by the hull.</Definition><PropertyType><TypePropertySingleValue><DataType type="IfcPositiveRatioMeasure" /></TypePropertySingleValue></PropertyType><NameAliases /><DefinitionAliases /></PropertyDef></PropertyDefs><PsetDefinitionAliases /></PropertySetDef>