﻿<?xml version="1.0" encoding="utf-8"?><PropertySetDef xmlns:xsi="http://www.w3.org/2001/XMLSchema-instance" xmlns:xsd="http://www.w3.org/2001/XMLSchema" ifdguid="b7cf1f00d1d111e1800000215ad4efdf" templatetype="PSET_TYPEDRIVENOVERRIDE" xsi:noNamespaceSchemaLocation="http://buildingSMART-tech.org/xml/psd/PSD_IFC4.xsd" xmlns="http://buildingSMART-tech.org/xml/psd/PSD_IFC4.xsd"><IfcVersion version="IFC4X4" /><Name>Pset_DamperTypeFireDamper</Name><Definition>Fire damper type attributes.
Pset renamed from Pset_DamperTypeFire to Pset_DamperTypeFireDamper in IFC2x2 Pset Addendum.</Definition><Applicability /><ApplicableClasses><ClassName>IfcDamper/FIREDAMPER</ClassName></ApplicableClasses><ApplicableTypeValue>IfcDamper/FIREDAMPER</ApplicableTypeValue><PropertyDefs><PropertyDef ifdguid="bc93d300d1d111e1800000215ad4efdf"><Name>ActuationType</Name><Definition>Enumeration that identifies the different types of dampers.</Definition><PropertyType><TypePropertyEnumeratedValue><EnumList name="PEnum_FireDamperActuationType"><EnumItem>GRAVITY</EnumItem><EnumItem>SPRING</EnumItem><EnumItem>OTHER</EnumItem><EnumItem>NOTKNOWN</EnumItem><EnumItem>UNSET</EnumItem></EnumList><ConstantList><ConstantDef><Name>GRAVITY</Name><NameAliases><NameAlias lang="en">Gravity</NameAlias></NameAliases><DefinitionAliases /></ConstantDef><ConstantDef><Name>SPRING</Name><NameAliases><NameAlias lang="en">Spring</NameAlias></NameAliases><DefinitionAliases /></ConstantDef><ConstantDef><Name>OTHER</Name><Definition>required category not on scale</Definition><NameAliases><NameAlias lang="en">(other)</NameAlias></NameAliases><DefinitionAliases><DefinitionAlias lang="en">Value is not listed.</DefinitionAlias></DefinitionAliases></ConstantDef><ConstantDef><Name>NOTKNOWN</Name><Definition>Value is unkown</Definition><NameAliases><NameAlias lang="en">(unknown)</NameAlias></NameAliases><DefinitionAliases><DefinitionAlias lang="en">Value is unknown.</DefinitionAlias></DefinitionAliases></ConstantDef><ConstantDef><Name>UNSET</Name><Definition>Value has not been specified</Definition><NameAliases><NameAlias lang="en">(unset)</NameAlias></NameAliases><DefinitionAliases><DefinitionAlias lang="en">Value has not been specified.</DefinitionAlias></DefinitionAliases></ConstantDef></ConstantList></TypePropertyEnumeratedValue></PropertyType><NameAliases><NameAlias lang="en">Actuation Type</NameAlias></NameAliases><DefinitionAliases><DefinitionAlias lang="en" /></DefinitionAliases></PropertyDef><PropertyDef ifdguid="c9182b80d1d111e1800000215ad4efdf"><Name>ClosureRatingEnum</Name><Definition>Enumeration that identifies the closure rating for the damper.</Definition><PropertyType><TypePropertyEnumeratedValue><EnumList name="PEnum_FireDamperClosureRating"><EnumItem>DYNAMIC</EnumItem><EnumItem>STATIC</EnumItem><EnumItem>OTHER</EnumItem><EnumItem>NOTKNOWN</EnumItem><EnumItem>UNSET</EnumItem></EnumList><ConstantList><ConstantDef><Name>DYNAMIC</Name><NameAliases><NameAlias lang="en">Dynamic</NameAlias></NameAliases><DefinitionAliases /></ConstantDef><ConstantDef><Name>STATIC</Name><NameAliases><NameAlias lang="en">Static</NameAlias></NameAliases><DefinitionAliases /></ConstantDef><ConstantDef><Name>OTHER</Name><Definition>required category not on scale</Definition><NameAliases><NameAlias lang="en">(other)</NameAlias></NameAliases><DefinitionAliases><DefinitionAlias lang="en">Value is not listed.</DefinitionAlias></DefinitionAliases></ConstantDef><ConstantDef><Name>NOTKNOWN</Name><Definition>Value is unkown</Definition><NameAliases><NameAlias lang="en">(unknown)</NameAlias></NameAliases><DefinitionAliases><DefinitionAlias lang="en">Value is unknown.</DefinitionAlias></DefinitionAliases></ConstantDef><ConstantDef><Name>UNSET</Name><Definition>Value has not been specified</Definition><NameAliases><NameAlias lang="en">(unset)</NameAlias></NameAliases><DefinitionAliases><DefinitionAlias lang="en">Value has not been specified.</DefinitionAlias></DefinitionAliases></ConstantDef></ConstantList></TypePropertyEnumeratedValue></PropertyType><NameAliases><NameAlias lang="en">Closure Rating Enum</NameAlias></NameAliases><DefinitionAliases><DefinitionAlias lang="en" /></DefinitionAliases></PropertyDef><PropertyDef ifdguid="d6351a80d1d111e1800000215ad4efdf"><Name>FireResistanceRating</Name><Definition>Measure of the fire resistance rating in hours (e.g., 1.5 hours, 2 hours, etc.).</Definition><PropertyType><TypePropertySingleValue><DataType type="IfcLabel" /></TypePropertySingleValue></PropertyType><NameAliases><NameAlias lang="en">Fire Resistance Rating</NameAlias></NameAliases><DefinitionAliases><DefinitionAlias lang="en" /></DefinitionAliases></PropertyDef><PropertyDef ifdguid="dc2afb80d1d111e1800000215ad4efdf"><Name>FusibleLinkTemperature</Name><Definition>The temperature that the fusible link melts.</Definition><PropertyType><TypePropertySingleValue><DataType type="IfcThermodynamicTemperatureMeasure" /></TypePropertySingleValue></PropertyType><NameAliases><NameAlias lang="en">Fusible Link Temperature</NameAlias></NameAliases><DefinitionAliases><DefinitionAlias lang="en" /></DefinitionAliases></PropertyDef></PropertyDefs><PsetDefinitionAliases><PsetDefinitionAlias lang="en" /></PsetDefinitionAliases></PropertySetDef>