﻿<?xml version="1.0" encoding="utf-8"?><PropertySetDef xmlns:xsi="http://www.w3.org/2001/XMLSchema-instance" xmlns:xsd="http://www.w3.org/2001/XMLSchema" ifdguid="52cff500d1e211e1800000215ad4efdf" templatetype="PSET_PERFORMANCEDRIVEN" xsi:noNamespaceSchemaLocation="http://buildingSMART-tech.org/xml/psd/PSD_IFC4.xsd" xmlns="http://buildingSMART-tech.org/xml/psd/PSD_IFC4.xsd"><IfcVersion version="IFC4X4" /><Name>Pset_EvaporativeCoolerPHistory</Name><Definition>Evaporative cooler performance history attributes.</Definition><Applicability /><ApplicableClasses><ClassName>IfcEvaporativeCooler</ClassName></ApplicableClasses><ApplicableTypeValue>IfcEvaporativeCooler</ApplicableTypeValue><PropertyDefs><PropertyDef ifdguid="582d3f80d1e211e1800000215ad4efdf"><Name>WaterSumpTemperature</Name><Definition>Water sump temperature.</Definition><PropertyType><TypePropertyReferenceValue reftype="IfcTimeSeries" /></PropertyType><NameAliases><NameAlias lang="en">Water Sump Temperature</NameAlias><NameAlias lang="ja-JP">液温度</NameAlias></NameAliases><DefinitionAliases><DefinitionAlias lang="en" /><DefinitionAlias lang="ja-JP">液温度　（水溜り温度）</DefinitionAlias></DefinitionAliases></PropertyDef><PropertyDef ifdguid="5c595d00d1e211e1800000215ad4efdf"><Name>Effectiveness</Name><Definition>Ratio of the change in dry bulb temperature of the (primary) air stream to the difference between the entering dry bulb temperature of the (primary) air and the wet-bulb temperature of the (secondary) air.</Definition><PropertyType><TypePropertyReferenceValue reftype="IfcTimeSeries" /></PropertyType><NameAliases><NameAlias lang="en">Effectiveness</NameAlias><NameAlias lang="ja-JP">効率</NameAlias></NameAliases><DefinitionAliases><DefinitionAlias lang="en" /><DefinitionAlias lang="ja-JP">（一次）空気の入力乾球温度と（二次）空気の湿球温度の差に対する（一次）空気の流れの乾球温度の変化の割合。</DefinitionAlias></DefinitionAliases></PropertyDef><PropertyDef ifdguid="5f544d80d1e211e1800000215ad4efdf"><Name>SensibleHeatTransferRate</Name><Definition>Sensible heat transfer rate to primary air flow.</Definition><PropertyType><TypePropertyReferenceValue reftype="IfcTimeSeries" /></PropertyType><NameAliases><NameAlias lang="en">Sensible Heat Transfer Rate</NameAlias><NameAlias lang="ja-JP">顕熱交換量</NameAlias></NameAliases><DefinitionAliases><DefinitionAlias lang="en" /><DefinitionAlias lang="ja-JP">一次空気流の顕熱交換量</DefinitionAlias></DefinitionAliases></PropertyDef><PropertyDef ifdguid="62e7d480d1e211e1800000215ad4efdf"><Name>LatentHeatTransferRate</Name><Definition>Latent heat transfer rate to primary air flow.</Definition><PropertyType><TypePropertyReferenceValue reftype="IfcTimeSeries" /></PropertyType><NameAliases><NameAlias lang="en">Latent Heat Transfer Rate</NameAlias><NameAlias lang="ja-JP">潜熱交換量</NameAlias></NameAliases><DefinitionAliases><DefinitionAlias lang="en" /><DefinitionAlias lang="ja-JP">一次空気流の潜熱交換量</DefinitionAlias></DefinitionAliases></PropertyDef><PropertyDef ifdguid="65e2c500d1e211e1800000215ad4efdf"><Name>TotalHeatTransferRate</Name><Definition>Total heat transfer rate to primary air flow.</Definition><PropertyType><TypePropertyReferenceValue reftype="IfcTimeSeries" /></PropertyType><NameAliases><NameAlias lang="en">Total Heat Transfer Rate</NameAlias><NameAlias lang="ja-JP">全熱交換量</NameAlias></NameAliases><DefinitionAliases><DefinitionAlias lang="en" /><DefinitionAlias lang="ja-JP">一次空気流の全熱交換量</DefinitionAlias></DefinitionAliases></PropertyDef></PropertyDefs><PsetDefinitionAliases><PsetDefinitionAlias lang="en" /><PsetDefinitionAlias lang="ja-JP">蒸発冷却器の性能履歴属性</PsetDefinitionAlias></PsetDefinitionAliases></PropertySetDef>