﻿<?xml version="1.0" encoding="utf-8"?><PropertySetDef xmlns:xsi="http://www.w3.org/2001/XMLSchema-instance" xmlns:xsd="http://www.w3.org/2001/XMLSchema" ifdguid="29ca5700d21811e1800000215ad4efdf" templatetype="PSET_TYPEDRIVENOVERRIDE" xsi:noNamespaceSchemaLocation="http://buildingSMART-tech.org/xml/psd/PSD_IFC4.xsd" xmlns="http://buildingSMART-tech.org/xml/psd/PSD_IFC4.xsd"><IfcVersion version="IFC4X4" /><Name>Pset_WasteTerminalTypeRoofDrain</Name><Definition>Pipe fitting, set into the roof, that collects rainwater for discharge into the rainwater system.</Definition><Applicability /><ApplicableClasses><ClassName>IfcWasteTerminal/ROOFDRAIN</ClassName></ApplicableClasses><ApplicableTypeValue>IfcWasteTerminal/ROOFDRAIN</ApplicableTypeValue><PropertyDefs><PropertyDef ifdguid="2df67480d21811e1800000215ad4efdf"><Name>NominalBodyLength</Name><Definition>Nominal or quoted length measured along the x-axis in the local coordinate system or the radius (in the case of a circular shape in plan) of the drain.</Definition><PropertyType><TypePropertySingleValue><DataType type="IfcPositiveLengthMeasure" /></TypePropertySingleValue></PropertyType><NameAliases><NameAlias lang="en">Nominal Body Length</NameAlias><NameAlias lang="ja-JP">呼称躯体長</NameAlias></NameAliases><DefinitionAliases><DefinitionAlias lang="en" /><DefinitionAlias lang="ja-JP">半径か局所座標系のＸ軸に沿って測定された呼称もしくは積算された配管の長さ。</DefinitionAlias></DefinitionAliases></PropertyDef><PropertyDef ifdguid="364eaf80d21811e1800000215ad4efdf"><Name>NominalBodyWidth</Name><Definition>Nominal or quoted length measured along the y-axis in the local coordinate system of the drain.</Definition><PropertyType><TypePropertySingleValue><DataType type="IfcPositiveLengthMeasure" /></TypePropertySingleValue></PropertyType><NameAliases><NameAlias lang="en">Nominal Body Width</NameAlias><NameAlias lang="ja-JP">呼称躯体幅</NameAlias></NameAliases><DefinitionAliases><DefinitionAlias lang="en" /><DefinitionAlias lang="ja-JP">半径か局所座標系のＹ軸に沿って測定された呼称もしくは積算された配管の長さ。</DefinitionAlias></DefinitionAliases></PropertyDef><PropertyDef ifdguid="3e0e5400d21811e1800000215ad4efdf"><Name>NominalBodyDepth</Name><Definition>Nominal or quoted length measured along the z-axis in the local coordinate system of the drain.</Definition><PropertyType><TypePropertySingleValue><DataType type="IfcPositiveLengthMeasure" /></TypePropertySingleValue></PropertyType><NameAliases><NameAlias lang="en">Nominal Body Depth</NameAlias><NameAlias lang="ja-JP">呼称躯体深さ</NameAlias></NameAliases><DefinitionAliases><DefinitionAlias lang="en" /><DefinitionAlias lang="ja-JP">半径か局所座標系のZ軸に沿って測定された呼称もしくは積算された配管の長さ。</DefinitionAlias></DefinitionAliases></PropertyDef><PropertyDef ifdguid="46668f00d21811e1800000215ad4efdf"><Name>OutletConnectionSize</Name><Definition>Size of the outlet connection from the object.</Definition><PropertyType><TypePropertySingleValue><DataType type="IfcPositiveLengthMeasure" /></TypePropertySingleValue></PropertyType><NameAliases><NameAlias lang="en">Outlet Connection Size</NameAlias><NameAlias lang="ja-JP">排気口接続口サイズ</NameAlias></NameAliases><DefinitionAliases><DefinitionAlias lang="en" /><DefinitionAlias lang="ja-JP">要素からの接続口口径。</DefinitionAlias></DefinitionAliases></PropertyDef><PropertyDef ifdguid="4ebeca00d21811e1800000215ad4efdf"><Name>CoverLength</Name><Definition>The length measured along the x-axis in the local coordinate system or the radius (in the case of a circular shape in plan) of the cover of the drain.</Definition><PropertyType><TypePropertySingleValue><DataType type="IfcPositiveLengthMeasure" /></TypePropertySingleValue></PropertyType><NameAliases><NameAlias lang="en">Cover Length</NameAlias><NameAlias lang="ja-JP">カバーの長さ</NameAlias></NameAliases><DefinitionAliases><DefinitionAlias lang="en" /><DefinitionAlias lang="ja-JP">局所座標系のX軸に沿うか、半径（円状の形の場合）で測定された配管カバーの長さ。</DefinitionAlias></DefinitionAliases></PropertyDef><PropertyDef ifdguid="57170500d21811e1800000215ad4efdf"><Name>CoverWidth</Name><Definition>The length measured along the y-axis in the local coordinate system of the cover of the  drain.</Definition><PropertyType><TypePropertySingleValue><DataType type="IfcPositiveLengthMeasure" /></TypePropertySingleValue></PropertyType><NameAliases><NameAlias lang="en">Cover Width</NameAlias><NameAlias lang="ja-JP">カバーの幅</NameAlias></NameAliases><DefinitionAliases><DefinitionAlias lang="en" /><DefinitionAlias lang="ja-JP">局所座標系のY軸で測定された配管カバーの長さ。</DefinitionAlias></DefinitionAliases></PropertyDef></PropertyDefs><PsetDefinitionAliases><PsetDefinitionAlias lang="en" /><PsetDefinitionAlias lang="ja-JP">雨水排出設備に排出されるように雨水を集めるために屋根に設置される配管。</PsetDefinitionAlias></PsetDefinitionAliases></PropertySetDef>