﻿<?xml version="1.0" encoding="utf-8"?><PropertySetDef xmlns:xsi="http://www.w3.org/2001/XMLSchema-instance" xmlns:xsd="http://www.w3.org/2001/XMLSchema" ifdguid="345ffe80d1ce11e1800000215ad4efdf" templatetype="PSET_PERFORMANCEDRIVEN" xsi:noNamespaceSchemaLocation="http://buildingSMART-tech.org/xml/psd/PSD_IFC4.xsd" xmlns="http://buildingSMART-tech.org/xml/psd/PSD_IFC4.xsd"><IfcVersion version="IFC4X4" /><Name>Pset_CooledBeamPHistory</Name><Definition>Common performance history attributes for a cooled beam.</Definition><Applicability /><ApplicableClasses><ClassName>IfcCooledBeam</ClassName></ApplicableClasses><ApplicableTypeValue>IfcCooledBeam</ApplicableTypeValue><PropertyDefs><PropertyDef ifdguid="39bd4900d1ce11e1800000215ad4efdf"><Name>TotalCoolingCapacity</Name><Definition>Total cooling capacity. This includes cooling capacity of beam and cooling capacity of supply air.</Definition><PropertyType><TypePropertyReferenceValue reftype="IfcTimeSeries" /></PropertyType><NameAliases><NameAlias lang="en">Total Cooling Capacity</NameAlias></NameAliases><DefinitionAliases><DefinitionAlias lang="en" /></DefinitionAliases></PropertyDef><PropertyDef ifdguid="3cb83980d1ce11e1800000215ad4efdf"><Name>TotalHeatingCapacity</Name><Definition>Total heating capacity. This includes heating capacity of beam and heating capacity of supply air.</Definition><PropertyType><TypePropertyReferenceValue reftype="IfcTimeSeries" /></PropertyType><NameAliases><NameAlias lang="en">Total Heating Capacity</NameAlias></NameAliases><DefinitionAliases><DefinitionAlias lang="en" /></DefinitionAliases></PropertyDef><PropertyDef ifdguid="404bc080d1ce11e1800000215ad4efdf"><Name>BeamCoolingCapacity</Name><Definition>Cooling capacity of beam. This excludes cooling capacity of supply air.</Definition><PropertyType><TypePropertyReferenceValue reftype="IfcTimeSeries" /></PropertyType><NameAliases><NameAlias lang="en">Beam Cooling Capacity</NameAlias></NameAliases><DefinitionAliases><DefinitionAlias lang="en" /></DefinitionAliases></PropertyDef><PropertyDef ifdguid="4346b100d1ce11e1800000215ad4efdf"><Name>BeamHeatingCapacity</Name><Definition>Heating capacity of beam. This excludes heating capacity of supply air.</Definition><PropertyType><TypePropertyReferenceValue reftype="IfcTimeSeries" /></PropertyType><NameAliases><NameAlias lang="en">Beam Heating Capacity</NameAlias></NameAliases><DefinitionAliases><DefinitionAlias lang="en" /></DefinitionAliases></PropertyDef><PropertyDef ifdguid="4641a180d1ce11e1800000215ad4efdf"><Name>CoolingWaterFlowRate</Name><Definition>Water flow rate for cooling.</Definition><PropertyType><TypePropertyReferenceValue reftype="IfcTimeSeries" /></PropertyType><NameAliases><NameAlias lang="en">Cooling Water Flow Rate</NameAlias></NameAliases><DefinitionAliases><DefinitionAlias lang="en" /></DefinitionAliases></PropertyDef><PropertyDef ifdguid="493c9200d1ce11e1800000215ad4efdf"><Name>HeatingWaterFlowRate</Name><Definition>Water flow rate for heating.</Definition><PropertyType><TypePropertyReferenceValue reftype="IfcTimeSeries" /></PropertyType><NameAliases><NameAlias lang="en">Heating Water Flow Rate</NameAlias></NameAliases><DefinitionAliases><DefinitionAlias lang="en" /></DefinitionAliases></PropertyDef><PropertyDef ifdguid="4cd01900d1ce11e1800000215ad4efdf"><Name>CorrectionFactorForCooling</Name><Definition>Correction factor k as a function of water flow rate (used to calculate cooling capacity).</Definition><PropertyType><TypePropertyReferenceValue reftype="IfcTimeSeries" /></PropertyType><NameAliases><NameAlias lang="en">Correction Factor For Cooling</NameAlias></NameAliases><DefinitionAliases><DefinitionAlias lang="en" /></DefinitionAliases></PropertyDef><PropertyDef ifdguid="5063a000d1ce11e1800000215ad4efdf"><Name>CorrectionFactorForHeating</Name><Definition>Correction factor k as a function of water flow rate (used to calculate heating capacity).</Definition><PropertyType><TypePropertyReferenceValue reftype="IfcTimeSeries" /></PropertyType><NameAliases><NameAlias lang="en">Correction Factor For Heating</NameAlias></NameAliases><DefinitionAliases><DefinitionAlias lang="en" /></DefinitionAliases></PropertyDef><PropertyDef ifdguid="53f72700d1ce11e1800000215ad4efdf"><Name>WaterPressureDropCurves</Name><Definition>Water pressure drop as function of water flow rate.</Definition><PropertyType><TypePropertyReferenceValue reftype="IfcTimeSeries" /></PropertyType><NameAliases><NameAlias lang="en">Water Pressure Drop Curves</NameAlias></NameAliases><DefinitionAliases><DefinitionAlias lang="en" /></DefinitionAliases></PropertyDef><PropertyDef ifdguid="578aae00d1ce11e1800000215ad4efdf"><Name>SupplyWaterTemperatureCooling</Name><Definition>Supply water temperature in cooling mode.</Definition><PropertyType><TypePropertyReferenceValue reftype="IfcTimeSeries" /></PropertyType><NameAliases><NameAlias lang="en">Supply Water Temperature Cooling</NameAlias></NameAliases><DefinitionAliases><DefinitionAlias lang="en" /></DefinitionAliases></PropertyDef><PropertyDef ifdguid="59ed0800d1ce11e1800000215ad4efdf"><Name>ReturnWaterTemperatureCooling</Name><Definition>Return water temperature in cooling mode.</Definition><PropertyType><TypePropertyReferenceValue reftype="IfcTimeSeries" /></PropertyType><NameAliases><NameAlias lang="en">Return Water Temperature Cooling</NameAlias></NameAliases><DefinitionAliases><DefinitionAlias lang="en" /></DefinitionAliases></PropertyDef><PropertyDef ifdguid="5ce7f880d1ce11e1800000215ad4efdf"><Name>SupplyWaterTemperatureHeating</Name><Definition>Supply water temperature in heating mode.</Definition><PropertyType><TypePropertyReferenceValue reftype="IfcTimeSeries" /></PropertyType><NameAliases><NameAlias lang="en">Supply Water Temperature Heating</NameAlias></NameAliases><DefinitionAliases><DefinitionAlias lang="en" /></DefinitionAliases></PropertyDef><PropertyDef ifdguid="607b7f80d1ce11e1800000215ad4efdf"><Name>ReturnWaterTemperatureHeating</Name><Definition>Return water temperature in heating mode.</Definition><PropertyType><TypePropertyReferenceValue reftype="IfcTimeSeries" /></PropertyType><NameAliases><NameAlias lang="en">Return Water Temperature Heating</NameAlias></NameAliases><DefinitionAliases><DefinitionAlias lang="en" /></DefinitionAliases></PropertyDef></PropertyDefs><PsetDefinitionAliases><PsetDefinitionAlias lang="en" /></PsetDefinitionAliases></PropertySetDef>