﻿<?xml version="1.0" encoding="utf-8"?><PropertySetDef xmlns:xsi="http://www.w3.org/2001/XMLSchema-instance" xmlns:xsd="http://www.w3.org/2001/XMLSchema" ifdguid="b5a68b8abeca950d11b102522ce0a4cb" templatetype="PSET_TYPEDRIVENOVERRIDE" xsi:noNamespaceSchemaLocation="http://buildingSMART-tech.org/xml/psd/PSD_IFC4.xsd" xmlns="http://buildingSMART-tech.org/xml/psd/PSD_IFC4.xsd"><IfcVersion version="IFC4X4" /><Name>Pset_DiscreteAccessoryTypeSlidingChair</Name><Definition>Properties of a sliding chair. The property set can be used by the predefined type SLIDINGCHAIR of IfcDiscreteAccessory.</Definition><Applicability /><ApplicableClasses><ClassName>IfcDiscreteAccessory/SLIDINGCHAIR</ClassName></ApplicableClasses><ApplicableTypeValue>IfcDiscreteAccessory/SLIDINGCHAIR</ApplicableTypeValue><PropertyDefs><PropertyDef ifdguid="7fb66b946b1d41588c286e807c55d4a8"><Name>IsSelfLubricated</Name><Definition>Indicates whether the element is self lubricated or not.</Definition><PropertyType><TypePropertySingleValue><DataType type="IfcBoolean" /></TypePropertySingleValue></PropertyType><NameAliases /><DefinitionAliases /></PropertyDef></PropertyDefs><PsetDefinitionAliases /></PropertySetDef>