﻿<?xml version="1.0" encoding="utf-8"?><PropertySetDef xmlns:xsi="http://www.w3.org/2001/XMLSchema-instance" xmlns:xsd="http://www.w3.org/2001/XMLSchema" ifdguid="5e391580d20e11e1800000215ad4efdf" templatetype="PSET_TYPEDRIVENOVERRIDE" xsi:noNamespaceSchemaLocation="http://buildingSMART-tech.org/xml/psd/PSD_IFC4.xsd" xmlns="http://buildingSMART-tech.org/xml/psd/PSD_IFC4.xsd"><IfcVersion version="IFC4X4" /><Name>Pset_SwitchingDeviceTypeSelectorSwitch</Name><Definition>A selector switch is a switch that adjusts electrical power through a multi-position action.  HISTORY: Added in IFC4.</Definition><Applicability /><ApplicableClasses><ClassName>IfcSwitchingDevice/SELECTORSWITCH</ClassName></ApplicableClasses><ApplicableTypeValue>IfcSwitchingDevice/SELECTORSWITCH</ApplicableTypeValue><PropertyDefs><PropertyDef ifdguid="63966000d20e11e1800000215ad4efdf"><Name>SelectorType</Name><Definition>A list of the available types of selector switch from which that required may be selected.</Definition><PropertyType><TypePropertyEnumeratedValue><EnumList name="PEnum_SwitchingDeviceDimmerSwitchType"><EnumItem>ROCKER</EnumItem><EnumItem>SELECTOR</EnumItem><EnumItem>TWIST</EnumItem><EnumItem>OTHER</EnumItem><EnumItem>NOTKNOWN</EnumItem><EnumItem>UNSET</EnumItem></EnumList><ConstantList><ConstantDef><Name>ROCKER</Name><NameAliases><NameAlias lang="en">Rocker</NameAlias></NameAliases><DefinitionAliases /></ConstantDef><ConstantDef><Name>SELECTOR</Name><NameAliases><NameAlias lang="en">Selector</NameAlias></NameAliases><DefinitionAliases /></ConstantDef><ConstantDef><Name>TWIST</Name><NameAliases><NameAlias lang="en">Twist</NameAlias></NameAliases><DefinitionAliases /></ConstantDef><ConstantDef><Name>OTHER</Name><Definition>required category not on scale</Definition><NameAliases><NameAlias lang="en">(other)</NameAlias></NameAliases><DefinitionAliases><DefinitionAlias lang="en">Value is not listed.</DefinitionAlias></DefinitionAliases></ConstantDef><ConstantDef><Name>NOTKNOWN</Name><Definition>Value is unkown</Definition><NameAliases><NameAlias lang="en">(unknown)</NameAlias></NameAliases><DefinitionAliases><DefinitionAlias lang="en">Value is unknown.</DefinitionAlias></DefinitionAliases></ConstantDef><ConstantDef><Name>UNSET</Name><Definition>Value has not been specified</Definition><NameAliases><NameAlias lang="en">(unset)</NameAlias></NameAliases><DefinitionAliases><DefinitionAlias lang="en">Value has not been specified.</DefinitionAlias></DefinitionAliases></ConstantDef></ConstantList></TypePropertyEnumeratedValue></PropertyType><NameAliases><NameAlias lang="en">Selector Type</NameAlias><NameAlias lang="ja-JP">セレクター（スイッチ）タイプ</NameAlias><NameAlias lang="ko-KR">스위치 타입</NameAlias></NameAliases><DefinitionAliases><DefinitionAlias lang="en" /><DefinitionAlias lang="ja-JP">選択が必要となる、切替えスイッチの一覧リスト。</DefinitionAlias><DefinitionAlias lang="ko-KR">전환스위치 목록</DefinitionAlias></DefinitionAliases></PropertyDef><PropertyDef ifdguid="701ab880d20e11e1800000215ad4efdf"><Name>SwitchUsage</Name><Definition>A list of the available usages for selector switches from which that required may be selected.</Definition><PropertyType><TypePropertyEnumeratedValue><EnumList name="PEnum_SwitchUsage"><EnumItem>EMERGENCY</EnumItem><EnumItem>GUARD</EnumItem><EnumItem>LIMIT</EnumItem><EnumItem>START</EnumItem><EnumItem>STOP</EnumItem><EnumItem>OTHER</EnumItem><EnumItem>NOTKNOWN</EnumItem><EnumItem>UNSET</EnumItem></EnumList><ConstantList><ConstantDef><Name>EMERGENCY</Name><NameAliases><NameAlias lang="en">Emergency</NameAlias></NameAliases><DefinitionAliases /></ConstantDef><ConstantDef><Name>GUARD</Name><NameAliases><NameAlias lang="en">Guard</NameAlias></NameAliases><DefinitionAliases /></ConstantDef><ConstantDef><Name>LIMIT</Name><NameAliases><NameAlias lang="en">Limit</NameAlias></NameAliases><DefinitionAliases /></ConstantDef><ConstantDef><Name>START</Name><NameAliases><NameAlias lang="en">Start</NameAlias></NameAliases><DefinitionAliases /></ConstantDef><ConstantDef><Name>STOP</Name><NameAliases><NameAlias lang="en">Stop</NameAlias></NameAliases><DefinitionAliases /></ConstantDef><ConstantDef><Name>OTHER</Name><Definition>required category not on scale</Definition><NameAliases><NameAlias lang="en">(other)</NameAlias></NameAliases><DefinitionAliases><DefinitionAlias lang="en">Value is not listed.</DefinitionAlias></DefinitionAliases></ConstantDef><ConstantDef><Name>NOTKNOWN</Name><Definition>Value is unkown</Definition><NameAliases><NameAlias lang="en">(unknown)</NameAlias></NameAliases><DefinitionAliases><DefinitionAlias lang="en">Value is unknown.</DefinitionAlias></DefinitionAliases></ConstantDef><ConstantDef><Name>UNSET</Name><Definition>Value has not been specified</Definition><NameAliases><NameAlias lang="en">(unset)</NameAlias></NameAliases><DefinitionAliases><DefinitionAlias lang="en">Value has not been specified.</DefinitionAlias></DefinitionAliases></ConstantDef></ConstantList></TypePropertyEnumeratedValue></PropertyType><NameAliases><NameAlias lang="en">Switch Usage</NameAlias><NameAlias lang="ja-JP">スイッチの使用法</NameAlias><NameAlias lang="ko-KR">스위치 사용</NameAlias></NameAliases><DefinitionAliases><DefinitionAlias lang="en" /><DefinitionAlias lang="ja-JP">選択が必要となる、切替えスイッチの使用法の一覧リスト。</DefinitionAlias><DefinitionAlias lang="ko-KR">전환스위치 사용 목록</DefinitionAlias></DefinitionAliases></PropertyDef><PropertyDef ifdguid="80cb2e80d20e11e1800000215ad4efdf"><Name>SwitchActivation</Name><Definition>A list of the available activations for selector switches from which that required may be selected.</Definition><PropertyType><TypePropertyEnumeratedValue><EnumList name="PEnum_SwitchActivation"><EnumItem>ACTUATOR</EnumItem><EnumItem>FOOT</EnumItem><EnumItem>HAND</EnumItem><EnumItem>PROXIMITY</EnumItem><EnumItem>SOUND</EnumItem><EnumItem>TWOHAND</EnumItem><EnumItem>WIRE</EnumItem><EnumItem>OTHER</EnumItem><EnumItem>NOTKNOWN</EnumItem><EnumItem>UNSET</EnumItem></EnumList><ConstantList><ConstantDef><Name>ACTUATOR</Name><NameAliases><NameAlias lang="en">Actuator</NameAlias></NameAliases><DefinitionAliases /></ConstantDef><ConstantDef><Name>FOOT</Name><NameAliases><NameAlias lang="en">Foot</NameAlias></NameAliases><DefinitionAliases /></ConstantDef><ConstantDef><Name>HAND</Name><NameAliases><NameAlias lang="en">Hand</NameAlias></NameAliases><DefinitionAliases /></ConstantDef><ConstantDef><Name>PROXIMITY</Name><NameAliases><NameAlias lang="en">Proximity</NameAlias></NameAliases><DefinitionAliases /></ConstantDef><ConstantDef><Name>SOUND</Name><NameAliases><NameAlias lang="en">Sound</NameAlias></NameAliases><DefinitionAliases /></ConstantDef><ConstantDef><Name>TWOHAND</Name><NameAliases><NameAlias lang="en">Two Hand</NameAlias></NameAliases><DefinitionAliases /></ConstantDef><ConstantDef><Name>WIRE</Name><NameAliases><NameAlias lang="en">Wire</NameAlias></NameAliases><DefinitionAliases /></ConstantDef><ConstantDef><Name>OTHER</Name><Definition>required category not on scale</Definition><NameAliases><NameAlias lang="en">(other)</NameAlias></NameAliases><DefinitionAliases><DefinitionAlias lang="en">Value is not listed.</DefinitionAlias></DefinitionAliases></ConstantDef><ConstantDef><Name>NOTKNOWN</Name><Definition>Value is unkown</Definition><NameAliases><NameAlias lang="en">(unknown)</NameAlias></NameAliases><DefinitionAliases><DefinitionAlias lang="en">Value is unknown.</DefinitionAlias></DefinitionAliases></ConstantDef><ConstantDef><Name>UNSET</Name><Definition>Value has not been specified</Definition><NameAliases><NameAlias lang="en">(unset)</NameAlias></NameAliases><DefinitionAliases><DefinitionAlias lang="en">Value has not been specified.</DefinitionAlias></DefinitionAliases></ConstantDef></ConstantList></TypePropertyEnumeratedValue></PropertyType><NameAliases><NameAlias lang="en">Switch Activation</NameAlias><NameAlias lang="ja-JP">起動方式</NameAlias><NameAlias lang="ko-KR">기동 방식</NameAlias></NameAliases><DefinitionAliases><DefinitionAlias lang="en" /><DefinitionAlias lang="ja-JP">選択が必要となる、切替えスイッチの起動方式の一覧リスト。</DefinitionAlias><DefinitionAlias lang="ko-KR">스위치 부팅방식의 목록</DefinitionAlias></DefinitionAliases></PropertyDef><PropertyDef ifdguid="3636bb80d1e811e1800000215ad4efdf"><Name>NominalCurrent</Name><Definition>The nominal current that is designed to be measured.</Definition><PropertyType><TypePropertySingleValue><DataType type="IfcElectricCurrentMeasure" /></TypePropertySingleValue></PropertyType><NameAliases><NameAlias lang="en">Nominal Current</NameAlias></NameAliases><DefinitionAliases><DefinitionAlias lang="en" /></DefinitionAliases></PropertyDef><PropertyDef ifdguid="b9a98dab284340fe8c3615170bea8c35"><Name>ReferenceEnvironmentTemperature</Name><Definition>Ideal temperature range.</Definition><PropertyType><TypePropertyBoundedValue><DataType type="IfcThermodynamicTemperatureMeasure" /></TypePropertyBoundedValue></PropertyType><NameAliases /><DefinitionAliases /></PropertyDef><PropertyDef ifdguid="3bb878f9795b4d7ca31e7c96b615a11d"><Name>RatedFrequency</Name><Definition>Frequency of the AC electric power supply when the device or system reaches its optimum operating condition.</Definition><PropertyType><TypePropertySingleValue><DataType type="IfcFrequencyMeasure" /></TypePropertySingleValue></PropertyType><NameAliases /><DefinitionAliases /></PropertyDef><PropertyDef ifdguid="4b4b3bfcecb54fa78c2f014e518c1f02"><Name>NumberOfPhases</Name><Definition>Number of phases that the equipment operates on.</Definition><PropertyType><TypePropertySingleValue><DataType type="IfcInteger" /></TypePropertySingleValue></PropertyType><NameAliases /><DefinitionAliases /></PropertyDef><PropertyDef ifdguid="b3e011abb1104cd1ae4010b5eaecaceb"><Name>NominalPower</Name><Definition>A conventional value of apparent power determining a value of the rated current that may be carried with rated voltage applied, under specified conditions. ( IEV ref 421-04-04)</Definition><PropertyType><TypePropertySingleValue><DataType type="IfcPowerMeasure" /></TypePropertySingleValue></PropertyType><NameAliases /><DefinitionAliases /></PropertyDef></PropertyDefs><PsetDefinitionAliases><PsetDefinitionAlias lang="en" /><PsetDefinitionAlias lang="ja-JP">切替えスイッチは複数のポジションに合わせることで電力を調整するスイッチである。
履歴： IFC4に追加。</PsetDefinitionAlias></PsetDefinitionAliases></PropertySetDef>