﻿<?xml version="1.0" encoding="utf-8"?><PropertySetDef xmlns:xsi="http://www.w3.org/2001/XMLSchema-instance" xmlns:xsd="http://www.w3.org/2001/XMLSchema" ifdguid="4521ad32011a279e4cf431a51144fe81" templatetype="PSET_TYPEDRIVENOVERRIDE" xsi:noNamespaceSchemaLocation="http://buildingSMART-tech.org/xml/psd/PSD_IFC4.xsd" xmlns="http://buildingSMART-tech.org/xml/psd/PSD_IFC4.xsd"><IfcVersion version="IFC4X4" /><Name>Pset_CommunicationsApplianceTypeGateway</Name><Definition>Properties common to a gateway. This property set is applied to a type or occurrence of _IfcCommunicationsAppliance_ with predefined type of GATEWAY.</Definition><Applicability /><ApplicableClasses><ClassName>IfcCommunicationsAppliance/GATEWAY</ClassName></ApplicableClasses><ApplicableTypeValue>IfcCommunicationsAppliance/GATEWAY</ApplicableTypeValue><PropertyDefs><PropertyDef ifdguid="cd03a478484643ab833d4727038848e9"><Name>NumberOfInterfaces</Name><Definition>Indicates the types of interfaces and their number in the device.</Definition><PropertyType><TypePropertyTableValue><Expression /><DefiningValue><DataType type="IfcLabel" /></DefiningValue><DefinedValue><DataType type="IfcInteger" /></DefinedValue></TypePropertyTableValue></PropertyType><NameAliases /><DefinitionAliases /></PropertyDef></PropertyDefs><PsetDefinitionAliases /></PropertySetDef>