﻿<?xml version="1.0" encoding="utf-8"?><PropertySetDef xmlns:xsi="http://www.w3.org/2001/XMLSchema-instance" xmlns:xsd="http://www.w3.org/2001/XMLSchema" ifdguid="e39ed480d1d211e1800000215ad4efdf" templatetype="PSET_TYPEDRIVENOVERRIDE" xsi:noNamespaceSchemaLocation="http://buildingSMART-tech.org/xml/psd/PSD_IFC4.xsd" xmlns="http://buildingSMART-tech.org/xml/psd/PSD_IFC4.xsd"><IfcVersion version="IFC4X4" /><Name>Pset_DiscreteAccessoryStandardFixingPlate</Name><Definition>Properties specific to standard fixing plates.</Definition><Applicability /><ApplicableClasses><ClassName>IfcDiscreteAccessory/Standard fixing plate</ClassName></ApplicableClasses><ApplicableTypeValue>IfcDiscreteAccessory/Standard fixing plate</ApplicableTypeValue><PropertyDefs><PropertyDef ifdguid="e8fc1f00d1d211e1800000215ad4efdf"><Name>StandardFixingPlateWidth</Name><Definition>The width of the standard fixing plate.</Definition><PropertyType><TypePropertySingleValue><DataType type="IfcPositiveLengthMeasure" /></TypePropertySingleValue></PropertyType><NameAliases><NameAlias lang="en">Standard Fixing Plate Width</NameAlias><NameAlias lang="ja-JP">幅</NameAlias><NameAlias lang="ko-KR">폭</NameAlias></NameAliases><DefinitionAliases><DefinitionAlias lang="en" /><DefinitionAlias lang="ja-JP">標準的な固定プレートの幅。</DefinitionAlias><DefinitionAlias lang="ko-KR">표준 고정 플레이트의 폭</DefinitionAlias></DefinitionAliases></PropertyDef><PropertyDef ifdguid="eef20000d1d211e1800000215ad4efdf"><Name>StandardFixingPlateDepth</Name><Definition>The depth of the standard fixing plate.</Definition><PropertyType><TypePropertySingleValue><DataType type="IfcPositiveLengthMeasure" /></TypePropertySingleValue></PropertyType><NameAliases><NameAlias lang="en">Standard Fixing Plate Depth</NameAlias><NameAlias lang="ja-JP">成</NameAlias><NameAlias lang="ko-KR">구성</NameAlias></NameAliases><DefinitionAliases><DefinitionAlias lang="en" /><DefinitionAlias lang="ja-JP">標準的な固定プレートの成。</DefinitionAlias><DefinitionAlias lang="ko-KR">표준 고정 플레이트 구성</DefinitionAlias></DefinitionAliases></PropertyDef><PropertyDef ifdguid="f44f4a80d1d211e1800000215ad4efdf"><Name>StandardFixingPlateThickness</Name><Definition>The thickness of the standard fixing plate.</Definition><PropertyType><TypePropertySingleValue><DataType type="IfcPositiveLengthMeasure" /></TypePropertySingleValue></PropertyType><NameAliases><NameAlias lang="en">Standard Fixing Plate Thickness</NameAlias><NameAlias lang="ja-JP">板厚</NameAlias><NameAlias lang="ko-KR">두께</NameAlias></NameAliases><DefinitionAliases><DefinitionAlias lang="en" /><DefinitionAlias lang="ja-JP">標準的な固定プレートの板厚。</DefinitionAlias><DefinitionAlias lang="ko-KR">표준 고정 플레이트의 두께</DefinitionAlias></DefinitionAliases></PropertyDef></PropertyDefs><PsetDefinitionAliases><PsetDefinitionAlias lang="en" /><PsetDefinitionAlias lang="ja-JP">標準的な固定プレートの固有特性。</PsetDefinitionAlias></PsetDefinitionAliases></PropertySetDef>