﻿<?xml version="1.0" encoding="utf-8"?><PropertySetDef xmlns:xsi="http://www.w3.org/2001/XMLSchema-instance" xmlns:xsd="http://www.w3.org/2001/XMLSchema" ifdguid="27b2c900d21511e1800000215ad4efdf" templatetype="PSET_TYPEDRIVENOVERRIDE" xsi:noNamespaceSchemaLocation="http://buildingSMART-tech.org/xml/psd/PSD_IFC4.xsd" xmlns="http://buildingSMART-tech.org/xml/psd/PSD_IFC4.xsd"><IfcVersion version="IFC4X4" /><Name>Pset_ValveTypeMixing</Name><Definition>A valve where typically the temperature of the outlet is determined by mixing hot and cold water inlet flows.</Definition><Applicability /><ApplicableClasses><ClassName>IfcValve/MIXING</ClassName></ApplicableClasses><ApplicableTypeValue>IfcValve/MIXING</ApplicableTypeValue><PropertyDefs><PropertyDef ifdguid="2c777d00d21511e1800000215ad4efdf"><Name>MixerControl</Name><Definition>Defines the form of control of the mixing valve.</Definition><PropertyType><TypePropertyEnumeratedValue><EnumList name="PEnum_MixingValveControl"><EnumItem>MANUAL</EnumItem><EnumItem>PREDEFINED</EnumItem><EnumItem>THERMOSTATIC</EnumItem><EnumItem>OTHER</EnumItem><EnumItem>NOTKNOWN</EnumItem><EnumItem>UNSET</EnumItem></EnumList><ConstantList><ConstantDef><Name>MANUAL</Name><NameAliases><NameAlias lang="en">Manual</NameAlias></NameAliases><DefinitionAliases /></ConstantDef><ConstantDef><Name>PREDEFINED</Name><NameAliases><NameAlias lang="en">Predefined</NameAlias></NameAliases><DefinitionAliases /></ConstantDef><ConstantDef><Name>THERMOSTATIC</Name><NameAliases><NameAlias lang="en">Thermostatic</NameAlias></NameAliases><DefinitionAliases /></ConstantDef><ConstantDef><Name>OTHER</Name><Definition>required category not on scale</Definition><NameAliases><NameAlias lang="en">(other)</NameAlias></NameAliases><DefinitionAliases><DefinitionAlias lang="en">Value is not listed.</DefinitionAlias></DefinitionAliases></ConstantDef><ConstantDef><Name>NOTKNOWN</Name><Definition>Value is unkown</Definition><NameAliases><NameAlias lang="en">(unknown)</NameAlias></NameAliases><DefinitionAliases><DefinitionAlias lang="en">Value is unknown.</DefinitionAlias></DefinitionAliases></ConstantDef><ConstantDef><Name>UNSET</Name><Definition>Value has not been specified</Definition><NameAliases><NameAlias lang="en">(unset)</NameAlias></NameAliases><DefinitionAliases><DefinitionAlias lang="en">Value has not been specified.</DefinitionAlias></DefinitionAliases></ConstantDef></ConstantList></TypePropertyEnumeratedValue></PropertyType><NameAliases><NameAlias lang="en">Mixer Control</NameAlias><NameAlias lang="ja-JP">混合制御</NameAlias></NameAliases><DefinitionAliases><DefinitionAlias lang="en" /><DefinitionAlias lang="ja-JP">混合弁の制御形式の定義</DefinitionAlias></DefinitionAliases></PropertyDef><PropertyDef ifdguid="49ac4b80d21511e1800000215ad4efdf"><Name>OutletConnectionSize</Name><Definition>The size of the pipework connection from the mixing valve.</Definition><PropertyType><TypePropertySingleValue><DataType type="IfcPositiveLengthMeasure" /></TypePropertySingleValue></PropertyType><NameAliases><NameAlias lang="en">Outlet Connection Size</NameAlias><NameAlias lang="ja-JP">出力側接続口径</NameAlias></NameAliases><DefinitionAliases><DefinitionAlias lang="en" /><DefinitionAlias lang="ja-JP">混合弁の配管接続サイズ</DefinitionAlias></DefinitionAliases></PropertyDef></PropertyDefs><PsetDefinitionAliases><PsetDefinitionAlias lang="en" /><PsetDefinitionAlias lang="ja-JP">混合弁</PsetDefinitionAlias></PsetDefinitionAliases></PropertySetDef>