﻿<?xml version="1.0" encoding="utf-8"?><PropertySetDef xmlns:xsi="http://www.w3.org/2001/XMLSchema-instance" xmlns:xsd="http://www.w3.org/2001/XMLSchema" ifdguid="1211b500d1bd11e1800000215ad4efdf" templatetype="PSET_PERFORMANCEDRIVEN" xsi:noNamespaceSchemaLocation="http://buildingSMART-tech.org/xml/psd/PSD_IFC4.xsd" xmlns="http://buildingSMART-tech.org/xml/psd/PSD_IFC4.xsd"><IfcVersion version="IFC4X4" /><Name>Pset_ActuatorPHistory</Name><Definition>Properties for history of actuators. HISTORY: Added in IFC4.</Definition><Applicability /><ApplicableClasses><ClassName>IfcActuator</ClassName></ApplicableClasses><ApplicableTypeValue>IfcActuator</ApplicableTypeValue><PropertyDefs><PropertyDef ifdguid="16d66900d1bd11e1800000215ad4efdf"><Name>Position</Name><Definition>Indicates position of the actuator over time where 0.0 is fully closed and 1.0 is fully open.</Definition><PropertyType><TypePropertyReferenceValue reftype="IfcTimeSeries" /></PropertyType><NameAliases><NameAlias lang="en">Position</NameAlias><NameAlias lang="ja-JP">位置</NameAlias><NameAlias lang="ko-KR">참조 ID</NameAlias></NameAliases><DefinitionAliases><DefinitionAlias lang="en" /><DefinitionAlias lang="ja-JP">アクチュエータの時間ごとの位置を示す値。0.0が完全に閉じられた状態で、1.0が完全に開いた状態。</DefinitionAlias><DefinitionAlias lang="ko-KR">해당 프로젝트에서 사용이 유형에 대한 참조 ID (예 : 'A-1') ※ 기본이있는 경우 그 기호를 사용</DefinitionAlias></DefinitionAliases></PropertyDef><PropertyDef ifdguid="1b028680d1bd11e1800000215ad4efdf"><Name>Quality</Name><Definition>Indicates the quality of measurement or failure condition, which may be further qualified by the Status.  True: measured values are considered reliable; False: measured values are considered not reliable (i.e. a fault has been detected); Unknown: reliability of values is uncertain.</Definition><PropertyType><TypePropertyReferenceValue reftype="IfcTimeSeries" /></PropertyType><NameAliases><NameAlias lang="en">Quality</NameAlias><NameAlias lang="ja-JP">品質</NameAlias><NameAlias lang="ko-KR">페일 세이프 유형</NameAlias></NameAliases><DefinitionAliases><DefinitionAlias lang="en" /><DefinitionAlias lang="ja-JP">計測の品質を示す値。</DefinitionAlias><DefinitionAlias lang="ko-KR">요청한 액츄에이터의 안전 장치 유형을 표시</DefinitionAlias></DefinitionAliases></PropertyDef><PropertyDef ifdguid="1dfd7700d1bd11e1800000215ad4efdf"><Name>Status</Name><Definition>Indicates an error code or identifier, whose meaning is specific to the particular automation system.  Example values include: 'ConfigurationError', 'NotConnected', 'DeviceFailure', 'SensorFailure', 'LastKnown, 'CommunicationsFailure', 'OutOfService'.</Definition><PropertyType><TypePropertyReferenceValue reftype="IfcTimeSeries" /></PropertyType><NameAliases><NameAlias lang="en">Status</NameAlias><NameAlias lang="ja-JP">状態</NameAlias><NameAlias lang="ko-KR">재정 기능의 유무</NameAlias></NameAliases><DefinitionAliases><DefinitionAlias lang="en" /><DefinitionAlias lang="ja-JP">エラーコードまたはIDを示す。例：'ConfigurationError', 'NotConnected', 'DeviceFailure', 'SensorFailure', 'LastKnown, 'CommunicationsFailure', 'OutOfService'.</DefinitionAlias><DefinitionAlias lang="ko-KR">대체 기능으로 수동 조작이 제공되는지 (= TRUE) 여부 (= FALSE)를 확인한다. 수동으로 조작하는 액츄에이터의 경우는이 값을 기본값으로 FALSE로 설정해야하므로주의한다.</DefinitionAlias></DefinitionAliases></PropertyDef></PropertyDefs><PsetDefinitionAliases><PsetDefinitionAlias lang="en" /><PsetDefinitionAlias lang="ja-JP">アクチュエータの性能履歴の属性。IFC4にて追加。</PsetDefinitionAlias></PsetDefinitionAliases></PropertySetDef>