﻿<?xml version="1.0" encoding="utf-8"?><PropertySetDef xmlns:xsi="http://www.w3.org/2001/XMLSchema-instance" xmlns:xsd="http://www.w3.org/2001/XMLSchema" ifdguid="60da4180d1f311e1800000215ad4efdf" templatetype="PSET_OCCURRENCEDRIVEN" xsi:noNamespaceSchemaLocation="http://buildingSMART-tech.org/xml/psd/PSD_IFC4.xsd" xmlns="http://buildingSMART-tech.org/xml/psd/PSD_IFC4.xsd"><IfcVersion version="IFC4X4" /><Name>Pset_PipeSegmentOccurrence</Name><Definition>Pipe segment occurrence attributes attached to an instance of IfcPipeSegment.</Definition><Applicability /><ApplicableClasses><ClassName>IfcPipeSegment</ClassName></ApplicableClasses><ApplicableTypeValue>IfcPipeSegment</ApplicableTypeValue><PropertyDefs><PropertyDef ifdguid="659ef580d1f311e1800000215ad4efdf"><Name>InteriorRoughnessCoefficient</Name><Definition>The interior roughness coefficient of the pipe segment.</Definition><PropertyType><TypePropertySingleValue><DataType type="IfcPositiveLengthMeasure" /></TypePropertySingleValue></PropertyType><NameAliases><NameAlias lang="en">Interior Roughness Coefficient</NameAlias><NameAlias lang="ja-JP">内部粗度係数</NameAlias></NameAliases><DefinitionAliases><DefinitionAlias lang="en" /><DefinitionAlias lang="ja-JP">配管部の内部粗度係数</DefinitionAlias></DefinitionAliases></PropertyDef><PropertyDef ifdguid="6c2d6d00d1f311e1800000215ad4efdf"><Name>Color</Name><Definition>The color of the pipe segment.

Note: This is typically used only for plastic pipe segments. However, it may be used for any pipe segments with a painted surface which is not otherwise specified as a covering.</Definition><PropertyType><TypePropertySingleValue><DataType type="IfcLabel" /></TypePropertySingleValue></PropertyType><NameAliases><NameAlias lang="en">Color</NameAlias><NameAlias lang="ja-JP">色</NameAlias></NameAliases><DefinitionAliases><DefinitionAlias lang="en" /><DefinitionAlias lang="ja-JP">配管部の内部粗度係数　記：この語はプラスチック配管にのみ使われる。しかしながら、保護のためではない塗装された表面を持つ配管にも使われる。</DefinitionAlias></DefinitionAliases></PropertyDef><PropertyDef ifdguid="73547b00d1f311e1800000215ad4efdf"><Name>Gradient</Name><Definition>The gradient of the pipe segment.</Definition><PropertyType><TypePropertySingleValue><DataType type="IfcPositiveRatioMeasure" /></TypePropertySingleValue></PropertyType><NameAliases><NameAlias lang="en">Gradient</NameAlias><NameAlias lang="ja-JP">勾配</NameAlias></NameAliases><DefinitionAliases><DefinitionAlias lang="en" /><DefinitionAlias lang="ja-JP">配管部の勾配</DefinitionAlias></DefinitionAliases></PropertyDef><PropertyDef ifdguid="794a5c00d1f311e1800000215ad4efdf"><Name>InvertElevation</Name><Definition>The invert elevation relative to the datum established for the project.</Definition><PropertyType><TypePropertySingleValue><DataType type="IfcLengthMeasure" /></TypePropertySingleValue></PropertyType><NameAliases><NameAlias lang="en">Invert Elevation</NameAlias></NameAliases><DefinitionAliases><DefinitionAlias lang="en" /></DefinitionAliases></PropertyDef></PropertyDefs><PsetDefinitionAliases><PsetDefinitionAlias lang="en" /></PsetDefinitionAliases></PropertySetDef>