﻿<?xml version="1.0" encoding="utf-8"?><PropertySetDef xmlns:xsi="http://www.w3.org/2001/XMLSchema-instance" xmlns:xsd="http://www.w3.org/2001/XMLSchema" ifdguid="c6fe50881847ec20e204c37a0d269a0d" templatetype="PSET_TYPEDRIVENOVERRIDE" xsi:noNamespaceSchemaLocation="http://buildingSMART-tech.org/xml/psd/PSD_IFC4.xsd" xmlns="http://buildingSMART-tech.org/xml/psd/PSD_IFC4.xsd"><IfcVersion version="IFC4X4" /><Name>Pset_ElectricFlowTreatmentDeviceTypeElectronicFilter</Name><Definition>Properties associated to electronic filter. 
An electronic filter is a device designed to transmit spectral components of signals according to a specified law, generally in order to pass the components in certain frequency bands and to attenuate those in other bands (IEC702-09-17)</Definition><Applicability /><ApplicableClasses><ClassName>IfcElectricFlowTreatmentDevice/ELECTRONICFILTER</ClassName></ApplicableClasses><ApplicableTypeValue>IfcElectricFlowTreatmentDevice/ELECTRONICFILTER</ApplicableTypeValue><PropertyDefs><PropertyDef ifdguid="b3e011abb1104cd1ae4010b5eaecaceb"><Name>NominalPower</Name><Definition>A conventional value of apparent power determining a value of the rated current that may be carried with rated voltage applied, under specified conditions. ( IEV ref 421-04-04)</Definition><PropertyType><TypePropertySingleValue><DataType type="IfcPowerMeasure" /></TypePropertySingleValue></PropertyType><NameAliases /><DefinitionAliases /></PropertyDef><PropertyDef ifdguid="4ca54fdd32b94383939f88c0ada52cee"><Name>ElectronicFilterType</Name><Definition>Type of electronic filter.</Definition><PropertyType><TypePropertyEnumeratedValue><EnumList name="PEnum_ElectronicFilterType"><EnumItem>LOWPASSFILTER</EnumItem><EnumItem>HIGHPASSFILTER</EnumItem><EnumItem>BANDPASSFLITER</EnumItem><EnumItem>BANDSTOPFILTER</EnumItem><EnumItem>HARMONICFILTER</EnumItem><EnumItem>FILTERCAPACITOR</EnumItem><EnumItem>OTHER</EnumItem><EnumItem>NOTKNOWN</EnumItem><EnumItem>UNSET</EnumItem></EnumList><ConstantList><ConstantDef><Name>LOWPASSFILTER</Name><Definition>Low pass filter.</Definition><NameAliases /><DefinitionAliases /></ConstantDef><ConstantDef><Name>HIGHPASSFILTER</Name><Definition>High pass filter.</Definition><NameAliases /><DefinitionAliases /></ConstantDef><ConstantDef><Name>BANDPASSFLITER</Name><Definition>Band pass filter.</Definition><NameAliases /><DefinitionAliases /></ConstantDef><ConstantDef><Name>BANDSTOPFILTER</Name><Definition>Band stop filter.</Definition><NameAliases /><DefinitionAliases /></ConstantDef><ConstantDef><Name>HARMONICFILTER</Name><Definition>Harmonic filter.</Definition><NameAliases /><DefinitionAliases /></ConstantDef><ConstantDef><Name>FILTERCAPACITOR</Name><Definition>Filter capacitor.</Definition><NameAliases /><DefinitionAliases /></ConstantDef><ConstantDef><Name>OTHER</Name><Definition>required category not on scale</Definition><NameAliases><NameAlias lang="en">(other)</NameAlias></NameAliases><DefinitionAliases><DefinitionAlias lang="en">Value is not listed.</DefinitionAlias></DefinitionAliases></ConstantDef><ConstantDef><Name>NOTKNOWN</Name><Definition>Value is unkown</Definition><NameAliases><NameAlias lang="en">(unknown)</NameAlias></NameAliases><DefinitionAliases><DefinitionAlias lang="en">Value is unknown.</DefinitionAlias></DefinitionAliases></ConstantDef><ConstantDef><Name>UNSET</Name><Definition>Value has not been specified</Definition><NameAliases><NameAlias lang="en">(unset)</NameAlias></NameAliases><DefinitionAliases><DefinitionAlias lang="en">Value has not been specified.</DefinitionAlias></DefinitionAliases></ConstantDef></ConstantList></TypePropertyEnumeratedValue></PropertyType><NameAliases /><DefinitionAliases /></PropertyDef><PropertyDef ifdguid="3636bb80d1e811e1800000215ad4efdf"><Name>NominalCurrent</Name><Definition>The nominal current that is designed to be measured.</Definition><PropertyType><TypePropertySingleValue><DataType type="IfcElectricCurrentMeasure" /></TypePropertySingleValue></PropertyType><NameAliases><NameAlias lang="en">Nominal Current</NameAlias></NameAliases><DefinitionAliases><DefinitionAlias lang="en" /></DefinitionAliases></PropertyDef><PropertyDef ifdguid="778f9100d21111e1800000215ad4efdf"><Name>PrimaryFrequency</Name><Definition>The frequency that is going to be transformed and that runs into the transformer on the primary side.</Definition><PropertyType><TypePropertySingleValue><DataType type="IfcFrequencyMeasure" /></TypePropertySingleValue></PropertyType><NameAliases><NameAlias lang="en">Primary Frequency</NameAlias><NameAlias lang="ja-JP">第１周波数</NameAlias><NameAlias lang="ko-KR">제 1 주파수</NameAlias></NameAliases><DefinitionAliases><DefinitionAlias lang="en" /><DefinitionAlias lang="ja-JP">変圧器の1次側に伝送される周波数。</DefinitionAlias><DefinitionAlias lang="ko-KR">변압기 1 차 측에 전송되는 주파수.</DefinitionAlias></DefinitionAliases></PropertyDef><PropertyDef ifdguid="7e1e0880d21111e1800000215ad4efdf"><Name>SecondaryFrequency</Name><Definition>The frequency that has been transformed and is running out of the transformer on the secondary side.</Definition><PropertyType><TypePropertySingleValue><DataType type="IfcFrequencyMeasure" /></TypePropertySingleValue></PropertyType><NameAliases><NameAlias lang="en">Secondary Frequency</NameAlias><NameAlias lang="ja-JP">第2周波数</NameAlias><NameAlias lang="ko-KR">제 2 주파수</NameAlias></NameAliases><DefinitionAliases><DefinitionAlias lang="en" /><DefinitionAlias lang="ja-JP">変圧器の2次側に出力される周波数。</DefinitionAlias><DefinitionAlias lang="ko-KR">변압기 2 차 측에 전송되는 주파수.</DefinitionAlias></DefinitionAliases></PropertyDef><PropertyDef ifdguid="3ecaca00d1c711e1800000215ad4efdf"><Name>RatedVoltage</Name><Definition>The range of allowed voltage that a device is certified to handle. The upper bound of this value is the maximum.</Definition><PropertyType><TypePropertyBoundedValue><DataType type="IfcElectricVoltageMeasure" /></TypePropertyBoundedValue></PropertyType><NameAliases><NameAlias lang="en">Rated Voltage</NameAlias><NameAlias lang="ja-JP">定格電圧</NameAlias><NameAlias lang="ko-KR">정격 전압</NameAlias></NameAliases><DefinitionAliases><DefinitionAlias lang="en" /><DefinitionAlias lang="ja-JP">使用できることが許可されている許容電圧。</DefinitionAlias><DefinitionAlias lang="ko-KR">사용할 수있는 권한이있는 허용 전압.</DefinitionAlias></DefinitionAliases></PropertyDef></PropertyDefs><PsetDefinitionAliases /></PropertySetDef>