﻿<?xml version="1.0" encoding="utf-8"?><PropertySetDef xmlns:xsi="http://www.w3.org/2001/XMLSchema-instance" xmlns:xsd="http://www.w3.org/2001/XMLSchema" ifdguid="bcef9680d1f011e1800000215ad4efdf" templatetype="PSET_TYPEDRIVENOVERRIDE" xsi:noNamespaceSchemaLocation="http://buildingSMART-tech.org/xml/psd/PSD_IFC4.xsd" xmlns="http://buildingSMART-tech.org/xml/psd/PSD_IFC4.xsd"><IfcVersion version="IFC4X4" /><Name>Pset_MechanicalFastenerAnchorBolt</Name><Definition>Properties common to different types of anchor bolts.</Definition><Applicability /><ApplicableClasses><ClassName>IfcMechanicalFastener/ANCHORBOLT</ClassName></ApplicableClasses><ApplicableTypeValue>IfcMechanicalFastener/ANCHORBOLT</ApplicableTypeValue><PropertyDefs><PropertyDef ifdguid="c37e0e00d1f011e1800000215ad4efdf"><Name>AnchorBoltLength</Name><Definition>The length of the anchor bolt.</Definition><PropertyType><TypePropertySingleValue><DataType type="IfcPositiveLengthMeasure" /></TypePropertySingleValue></PropertyType><NameAliases><NameAlias lang="en">Anchor Bolt Length</NameAlias><NameAlias lang="ja-JP">長さ</NameAlias><NameAlias lang="ko-KR">길이</NameAlias></NameAliases><DefinitionAliases><DefinitionAlias lang="en" /><DefinitionAlias lang="ja-JP">アンカーボルトの長さ。</DefinitionAlias><DefinitionAlias lang="ko-KR">앵커 볼트의 길이</DefinitionAlias></DefinitionAliases></PropertyDef><PropertyDef ifdguid="ca0c8580d1f011e1800000215ad4efdf"><Name>AnchorBoltDiameter</Name><Definition>The nominal diameter of the anchor bolt bar(s).</Definition><PropertyType><TypePropertySingleValue><DataType type="IfcPositiveLengthMeasure" /></TypePropertySingleValue></PropertyType><NameAliases><NameAlias lang="en">Anchor Bolt Diameter</NameAlias><NameAlias lang="ja-JP">直径</NameAlias><NameAlias lang="ko-KR">지름</NameAlias></NameAliases><DefinitionAliases><DefinitionAlias lang="en" /><DefinitionAlias lang="ja-JP">アンカーボルトの直径。</DefinitionAlias><DefinitionAlias lang="ko-KR">앵커 볼트의 공칭 직경</DefinitionAlias></DefinitionAliases></PropertyDef><PropertyDef ifdguid="d1cc2a00d1f011e1800000215ad4efdf"><Name>AnchorBoltThreadLength</Name><Definition>The length of the threaded part of the anchor bolt.</Definition><PropertyType><TypePropertySingleValue><DataType type="IfcPositiveLengthMeasure" /></TypePropertySingleValue></PropertyType><NameAliases><NameAlias lang="en">Anchor Bolt Thread Length</NameAlias><NameAlias lang="ko-KR">나사부 길이</NameAlias></NameAliases><DefinitionAliases><DefinitionAlias lang="en" /><DefinitionAlias lang="ko-KR">앵커 볼트의 나사 부분의 길이</DefinitionAlias></DefinitionAliases></PropertyDef><PropertyDef ifdguid="d8f33800d1f011e1800000215ad4efdf"><Name>AnchorBoltProtrusionLength</Name><Definition>The length of the protruding part of the anchor bolt.</Definition><PropertyType><TypePropertySingleValue><DataType type="IfcPositiveLengthMeasure" /></TypePropertySingleValue></PropertyType><NameAliases><NameAlias lang="en">Anchor Bolt Protrusion Length</NameAlias><NameAlias lang="ko-KR">돌출부 길이</NameAlias></NameAliases><DefinitionAliases><DefinitionAlias lang="en" /><DefinitionAlias lang="ko-KR">앵커 볼트의 돌출 부분의 길이</DefinitionAlias></DefinitionAliases></PropertyDef></PropertyDefs><PsetDefinitionAliases><PsetDefinitionAlias lang="en" /><PsetDefinitionAlias lang="ja-JP">アンカーボルトの共通プロパティ。</PsetDefinitionAlias></PsetDefinitionAliases></PropertySetDef>