﻿<?xml version="1.0" encoding="utf-8"?><PropertySetDef xmlns:xsi="http://www.w3.org/2001/XMLSchema-instance" xmlns:xsd="http://www.w3.org/2001/XMLSchema" ifdguid="4bffad00d1f711e1800000215ad4efdf" templatetype="PSET_OCCURRENCEDRIVEN" xsi:noNamespaceSchemaLocation="http://buildingSMART-tech.org/xml/psd/PSD_IFC4.xsd" xmlns="http://buildingSMART-tech.org/xml/psd/PSD_IFC4.xsd"><IfcVersion version="IFC4X4" /><Name>Pset_ProjectOrderMaintenanceWorkOrder</Name><Definition>A MaintenanceWorkOrder is a detailed description of maintenance work that is to be performed. Note that the Scheduled Frequency property of the maintenance work order is used when the order is required as an instance of a scheduled work order.</Definition><Applicability /><ApplicableClasses><ClassName>IfcProjectOrder/MAINTENANCEWORKORDER</ClassName></ApplicableClasses><ApplicableTypeValue>IfcProjectOrder/MAINTENANCEWORKORDER</ApplicableTypeValue><PropertyDefs><PropertyDef ifdguid="53bf5180d1f711e1800000215ad4efdf"><Name>ProductDescription</Name><Definition>A textual description of the products that require the work.</Definition><PropertyType><TypePropertySingleValue><DataType type="IfcText" /></TypePropertySingleValue></PropertyType><NameAliases><NameAlias lang="en">Product Description</NameAlias></NameAliases><DefinitionAliases><DefinitionAlias lang="en" /></DefinitionAliases></PropertyDef><PropertyDef ifdguid="5c178c80d1f711e1800000215ad4efdf"><Name>WorkTypeRequested</Name><Definition>Work type requested in circumstances where there are categorizations of types of work task. It could be used to identify a remedial task, minor work task, electrical task etc.</Definition><PropertyType><TypePropertySingleValue><DataType type="IfcText" /></TypePropertySingleValue></PropertyType><NameAliases><NameAlias lang="en">Work Type Requested</NameAlias></NameAliases><DefinitionAliases><DefinitionAlias lang="en" /></DefinitionAliases></PropertyDef><PropertyDef ifdguid="65085e00d1f711e1800000215ad4efdf"><Name>ContractualType</Name><Definition>The contractual type of the work.</Definition><PropertyType><TypePropertySingleValue><DataType type="IfcText" /></TypePropertySingleValue></PropertyType><NameAliases><NameAlias lang="en">Contractual Type</NameAlias></NameAliases><DefinitionAliases><DefinitionAlias lang="en" /></DefinitionAliases></PropertyDef><PropertyDef ifdguid="6e91c600d1f711e1800000215ad4efdf"><Name>IfNotAccomplished</Name><Definition>Comments if the job is not accomplished.</Definition><PropertyType><TypePropertySingleValue><DataType type="IfcText" /></TypePropertySingleValue></PropertyType><NameAliases><NameAlias lang="en">If Not Accomplished</NameAlias></NameAliases><DefinitionAliases><DefinitionAlias lang="en" /></DefinitionAliases></PropertyDef><PropertyDef ifdguid="781b2e00d1f711e1800000215ad4efdf"><Name>MaintenanceType</Name><Definition>Identifies the predefined types of maintenance that can be done from which the type that generates the maintenance work order may be set where:

ConditionBased: generated as a result of the condition of an asset or artefact being less than a determined value.
Corrective: generated as a result of an immediate and urgent need for maintenance action.
PlannedCorrective: generated as a result of immediate corrective action being needed but with sufficient time available for the work order to be included in maintenance planning.
Scheduled: generated as a result of a fixed, periodic maintenance requirement.</Definition><PropertyType><TypePropertyEnumeratedValue><EnumList name="PEnum_MaintenanceType"><EnumItem>CONDITIONBASED</EnumItem><EnumItem>CORRECTIVE</EnumItem><EnumItem>PLANNEDCORRECTIVE</EnumItem><EnumItem>SCHEDULED</EnumItem><EnumItem>OTHER</EnumItem><EnumItem>NOTKNOWN</EnumItem><EnumItem>UNSET</EnumItem></EnumList><ConstantList><ConstantDef><Name>CONDITIONBASED</Name><NameAliases><NameAlias lang="en">Condition Based</NameAlias></NameAliases><DefinitionAliases /></ConstantDef><ConstantDef><Name>CORRECTIVE</Name><NameAliases><NameAlias lang="en">Corrective</NameAlias></NameAliases><DefinitionAliases /></ConstantDef><ConstantDef><Name>PLANNEDCORRECTIVE</Name><NameAliases><NameAlias lang="en">Planned Corrective</NameAlias></NameAliases><DefinitionAliases /></ConstantDef><ConstantDef><Name>SCHEDULED</Name><NameAliases><NameAlias lang="en">Scheduled</NameAlias></NameAliases><DefinitionAliases /></ConstantDef><ConstantDef><Name>OTHER</Name><Definition>required category not on scale</Definition><NameAliases><NameAlias lang="en">(other)</NameAlias></NameAliases><DefinitionAliases><DefinitionAlias lang="en">Value is not listed.</DefinitionAlias></DefinitionAliases></ConstantDef><ConstantDef><Name>NOTKNOWN</Name><Definition>Value is unkown</Definition><NameAliases><NameAlias lang="en">(unknown)</NameAlias></NameAliases><DefinitionAliases><DefinitionAlias lang="en">Value is unknown.</DefinitionAlias></DefinitionAliases></ConstantDef><ConstantDef><Name>UNSET</Name><Definition>Value has not been specified</Definition><NameAliases><NameAlias lang="en">(unset)</NameAlias></NameAliases><DefinitionAliases><DefinitionAlias lang="en">Value has not been specified.</DefinitionAlias></DefinitionAliases></ConstantDef></ConstantList></TypePropertyEnumeratedValue></PropertyType><NameAliases><NameAlias lang="en">Maintenance Type</NameAlias></NameAliases><DefinitionAliases><DefinitionAlias lang="en" /></DefinitionAliases></PropertyDef><PropertyDef ifdguid="93863900d1f711e1800000215ad4efdf"><Name>FaultPriorityType</Name><Definition>Identifies the predefined types of priority that can be assigned from which the type may be set where:

High: action is required urgently.
Medium: action can occur within a reasonable period of time.
Low: action can occur when convenient.</Definition><PropertyType><TypePropertyEnumeratedValue><EnumList name="PEnum_PriorityType"><EnumItem>HIGH</EnumItem><EnumItem>MEDIUM</EnumItem><EnumItem>LOW</EnumItem><EnumItem>OTHER</EnumItem><EnumItem>NOTKNOWN</EnumItem><EnumItem>UNSET</EnumItem></EnumList><ConstantList><ConstantDef><Name>HIGH</Name><NameAliases><NameAlias lang="en">High</NameAlias></NameAliases><DefinitionAliases /></ConstantDef><ConstantDef><Name>MEDIUM</Name><NameAliases><NameAlias lang="en">Medium</NameAlias></NameAliases><DefinitionAliases /></ConstantDef><ConstantDef><Name>LOW</Name><NameAliases><NameAlias lang="en">Low</NameAlias></NameAliases><DefinitionAliases /></ConstantDef><ConstantDef><Name>OTHER</Name><Definition>required category not on scale</Definition><NameAliases><NameAlias lang="en">(other)</NameAlias></NameAliases><DefinitionAliases><DefinitionAlias lang="en">Value is not listed.</DefinitionAlias></DefinitionAliases></ConstantDef><ConstantDef><Name>NOTKNOWN</Name><Definition>Value is unkown</Definition><NameAliases><NameAlias lang="en">(unknown)</NameAlias></NameAliases><DefinitionAliases><DefinitionAlias lang="en">Value is unknown.</DefinitionAlias></DefinitionAliases></ConstantDef><ConstantDef><Name>UNSET</Name><Definition>Value has not been specified</Definition><NameAliases><NameAlias lang="en">(unset)</NameAlias></NameAliases><DefinitionAliases><DefinitionAlias lang="en">Value has not been specified.</DefinitionAlias></DefinitionAliases></ConstantDef></ConstantList></TypePropertyEnumeratedValue></PropertyType><NameAliases><NameAlias lang="en">Fault Priority Type</NameAlias></NameAliases><DefinitionAliases><DefinitionAlias lang="en" /></DefinitionAliases></PropertyDef><PropertyDef ifdguid="a8fb6300d1f711e1800000215ad4efdf"><Name>LocationPriorityType</Name><Definition>Identifies the predefined types of priority that can be assigned from which the type may be set where:

High: action is required urgently.
Medium: action can occur within a reasonable period of time.
Low: action can occur when convenient.</Definition><PropertyType><TypePropertyEnumeratedValue><EnumList name="PEnum_PriorityType"><EnumItem>HIGH</EnumItem><EnumItem>MEDIUM</EnumItem><EnumItem>LOW</EnumItem><EnumItem>OTHER</EnumItem><EnumItem>NOTKNOWN</EnumItem><EnumItem>UNSET</EnumItem></EnumList><ConstantList><ConstantDef><Name>HIGH</Name><NameAliases><NameAlias lang="en">High</NameAlias></NameAliases><DefinitionAliases /></ConstantDef><ConstantDef><Name>MEDIUM</Name><NameAliases><NameAlias lang="en">Medium</NameAlias></NameAliases><DefinitionAliases /></ConstantDef><ConstantDef><Name>LOW</Name><NameAliases><NameAlias lang="en">Low</NameAlias></NameAliases><DefinitionAliases /></ConstantDef><ConstantDef><Name>OTHER</Name><Definition>required category not on scale</Definition><NameAliases><NameAlias lang="en">(other)</NameAlias></NameAliases><DefinitionAliases><DefinitionAlias lang="en">Value is not listed.</DefinitionAlias></DefinitionAliases></ConstantDef><ConstantDef><Name>NOTKNOWN</Name><Definition>Value is unkown</Definition><NameAliases><NameAlias lang="en">(unknown)</NameAlias></NameAliases><DefinitionAliases><DefinitionAlias lang="en">Value is unknown.</DefinitionAlias></DefinitionAliases></ConstantDef><ConstantDef><Name>UNSET</Name><Definition>Value has not been specified</Definition><NameAliases><NameAlias lang="en">(unset)</NameAlias></NameAliases><DefinitionAliases><DefinitionAlias lang="en">Value has not been specified.</DefinitionAlias></DefinitionAliases></ConstantDef></ConstantList></TypePropertyEnumeratedValue></PropertyType><NameAliases><NameAlias lang="en">Location Priority Type</NameAlias></NameAliases><DefinitionAliases><DefinitionAlias lang="en" /></DefinitionAliases></PropertyDef><PropertyDef ifdguid="bfa1ba00d1f711e1800000215ad4efdf"><Name>ScheduledFrequency</Name><Definition>The period of time between expected instantiations of a work order that may have been predefined.</Definition><PropertyType><TypePropertySingleValue><DataType type="IfcTimeMeasure" /></TypePropertySingleValue></PropertyType><NameAliases><NameAlias lang="en">Scheduled Frequency</NameAlias></NameAliases><DefinitionAliases><DefinitionAlias lang="en" /></DefinitionAliases></PropertyDef></PropertyDefs><PsetDefinitionAliases><PsetDefinitionAlias lang="en" /></PsetDefinitionAliases></PropertySetDef>