<?xml version="1.0" encoding="utf-8"?>
<QtoSetDef xmlns:xsi="http://www.w3.org/2001/XMLSchema-instance" xmlns:xsd="http://www.w3.org/2001/XMLSchema" xmlns="http://buildingSMART-tech.org/xml/psd/PSD_IFC4.xsd">
  <IfcVersion version="IFC4X4" />
  <Name>Qto_PipeSegmentBaseQuantities</Name>
  <Definition>Base quantities that are common to the definition of all types and occurrences of pipe segments.</Definition>
  <Applicability />
  <ApplicableClasses>
    <ClassName>IfcPipeSegment</ClassName>
  </ApplicableClasses>
  <ApplicableTypeValue>IfcPipeSegment</ApplicableTypeValue>
  <QtoDefs>
    <QtoDef>
      <Name>Length</Name>
      <Definition>Length of the segment, calcThe length of the object.

Calculated at midpoint of cross-section, equal to the distance between inlet and outlet ports.ulated at midpoint of cross-section, equal to the distance between inlet and outlet ports.</Definition>
      <QtoType>Q_LENGTH</QtoType>
      <NameAliases>
        <NameAlias lang="en">Length</NameAlias>
      </NameAliases>
      <DefinitionAliases>
        <DefinitionAlias lang="en" />
      </DefinitionAliases>
    </QtoDef>
    <QtoDef>
      <Name>GrossCrossSectionArea</Name>
      <Definition>Area of the cross section.

Including the pipe itself and the interior flow space.</Definition>
      <QtoType>Q_AREA</QtoType>
      <NameAliases>
        <NameAlias lang="en">Gross Cross Section Area</NameAlias>
      </NameAliases>
      <DefinitionAliases>
        <DefinitionAlias lang="en" />
      </DefinitionAliases>
    </QtoDef>
    <QtoDef>
      <Name>NetCrossSectionArea</Name>
      <Definition>Area of the cross section of the object.

Excluding the interior flow space.</Definition>
      <QtoType>Q_AREA</QtoType>
      <NameAliases>
        <NameAlias lang="en">Net Cross Section Area</NameAlias>
      </NameAliases>
      <DefinitionAliases>
        <DefinitionAlias lang="en" />
      </DefinitionAliases>
    </QtoDef>
    <QtoDef>
      <Name>OuterSurfaceArea</Name>
      <Definition>Total area of the surfaces of the object (not taking into account the end cap areas), normally generated as perimeter * length in case of extrusions.</Definition>
      <QtoType>Q_AREA</QtoType>
      <NameAliases>
        <NameAlias lang="en">Outer Surface Area</NameAlias>
      </NameAliases>
      <DefinitionAliases>
        <DefinitionAlias lang="en" />
      </DefinitionAliases>
    </QtoDef>
    <QtoDef>
      <Name>GrossWeight</Name>
      <Definition>Total Gross Weight of the object without any add-on parts and not taking into account possible processing features (cut-out's, etc.) or openings and recesses.

Not including contained fluid.</Definition>
      <QtoType>Q_WEIGHT</QtoType>
      <NameAliases>
        <NameAlias lang="en">Gross Weight</NameAlias>
      </NameAliases>
      <DefinitionAliases>
        <DefinitionAlias lang="en" />
      </DefinitionAliases>
    </QtoDef>
    <QtoDef>
      <Name>NetWeight</Name>
      <Definition>Total net weight of the object without add-on parts, taking into account possible processing features (cut-out's, etc.) or openings and recesses.

Weight of the pipe segment, including contained fluid as designed.</Definition>
      <QtoType>Q_WEIGHT</QtoType>
      <NameAliases>
        <NameAlias lang="en">Net Weight</NameAlias>
      </NameAliases>
      <DefinitionAliases>
        <DefinitionAlias lang="en" />
      </DefinitionAliases>
    </QtoDef>
    <QtoDef>
      <Name>FootPrintArea</Name>
      <Definition>Gross area of the site covered by the building(s).</Definition>
      <QtoType>Q_AREA</QtoType>
      <NameAliases />
      <DefinitionAliases />
    </QtoDef>
  </QtoDefs>
  <QtoDefinitionAliases>
    <QtoDefinitionAlias lang="en" />
  </QtoDefinitionAliases>
</QtoSetDef>