<?xml version="1.0" encoding="utf-8"?>
<QtoSetDef xmlns:xsi="http://www.w3.org/2001/XMLSchema-instance" xmlns:xsd="http://www.w3.org/2001/XMLSchema" xmlns="http://buildingSMART-tech.org/xml/psd/PSD_IFC4.xsd">
  <IfcVersion version="IFC4X4" />
  <Name>Qto_ImprovedGroundJetGroutedQuantities</Name>
  <Definition>Quantities associated with jet grouting.</Definition>
  <Applicability />
  <ApplicableClasses>
    <ClassName>IfcImprovedGround/JETGROUTED</ClassName>
  </ApplicableClasses>
  <ApplicableTypeValue>IfcImprovedGround/JETGROUTED</ApplicableTypeValue>
  <QtoDefs>
    <QtoDef>
      <Name>VolumeInjectedMaterial</Name>
      <Definition>Material injected into hole.</Definition>
      <QtoType>Q_VOLUME</QtoType>
      <NameAliases />
      <DefinitionAliases />
    </QtoDef>
    <QtoDef>
      <Name>VolumeFlushedMaterial</Name>
      <Definition>Material flushed from hole.</Definition>
      <QtoType>0</QtoType>
      <NameAliases />
      <DefinitionAliases />
    </QtoDef>
  </QtoDefs>
  <QtoDefinitionAliases />
</QtoSetDef>