<?xml version="1.0" encoding="utf-8"?>
<QtoSetDef xmlns:xsi="http://www.w3.org/2001/XMLSchema-instance" xmlns:xsd="http://www.w3.org/2001/XMLSchema" xmlns="http://buildingSMART-tech.org/xml/psd/PSD_IFC4.xsd">
  <IfcVersion version="IFC4X4" />
  <Name>Qto_VehicleBaseQuantities</Name>
  <Definition>Quantities for vehicles</Definition>
  <Applicability />
  <ApplicableClasses>
    <ClassName>IfcVehicle/ROLLINGSTOCK</ClassName>
    <ClassName>IfcVehicle/VEHICLEAIR</ClassName>
    <ClassName>IfcVehicle/VEHICLEMARINE</ClassName>
    <ClassName>IfcVehicle/VEHICLETRACKED</ClassName>
    <ClassName>IfcVehicle/VEHICLE</ClassName>
  </ApplicableClasses>
  <ApplicableTypeValue>IfcVehicle/ROLLINGSTOCK,IfcVehicle/VEHICLEAIR,IfcVehicle/VEHICLEMARINE,IfcVehicle/VEHICLETRACKED,IfcVehicle/VEHICLE</ApplicableTypeValue>
  <QtoDefs>
    <QtoDef>
      <Name>Length</Name>
      <Definition>Characteristic length</Definition>
      <QtoType>Q_LENGTH</QtoType>
      <NameAliases />
      <DefinitionAliases />
    </QtoDef>
    <QtoDef>
      <Name>Width</Name>
      <Definition>Characteristic width</Definition>
      <QtoType>Q_LENGTH</QtoType>
      <NameAliases />
      <DefinitionAliases />
    </QtoDef>
    <QtoDef>
      <Name>Height</Name>
      <Definition>Characteristic height</Definition>
      <QtoType>Q_LENGTH</QtoType>
      <NameAliases />
      <DefinitionAliases />
    </QtoDef>
  </QtoDefs>
  <QtoDefinitionAliases />
</QtoSetDef>