<?xml version="1.0" encoding="utf-8"?>
<QtoSetDef xmlns:xsi="http://www.w3.org/2001/XMLSchema-instance" xmlns:xsd="http://www.w3.org/2001/XMLSchema" xmlns="http://buildingSMART-tech.org/xml/psd/PSD_IFC4.xsd">
  <IfcVersion version="IFC4X4" />
  <Name>Qto_EarthworksCutBaseQuantities</Name>
  <Definition>Quantity set for Earthworks Cut Base.</Definition>
  <Applicability />
  <ApplicableClasses>
    <ClassName>IfcEarthworksCut</ClassName>
  </ApplicableClasses>
  <ApplicableTypeValue>IfcEarthworksCut</ApplicableTypeValue>
  <QtoDefs>
    <QtoDef>
      <Name>Length</Name>
      <Definition>The length of the object.</Definition>
      <QtoType>Q_LENGTH</QtoType>
      <NameAliases />
      <DefinitionAliases />
    </QtoDef>
    <QtoDef>
      <Name>Width</Name>
      <Definition>The width of the object. Only given, if the object has constant thickness (prismatic).</Definition>
      <QtoType>Q_LENGTH</QtoType>
      <NameAliases />
      <DefinitionAliases />
    </QtoDef>
    <QtoDef>
      <Name>Depth</Name>
      <Definition>The depth of the object.

Depth (one direction of the non-projected foot print area) of the slab. It shall only be provided, if the slab is rectangular.
&gt;NOTE&amp;nbsp; Also referred to as width, but not to be confused with the "Width" quantity, that denotes the thickness in the context of the slab.</Definition>
      <QtoType>Q_LENGTH</QtoType>
      <NameAliases>
        <NameAlias lang="de-DE">Breite</NameAlias>
        <NameAlias lang="en">Depth</NameAlias>
      </NameAliases>
      <DefinitionAliases>
        <DefinitionAlias lang="de-DE">Breite der Decke (einer der beiden Abmasse in der parallelen Draufsicht auf die Decke). Wird nur bei rechteckigen Decken angegeben.</DefinitionAlias>
        <DefinitionAlias lang="en" />
      </DefinitionAliases>
    </QtoDef>
    <QtoDef>
      <Name>UndisturbedVolume</Name>
      <Definition>Undisturbed Volume.</Definition>
      <QtoType>Q_VOLUME</QtoType>
      <NameAliases />
      <DefinitionAliases />
    </QtoDef>
    <QtoDef>
      <Name>LooseVolume</Name>
      <Definition>Volume of the earthworks when in a loose piled state</Definition>
      <QtoType>Q_VOLUME</QtoType>
      <NameAliases />
      <DefinitionAliases />
    </QtoDef>
    <QtoDef>
      <Name>Weight</Name>
      <Definition>Total weight of object</Definition>
      <QtoType>Q_WEIGHT</QtoType>
      <NameAliases />
      <DefinitionAliases />
    </QtoDef>
  </QtoDefs>
  <QtoDefinitionAliases />
</QtoSetDef>