<?xml version="1.0" encoding="utf-8"?>
<PropertySetDef xmlns:xsi="http://www.w3.org/2001/XMLSchema-instance" xmlns:xsd="http://www.w3.org/2001/XMLSchema" ifdguid="e46d5cdf74a44f1987ec7cd29b208322" templatetype="PSET_OCCURRENCEDRIVEN" xsi:noNamespaceSchemaLocation="http://buildingSMART-tech.org/xml/psd/PSD_IFC4.xsd" xmlns="http://buildingSMART-tech.org/xml/psd/PSD_IFC4.xsd">
  <IfcVersion version="IFC4X4" />
  <Name>Pset_ShipyardCommon</Name>
  <Definition>Properties common to the definition of all occurrences of IfcMarineFacility with the predefined type set to SHIPYARD.</Definition>
  <Applicability />
  <ApplicableClasses>
    <ClassName>IfcMarineFacility/SHIPYARD</ClassName>
  </ApplicableClasses>
  <ApplicableTypeValue>IfcMarineFacility/SHIPYARD</ApplicableTypeValue>
  <PropertyDefs>
    <PropertyDef ifdguid="1ffbf034d0dc497690595596adb54fa8">
      <Name>PrimaryProductionType</Name>
      <Definition>Primary type of ship production of the facility</Definition>
      <PropertyType>
        <TypePropertySingleValue>
          <DataType type="IfcLabel" />
        </TypePropertySingleValue>
      </PropertyType>
      <NameAliases />
      <DefinitionAliases />
    </PropertyDef>
  </PropertyDefs>
  <PsetDefinitionAliases />
</PropertySetDef>