<?xml version="1.0" encoding="utf-8"?>
<PropertySetDef xmlns:xsi="http://www.w3.org/2001/XMLSchema-instance" xmlns:xsd="http://www.w3.org/2001/XMLSchema" ifdguid="95ac3d01c3244bba912c4185b0bfce5d" templatetype="PSET_TYPEDRIVENOVERRIDE" xsi:noNamespaceSchemaLocation="http://buildingSMART-tech.org/xml/psd/PSD_IFC4.xsd" xmlns="http://buildingSMART-tech.org/xml/psd/PSD_IFC4.xsd">
  <IfcVersion version="IFC4X4" />
  <Name>Pset_ProcessCapacity</Name>
  <Definition>Property set for the application of process data to spatial elements and transport assets</Definition>
  <Applicability />
  <ApplicableClasses>
    <ClassName>IfcBuiltSystem</ClassName>
    <ClassName>IfcDistributionSystem</ClassName>
    <ClassName>IfcDoor</ClassName>
    <ClassName>IfcSpace</ClassName>
    <ClassName>IfcTransportationDevice</ClassName>
    <ClassName>IfcZone</ClassName>
  </ApplicableClasses>
  <ApplicableTypeValue>IfcBuiltSystem,IfcDistributionSystem,IfcDoor,IfcSpace,IfcTransportationDevice,IfcZone</ApplicableTypeValue>
  <PropertyDefs>
    <PropertyDef ifdguid="3c8560a7e9dc4706acfb468a77f65fdc">
      <Name>ProcessItem</Name>
      <Definition>The type of item (and its measurement method) being modelled within a process. This can be cargo, passengers or vehicles that pass through the system.</Definition>
      <PropertyType>
        <TypePropertyEnumeratedValue>
          <EnumList name="PEnum_ProcessItem">
            <EnumItem>TEU</EnumItem>
            <EnumItem>CGT</EnumItem>
            <EnumItem>BARREL</EnumItem>
            <EnumItem>TONNE</EnumItem>
            <EnumItem>PASSENGER</EnumItem>
            <EnumItem>VEHICLE</EnumItem>
            <EnumItem>OTHER</EnumItem>
            <EnumItem>NOTKNOWN</EnumItem>
            <EnumItem>UNSET</EnumItem>
          </EnumList>
          <ConstantList>
            <ConstantDef>
              <Name>TEU</Name>
              <NameAliases>
                <NameAlias lang="en">TEU</NameAlias>
              </NameAliases>
              <DefinitionAliases>
                <DefinitionAlias lang="en">Twenty Foot Equivalent Unit.</DefinitionAlias>
              </DefinitionAliases>
            </ConstantDef>
            <ConstantDef>
              <Name>CGT</Name>
              <NameAliases>
                <NameAlias lang="en">CGT</NameAlias>
              </NameAliases>
              <DefinitionAliases>
                <DefinitionAlias lang="en">Compensated Gross Tonnage</DefinitionAlias>
              </DefinitionAliases>
            </ConstantDef>
            <ConstantDef>
              <Name>BARREL</Name>
              <NameAliases>
                <NameAlias lang="en">Barrel</NameAlias>
              </NameAliases>
              <DefinitionAliases>
                <DefinitionAlias lang="en">Liquid bulk measurement unit.</DefinitionAlias>
              </DefinitionAliases>
            </ConstantDef>
            <ConstantDef>
              <Name>TONNE</Name>
              <NameAliases>
                <NameAlias lang="en">Tonne</NameAlias>
              </NameAliases>
              <DefinitionAliases>
                <DefinitionAlias lang="en">Dry bulk measurement unit</DefinitionAlias>
              </DefinitionAliases>
            </ConstantDef>
            <ConstantDef>
              <Name>PASSENGER</Name>
              <NameAliases>
                <NameAlias lang="en">Passenger</NameAlias>
              </NameAliases>
              <DefinitionAliases>
                <DefinitionAlias lang="en">Item unit for the flow and use of passengers.</DefinitionAlias>
              </DefinitionAliases>
            </ConstantDef>
            <ConstantDef>
              <Name>VEHICLE</Name>
              <NameAliases>
                <NameAlias lang="en">Vehicle</NameAlias>
              </NameAliases>
              <DefinitionAliases>
                <DefinitionAlias lang="en">Item unit for the flow and transfer of vehicles</DefinitionAlias>
              </DefinitionAliases>
            </ConstantDef>
            <ConstantDef>
              <Name>OTHER</Name>
              <Definition>required category not on scale</Definition>
              <NameAliases>
                <NameAlias lang="en">(other)</NameAlias>
              </NameAliases>
              <DefinitionAliases>
                <DefinitionAlias lang="en">Value is not listed.</DefinitionAlias>
              </DefinitionAliases>
            </ConstantDef>
            <ConstantDef>
              <Name>NOTKNOWN</Name>
              <Definition>Value is unkown</Definition>
              <NameAliases>
                <NameAlias lang="en">(unknown)</NameAlias>
              </NameAliases>
              <DefinitionAliases>
                <DefinitionAlias lang="en">Value is unknown.</DefinitionAlias>
              </DefinitionAliases>
            </ConstantDef>
            <ConstantDef>
              <Name>UNSET</Name>
              <Definition>Value has not been specified</Definition>
              <NameAliases>
                <NameAlias lang="en">(unset)</NameAlias>
              </NameAliases>
              <DefinitionAliases>
                <DefinitionAlias lang="en">Value has not been specified.</DefinitionAlias>
              </DefinitionAliases>
            </ConstantDef>
          </ConstantList>
        </TypePropertyEnumeratedValue>
      </PropertyType>
      <NameAliases />
      <DefinitionAliases />
    </PropertyDef>
    <PropertyDef ifdguid="6f59a5a9f24b48838bba8cc13186ea6c">
      <Name>ProcessCapacity</Name>
      <Definition>The number of units that can be processed in the time defined in ProcessPerformance</Definition>
      <PropertyType>
        <TypePropertySingleValue>
          <DataType type="IfcCountMeasure" />
        </TypePropertySingleValue>
      </PropertyType>
      <NameAliases />
      <DefinitionAliases />
    </PropertyDef>
    <PropertyDef ifdguid="b1d174966cdb4054a881c120e3e658d1">
      <Name>ProcessPerformance</Name>
      <Definition>Minimum time to accept or dispatch the entire item capacity.</Definition>
      <PropertyType>
        <TypePropertySingleValue>
          <DataType type="IfcDuration" />
        </TypePropertySingleValue>
      </PropertyType>
      <NameAliases />
      <DefinitionAliases />
    </PropertyDef>
    <PropertyDef ifdguid="4fe945f07a10401aaf862404dd29a9ae">
      <Name>DownstreamConnections</Name>
      <Definition>Names of downstream connected equipment and spaces, if not otherwise represented</Definition>
      <PropertyType>
        <TypePropertyListValue>
          <ListValue>
            <DataType type="IfcLabel" />
          </ListValue>
        </TypePropertyListValue>
      </PropertyType>
      <NameAliases />
      <DefinitionAliases />
    </PropertyDef>
    <PropertyDef ifdguid="2a9b02331e6a4f088a6a33547c8093ed">
      <Name>UpstreamConnections</Name>
      <Definition>Names of upstream connected equipment and spaces, if not otherwise represented</Definition>
      <PropertyType>
        <TypePropertyListValue>
          <ListValue>
            <DataType type="IfcLabel" />
          </ListValue>
        </TypePropertyListValue>
      </PropertyType>
      <NameAliases />
      <DefinitionAliases />
    </PropertyDef>
  </PropertyDefs>
  <PsetDefinitionAliases />
</PropertySetDef>