<?xml version="1.0" encoding="utf-8"?>
<PropertySetDef xmlns:xsi="http://www.w3.org/2001/XMLSchema-instance" xmlns:xsd="http://www.w3.org/2001/XMLSchema" ifdguid="5782b200d1be11e1800000215ad4efdf" templatetype="PSET_PERFORMANCEDRIVEN" xsi:noNamespaceSchemaLocation="http://buildingSMART-tech.org/xml/psd/PSD_IFC4.xsd" xmlns="http://buildingSMART-tech.org/xml/psd/PSD_IFC4.xsd">
  <IfcVersion version="IFC4X4" />
  <Name>Pset_AirTerminalBoxPHistory</Name>
  <Definition>Air terminal box performance history attributes.</Definition>
  <Applicability />
  <ApplicableClasses>
    <ClassName>IfcAirTerminalBox</ClassName>
  </ApplicableClasses>
  <ApplicableTypeValue>IfcAirTerminalBox</ApplicableTypeValue>
  <PropertyDefs>
    <PropertyDef ifdguid="5d789300d1be11e1800000215ad4efdf">
      <Name>DamperPosition</Name>
      <Definition>Control damper position, ranging from 0 to 1; damper position (0=closed=90deg position angle, 1=open=0deg position angle).</Definition>
      <PropertyType>
        <TypePropertyReferenceValue reftype="IfcTimeSeries" />
      </PropertyType>
      <NameAliases>
        <NameAlias lang="en">Damper Position</NameAlias>
        <NameAlias lang="fr-FR">Position du registre</NameAlias>
        <NameAlias lang="ja-JP">ダンパ開度</NameAlias>
      </NameAliases>
      <DefinitionAliases>
        <DefinitionAlias lang="en" />
        <DefinitionAlias lang="fr-FR">Position de contrôle du registre, compris entre 0 et 1.</DefinitionAlias>
        <DefinitionAlias lang="ja-JP">制御ダンパの開度（０～１）</DefinitionAlias>
      </DefinitionAliases>
    </PropertyDef>
    <PropertyDef ifdguid="61a4b080d1be11e1800000215ad4efdf">
      <Name>AtmosphericPressure</Name>
      <Definition>Ambient atmospheric pressure.</Definition>
      <PropertyType>
        <TypePropertyReferenceValue reftype="IfcTimeSeries" />
      </PropertyType>
      <NameAliases>
        <NameAlias lang="en">Atmospheric Pressure</NameAlias>
        <NameAlias lang="fr-FR">Pression atmosphérique</NameAlias>
        <NameAlias lang="ja-JP">大気圧</NameAlias>
      </NameAliases>
      <DefinitionAliases>
        <DefinitionAlias lang="en" />
        <DefinitionAlias lang="fr-FR">Pression atmosphérique ambiante</DefinitionAlias>
        <DefinitionAlias lang="ja-JP">周囲大気圧</DefinitionAlias>
      </DefinitionAliases>
    </PropertyDef>
    <PropertyDef ifdguid="65383780d1be11e1800000215ad4efdf">
      <Name>Sound</Name>
      <Definition>Sound performance.</Definition>
      <PropertyType>
        <TypePropertyReferenceValue reftype="IfcTimeSeries" />
      </PropertyType>
      <NameAliases>
        <NameAlias lang="en">Sound</NameAlias>
        <NameAlias lang="fr-FR">Acoustique</NameAlias>
        <NameAlias lang="ja-JP">騒音</NameAlias>
      </NameAliases>
      <DefinitionAliases>
        <DefinitionAlias lang="en" />
        <DefinitionAlias lang="fr-FR">Performance acoustique</DefinitionAlias>
        <DefinitionAlias lang="ja-JP">騒音性能</DefinitionAlias>
      </DefinitionAliases>
    </PropertyDef>
  </PropertyDefs>
  <PsetDefinitionAliases>
    <PsetDefinitionAlias lang="en" />
    <PsetDefinitionAlias lang="ja-JP">ターミナルボックス性能履歴の属性。</PsetDefinitionAlias>
  </PsetDefinitionAliases>
</PropertySetDef>