<?xml version="1.0" encoding="utf-8"?>
<PropertySetDef xmlns:xsi="http://www.w3.org/2001/XMLSchema-instance" xmlns:xsd="http://www.w3.org/2001/XMLSchema" ifdguid="b976ca2f891f4092b523a9a66ddddfe3" templatetype="PSET_OCCURRENCEDRIVEN" xsi:noNamespaceSchemaLocation="http://buildingSMART-tech.org/xml/psd/PSD_IFC4.xsd" xmlns="http://buildingSMART-tech.org/xml/psd/PSD_IFC4.xsd">
  <IfcVersion version="IFC4X4" />
  <Name>Pset_RevetmentCommon</Name>
  <Definition>Properties common to the definition of all occurrences of _IfcMarineFacility_ with the predefined type set to REVETMENT.</Definition>
  <Applicability />
  <ApplicableClasses>
    <ClassName>IfcMarineFacility/REVETMENT</ClassName>
  </ApplicableClasses>
  <ApplicableTypeValue>IfcMarineFacility/REVETMENT</ApplicableTypeValue>
  <PropertyDefs>
    <PropertyDef ifdguid="2651e345e6f348fea17237985bf893d8">
      <Name>StructuralType</Name>
      <Definition>Structural type of the object</Definition>
      <PropertyType>
        <TypePropertySingleValue>
          <DataType type="IfcLabel" />
        </TypePropertySingleValue>
      </PropertyType>
      <NameAliases />
      <DefinitionAliases />
    </PropertyDef>
    <PropertyDef ifdguid="8c5d659962eb4a189c9963726541d93a">
      <Name>Elevation</Name>
      <Definition>Elevation of the entity</Definition>
      <PropertyType>
        <TypePropertySingleValue>
          <DataType type="IfcLengthMeasure" />
        </TypePropertySingleValue>
      </PropertyType>
      <NameAliases />
      <DefinitionAliases />
    </PropertyDef>
  </PropertyDefs>
  <PsetDefinitionAliases />
</PropertySetDef>