<?xml version="1.0" encoding="utf-8"?>
<PropertySetDef xmlns:xsi="http://www.w3.org/2001/XMLSchema-instance" xmlns:xsd="http://www.w3.org/2001/XMLSchema" ifdguid="c400af80d1c411e1800000215ad4efdf" templatetype="PSET_TYPEDRIVENOVERRIDE" xsi:noNamespaceSchemaLocation="http://buildingSMART-tech.org/xml/psd/PSD_IFC4.xsd" xmlns="http://buildingSMART-tech.org/xml/psd/PSD_IFC4.xsd">
  <IfcVersion version="IFC4X4" />
  <Name>Pset_BoilerTypeSteam</Name>
  <Definition>Steam boiler type common attributes.</Definition>
  <Applicability />
  <ApplicableClasses>
    <ClassName>IfcBoiler/STEAM</ClassName>
  </ApplicableClasses>
  <ApplicableTypeValue>IfcBoiler/STEAM</ApplicableTypeValue>
  <PropertyDefs>
    <PropertyDef ifdguid="c82ccd00d1c411e1800000215ad4efdf">
      <Name>MaximumOutletPressure</Name>
      <Definition>Maximum steam outlet pressure.</Definition>
      <PropertyType>
        <TypePropertySingleValue>
          <DataType type="IfcLabel" />
        </TypePropertySingleValue>
      </PropertyType>
      <NameAliases>
        <NameAlias lang="en">Maximum Outlet Pressure</NameAlias>
        <NameAlias lang="fr-FR">PressionSortieAdmissible</NameAlias>
        <NameAlias lang="ja-JP">最大出口圧力</NameAlias>
      </NameAliases>
      <DefinitionAliases>
        <DefinitionAlias lang="en" />
        <DefinitionAlias lang="fr-FR">Pression vapeur en sortie maximale</DefinitionAlias>
        <DefinitionAlias lang="ja-JP">最大出口蒸気圧力</DefinitionAlias>
      </DefinitionAliases>
    </PropertyDef>
    <PropertyDef ifdguid="cc58ea80d1c411e1800000215ad4efdf">
      <Name>NominalEfficiencyTable</Name>
      <Definition>The nominal efficiency of the boiler as defined by the manufacturer. For steam boilers, a function of inlet temperature versus steam pressure.  Note: as two variables are used, DefiningValues and DefinedValues are null, and values are stored in IfcTable in the following order: InletTemperature(IfcThermodynamicTemperatureMeasure) and OutletTemperature(IfcThermodynamicTemperatureMeasure) in DefiningValues, and NominalEfficiency(IfcNormalisedRatioMeasure) in DefinedValues. For example, DefininfValues(InletTemp, OutletTemp), DefinedValues(null, NominalEfficiency).  The IfcTable is related to IfcPropertyTableValue using IfcMetric and IfcPropertyConstraintRelationship.</Definition>
      <PropertyType>
        <TypePropertyTableValue>
          <Expression />
          <DefiningValue>
            <DataType type="IfcThermodynamicTemperatureMeasure" />
          </DefiningValue>
          <DefinedValue>
            <DataType type="IfcNormalisedRatioMeasure" />
          </DefinedValue>
        </TypePropertyTableValue>
      </PropertyType>
      <NameAliases>
        <NameAlias lang="en">Nominal Efficiency</NameAlias>
        <NameAlias lang="fr-FR">EfficacitéNominale</NameAlias>
      </NameAliases>
      <DefinitionAliases>
        <DefinitionAlias lang="en" />
        <DefinitionAlias lang="fr-FR">Efficacité nominale de la chaudière tel que définie par le constructeur.
Pour les chaudières à vapeur, une fonction de la température en entrée par rapport à la pression de vapeur.
Remarque: Comme deux variables sont utilisées ValeurDefinir et ValeursDefinies sont nulles, et les valeurs sont enregistrées dans IfcTable dans l'ordre suivant:
- TempératureEntrée (IfcThermodynamicTemperatureMeasure) et TempératureSortie (IfcThermodynamicTemperatureMeasure) dans ValeursDefinir , et EfficacitéNominale (IfcNormalisedRatioMeasure) dansValeursDefinies.
Par exemple, ValeursDefinir (TempératureEntrée, TempératureSortie), ValeursDefinies (nul, RendementNominal).
IfcTable est lié à IfcPropertyTableValue qui utilise IfcMetric et IfcPropertyConstraintRelationship.</DefinitionAlias>
      </DefinitionAliases>
    </PropertyDef>
    <PropertyDef ifdguid="d2e76200d1c411e1800000215ad4efdf">
      <Name>HeatOutput</Name>
      <Definition>Total nominal heat output as listed by the Boiler manufacturer.

For steam boilers, it is a function of inlet temperature versus steam pressure. Note: as two variables are used, DefiningValues and DefinedValues are null, and values are stored in IfcTable in the following order: InletTemperature(IfcThermodynamicTemperatureMeasure) and OutletTemperature(IfcThermodynamicTemperatureMeasure) in DefiningValues, and HeatOutput(IfcEnergyMeasure) in DefinedValues. For example, DefiningValues(InletTemp, OutletTemp), DefinedValues(null, HeatOutput). The IfcTable is related to IfcPropertyTableValue using IfcMetric and IfcResourceConstraintRelationship.</Definition>
      <PropertyType>
        <TypePropertyTableValue>
          <Expression />
          <DefiningValue>
            <DataType type="IfcThermodynamicTemperatureMeasure" />
          </DefiningValue>
          <DefinedValue>
            <DataType type="IfcEnergyMeasure" />
          </DefinedValue>
        </TypePropertyTableValue>
      </PropertyType>
      <NameAliases>
        <NameAlias lang="en">Heat Output</NameAlias>
        <NameAlias lang="fr-FR">RendementChaleur</NameAlias>
      </NameAliases>
      <DefinitionAliases>
        <DefinitionAlias lang="en" />
        <DefinitionAlias lang="fr-FR">Rendement total nominal tel que défini par le constructeur de chaudière.
Pour les chaudières à vapeur, une fonction de la température en entrée par rapport à la pression de vapeur.
Remarque: Comme deux variables sont utilisées ValeurDefinir et ValeursDefinies sont nulles, et les valeurs sont enregistrées dans IfcTable dans l'ordre suivant:
- TempératureEntrée (IfcThermodynamicTemperatureMeasure) et TempératureSortie (IfcThermodynamicTemperatureMeasure) dans ValeursDefinir , et Rendement de chaleur (IfcEnergyMeasure) dansValeursDefinies.
Par exemple, ValeursDefinir (TempératureEntrée, TempératureSortie), ValeursDefinies (nul, RendementChaleur).
IfcPropertyTable est lié à IfcMetric qui utilise IfcMetric et IfcPropertyConstraintRelationship.</DefinitionAlias>
      </DefinitionAliases>
    </PropertyDef>
  </PropertyDefs>
  <PsetDefinitionAliases>
    <PsetDefinitionAlias lang="en" />
    <PsetDefinitionAlias lang="ja-JP">蒸気ボイラタイプ共通属性</PsetDefinitionAlias>
  </PsetDefinitionAliases>
</PropertySetDef>