<?xml version="1.0" encoding="utf-8"?>
<PropertySetDef xmlns:xsi="http://www.w3.org/2001/XMLSchema-instance" xmlns:xsd="http://www.w3.org/2001/XMLSchema" ifdguid="d1219c80d1cc11e1800000215ad4efdf" templatetype="PSET_TYPEDRIVENOVERRIDE" xsi:noNamespaceSchemaLocation="http://buildingSMART-tech.org/xml/psd/PSD_IFC4.xsd" xmlns="http://buildingSMART-tech.org/xml/psd/PSD_IFC4.xsd">
  <IfcVersion version="IFC4X4" />
  <Name>Pset_Condition</Name>
  <Definition>Determines the state or condition of an element at a particular point in time.</Definition>
  <Applicability />
  <ApplicableClasses>
    <ClassName>IfcElement</ClassName>
    <ClassName>IfcSystem</ClassName>
    <ClassName>IfcAsset</ClassName>
  </ApplicableClasses>
  <ApplicableTypeValue>IfcElement,IfcSystem,IfcAsset</ApplicableTypeValue>
  <PropertyDefs>
    <PropertyDef ifdguid="d7177d80d1cc11e1800000215ad4efdf">
      <Name>AssessmentDate</Name>
      <Definition>Date on which the overall condition is assessed</Definition>
      <PropertyType>
        <TypePropertySingleValue>
          <DataType type="IfcDate" />
        </TypePropertySingleValue>
      </PropertyType>
      <NameAliases>
        <NameAlias lang="en">Assessment Date</NameAlias>
        <NameAlias lang="ja-JP">評価日</NameAlias>
      </NameAliases>
      <DefinitionAliases>
        <DefinitionAlias lang="en" />
        <DefinitionAlias lang="ja-JP">全体状況を評価した日。</DefinitionAlias>
      </DefinitionAliases>
    </PropertyDef>
    <PropertyDef ifdguid="dbdc3180d1cc11e1800000215ad4efdf">
      <Name>AssessmentCondition</Name>
      <Definition>The overall condition of a product based on an assessment of the contributions to the overall condition made by the various criteria considered. The meanings given to the values of assessed condition should be agreed and documented by local agreements. For instance, is overall condition measured on a scale of 1 - 10 or by assigning names such as Good, OK, Poor.</Definition>
      <PropertyType>
        <TypePropertySingleValue>
          <DataType type="IfcLabel" />
        </TypePropertySingleValue>
      </PropertyType>
      <NameAliases>
        <NameAlias lang="en">Assessment Condition</NameAlias>
        <NameAlias lang="ja-JP">評価状態</NameAlias>
      </NameAliases>
      <DefinitionAliases>
        <DefinitionAlias lang="en" />
        <DefinitionAlias lang="ja-JP">様々な基準を用いた評価による製品に関する全体的な状態。評価された状態値の意味は、ローカル協定によって同意され、文書化されなければならない。例えば、状態を1から10の値で計測したり、Good, Ok, Poor等で表す。</DefinitionAlias>
      </DefinitionAliases>
    </PropertyDef>
    <PropertyDef ifdguid="e1397c00d1cc11e1800000215ad4efdf">
      <Name>AssessmentDescription</Name>
      <Definition>Qualitative description of the condition.</Definition>
      <PropertyType>
        <TypePropertySingleValue>
          <DataType type="IfcText" />
        </TypePropertySingleValue>
      </PropertyType>
      <NameAliases>
        <NameAlias lang="en">Assessment Description</NameAlias>
        <NameAlias lang="ja-JP">評価記述</NameAlias>
      </NameAliases>
      <DefinitionAliases>
        <DefinitionAlias lang="en" />
        <DefinitionAlias lang="ja-JP">状態に関する定性的な記述。</DefinitionAlias>
      </DefinitionAliases>
    </PropertyDef>
    <PropertyDef ifdguid="d7719a70bc8b4b86a0546e6db2b4dd4c">
      <Name>AssessmentType</Name>
      <Definition>Category of latest condition assessment report of the asset.</Definition>
      <PropertyType>
        <TypePropertySingleValue>
          <DataType type="IfcLabel" />
        </TypePropertySingleValue>
      </PropertyType>
      <NameAliases />
      <DefinitionAliases />
    </PropertyDef>
    <PropertyDef ifdguid="2dbf34a56f344446bf42654942874c98">
      <Name>AssessmentMethod</Name>
      <Definition>External reference to assessment method or application used to perform the assessment.</Definition>
      <PropertyType>
        <TypePropertyReferenceValue reftype="IfcDocumentReference" />
      </PropertyType>
      <NameAliases />
      <DefinitionAliases />
    </PropertyDef>
    <PropertyDef ifdguid="6a40009992bc4f0a9da92a539571fc39">
      <Name>LastAssessmentReport</Name>
      <Definition>Reference to latest condition (state of health) report.</Definition>
      <PropertyType>
        <TypePropertySingleValue>
          <DataType type="IfcLabel" />
        </TypePropertySingleValue>
      </PropertyType>
      <NameAliases />
      <DefinitionAliases />
    </PropertyDef>
    <PropertyDef ifdguid="88cb6c309d054297841736534c5812c0">
      <Name>NextAssessmentDate</Name>
      <Definition>Date of next condition inspection</Definition>
      <PropertyType>
        <TypePropertySingleValue>
          <DataType type="IfcDate" />
        </TypePropertySingleValue>
      </PropertyType>
      <NameAliases />
      <DefinitionAliases />
    </PropertyDef>
    <PropertyDef ifdguid="e215302e55fa4d46959123f69deb5a07">
      <Name>AssessmentFrequency</Name>
      <Definition>Indicates how often the equipment should be assessed, to have a clear estimation on its working state, based on which the maintenance staff can decide whether it requires maintenance or requires to be updated or replaced.</Definition>
      <PropertyType>
        <TypePropertySingleValue>
          <DataType type="IfcTimeMeasure" />
        </TypePropertySingleValue>
      </PropertyType>
      <NameAliases />
      <DefinitionAliases />
    </PropertyDef>
  </PropertyDefs>
  <PsetDefinitionAliases>
    <PsetDefinitionAlias lang="en" />
    <PsetDefinitionAlias lang="ja-JP">ある時点における、FM要素の状態・状況を規定する属性情報。</PsetDefinitionAlias>
  </PsetDefinitionAliases>
</PropertySetDef>