<?xml version="1.0" encoding="utf-8"?>
<PropertySetDef xmlns:xsi="http://www.w3.org/2001/XMLSchema-instance" xmlns:xsd="http://www.w3.org/2001/XMLSchema" ifdguid="1211b500d1bd11e1800000215ad4efdf" templatetype="PSET_PERFORMANCEDRIVEN" xsi:noNamespaceSchemaLocation="http://buildingSMART-tech.org/xml/psd/PSD_IFC4.xsd" xmlns="http://buildingSMART-tech.org/xml/psd/PSD_IFC4.xsd">
  <IfcVersion version="IFC4X4" />
  <Name>Pset_ActuatorPHistory</Name>
  <Definition>Properties for history of actuators. HISTORY: Added in IFC4.</Definition>
  <Applicability />
  <ApplicableClasses>
    <ClassName>IfcActuator</ClassName>
  </ApplicableClasses>
  <ApplicableTypeValue>IfcActuator</ApplicableTypeValue>
  <PropertyDefs>
    <PropertyDef ifdguid="16d66900d1bd11e1800000215ad4efdf">
      <Name>PositionHistory</Name>
      <Definition>Indicates position of the actuator over time where 0.0 is fully closed and 1.0 is fully open.</Definition>
      <PropertyType>
        <TypePropertyReferenceValue reftype="IfcTimeSeries" />
      </PropertyType>
      <NameAliases>
        <NameAlias lang="en">Position</NameAlias>
        <NameAlias lang="ja-JP">位置</NameAlias>
        <NameAlias lang="ko-KR">참조 ID</NameAlias>
      </NameAliases>
      <DefinitionAliases>
        <DefinitionAlias lang="en" />
        <DefinitionAlias lang="ja-JP">アクチュエータの時間ごとの位置を示す値。0.0が完全に閉じられた状態で、1.0が完全に開いた状態。</DefinitionAlias>
        <DefinitionAlias lang="ko-KR">해당 프로젝트에서 사용이 유형에 대한 참조 ID (예 : 'A-1') ※ 기본이있는 경우 그 기호를 사용</DefinitionAlias>
      </DefinitionAliases>
    </PropertyDef>
    <PropertyDef ifdguid="7df90d831c564e3499ca799af720b3cc">
      <Name>QualityHistory</Name>
      <Definition>Indicates the quality of measurement or failure condition, which may be further qualified by the Status. True: measured values are considered reliable; False: measured values are considered not reliable (i.e. a fault has been detected); Unknown: reliability of values is uncertain.</Definition>
      <PropertyType>
        <TypePropertyReferenceValue reftype="IfcTimeSeries" />
      </PropertyType>
      <NameAliases />
      <DefinitionAliases />
    </PropertyDef>
    <PropertyDef ifdguid="644f21dc3c6f4db3880bdf8b862ccc64">
      <Name>StatusHistory</Name>
      <Definition>Indicates an error code or identifier, whose meaning is specific to the particular automation system. Example values include: 'ConfigurationError', 'NotConnected', 'DeviceFailure', 'SensorFailure', 'LastKnown, 'CommunicationsFailure', 'OutOfService'.</Definition>
      <PropertyType>
        <TypePropertyReferenceValue reftype="IfcTimeSeries" />
      </PropertyType>
      <NameAliases />
      <DefinitionAliases />
    </PropertyDef>
  </PropertyDefs>
  <PsetDefinitionAliases>
    <PsetDefinitionAlias lang="en" />
    <PsetDefinitionAlias lang="ja-JP">アクチュエータの性能履歴の属性。IFC4にて追加。</PsetDefinitionAlias>
  </PsetDefinitionAliases>
</PropertySetDef>