<?xml version="1.0" encoding="utf-8"?>
<PropertySetDef xmlns:xsi="http://www.w3.org/2001/XMLSchema-instance" xmlns:xsd="http://www.w3.org/2001/XMLSchema" ifdguid="41cbb780d1d311e1800000215ad4efdf" templatetype="PSET_TYPEDRIVENOVERRIDE" xsi:noNamespaceSchemaLocation="http://buildingSMART-tech.org/xml/psd/PSD_IFC4.xsd" xmlns="http://buildingSMART-tech.org/xml/psd/PSD_IFC4.xsd">
  <IfcVersion version="IFC4X4" />
  <Name>Pset_DistributionChamberElementCommon</Name>
  <Definition>Common properties of all occurrences of IfcDistributionChamberElement.</Definition>
  <Applicability />
  <ApplicableClasses>
    <ClassName>IfcDistributionChamberElement</ClassName>
  </ApplicableClasses>
  <ApplicableTypeValue>IfcDistributionChamberElement</ApplicableTypeValue>
  <PropertyDefs>
    <PropertyDef ifdguid="54de8780d1d311e1800000215ad4efdf">
      <Name>Reference</Name>
      <Definition>Reference ID for this specific instance (e.g.  'WWS/VS1/400/001', which indicates the occurrence belongs to system WWS, subsystems VSI/400, and has the component number 001).</Definition>
      <PropertyType>
        <TypePropertySingleValue>
          <DataType type="IfcIdentifier" />
        </TypePropertySingleValue>
      </PropertyType>
      <NameAliases>
        <NameAlias lang="en">Reference</NameAlias>
        <NameAlias lang="ja-JP">参照記号</NameAlias>
        <NameAlias lang="ko-KR">참조 기호</NameAlias>
      </NameAliases>
      <DefinitionAliases>
        <DefinitionAlias lang="en" />
        <DefinitionAlias lang="ja-JP">具体的な参照ID（例えば、“WWS/VS1/400/001”はWWS系統、VS1/400サブシステム001番部品）。</DefinitionAlias>
        <DefinitionAlias lang="ko-KR">구체적인 참조 ID (예 : "WWS/VS1/400/001"는 WWS 계통, VS1/400 서브 시스템 001 번 부품)</DefinitionAlias>
      </DefinitionAliases>
    </PropertyDef>
    <PropertyDef ifdguid="5e67ef80d1d311e1800000215ad4efdf">
      <Name>Status</Name>
      <Definition>Status of the element, predominately used in renovation or retrofitting projects. The status can be assigned to as "New" - element designed as new addition, "Existing" - element exists and remains, "Demolish" - element existed but is to be demolished,  "Temporary" - element will exists only temporary (like a temporary support structure).</Definition>
      <PropertyType>
        <TypePropertyEnumeratedValue>
          <EnumList name="PEnum_ElementStatus">
            <EnumItem>NEW</EnumItem>
            <EnumItem>EXISTING</EnumItem>
            <EnumItem>DEMOLISH</EnumItem>
            <EnumItem>TEMPORARY</EnumItem>
            <EnumItem>OTHER</EnumItem>
            <EnumItem>NOTKNOWN</EnumItem>
            <EnumItem>UNSET</EnumItem>
          </EnumList>
          <ConstantList>
            <ConstantDef>
              <Name>NEW</Name>
              <Definition>element designed as new addition</Definition>
              <NameAliases>
                <NameAlias lang="en">New</NameAlias>
              </NameAliases>
              <DefinitionAliases />
            </ConstantDef>
            <ConstantDef>
              <Name>EXISTING</Name>
              <Definition>element exists and is to remain</Definition>
              <NameAliases>
                <NameAlias lang="en">Existing</NameAlias>
              </NameAliases>
              <DefinitionAliases />
            </ConstantDef>
            <ConstantDef>
              <Name>DEMOLISH</Name>
              <Definition>element exists but is to be demolished</Definition>
              <NameAliases>
                <NameAlias lang="en">Demolish</NameAlias>
              </NameAliases>
              <DefinitionAliases />
            </ConstantDef>
            <ConstantDef>
              <Name>TEMPORARY</Name>
              <Definition>element will exist only temporarily (such as a temporary support structure)</Definition>
              <NameAliases>
                <NameAlias lang="en">Temporary</NameAlias>
              </NameAliases>
              <DefinitionAliases />
            </ConstantDef>
            <ConstantDef>
              <Name>OTHER</Name>
              <Definition>required category not on scale</Definition>
              <NameAliases>
                <NameAlias lang="en">(other)</NameAlias>
              </NameAliases>
              <DefinitionAliases>
                <DefinitionAlias lang="en">Value is not listed.</DefinitionAlias>
              </DefinitionAliases>
            </ConstantDef>
            <ConstantDef>
              <Name>NOTKNOWN</Name>
              <Definition>Value is unkown</Definition>
              <NameAliases>
                <NameAlias lang="en">(unknown)</NameAlias>
              </NameAliases>
              <DefinitionAliases>
                <DefinitionAlias lang="en">Value is unknown.</DefinitionAlias>
              </DefinitionAliases>
            </ConstantDef>
            <ConstantDef>
              <Name>UNSET</Name>
              <Definition>Value has not been specified</Definition>
              <NameAliases>
                <NameAlias lang="en">(unset)</NameAlias>
              </NameAliases>
              <DefinitionAliases>
                <DefinitionAlias lang="en">Value has not been specified.</DefinitionAlias>
              </DefinitionAliases>
            </ConstantDef>
          </ConstantList>
        </TypePropertyEnumeratedValue>
      </PropertyType>
      <NameAliases>
        <NameAlias lang="en">Status</NameAlias>
        <NameAlias lang="ja-JP">状態</NameAlias>
      </NameAliases>
      <DefinitionAliases>
        <DefinitionAlias lang="en" />
        <DefinitionAlias lang="ja-JP">要素（主にリノベーションまたは改修プロジェクトにおいて）の状態。 状態は、「新規(New)」－新しく追加される要素。「既存」－要素は存在し、かつ残りもの。「破壊」－要素は存在したが、廃棄されるもの。「一時的」－一時的に存在する要素（一時的にサポートしている構造のようなもの）。</DefinitionAlias>
      </DefinitionAliases>
    </PropertyDef>
  </PropertyDefs>
  <PsetDefinitionAliases>
    <PsetDefinitionAlias lang="en" />
    <PsetDefinitionAlias lang="ja-JP">全てのIfcDistributionChamberElement.オブジェクトに関する共通の属性情報。</PsetDefinitionAlias>
  </PsetDefinitionAliases>
</PropertySetDef>