<?xml version="1.0" encoding="utf-8"?>
<PropertySetDef xmlns:xsi="http://www.w3.org/2001/XMLSchema-instance" xmlns:xsd="http://www.w3.org/2001/XMLSchema" ifdguid="db0cc500d1f711e1800000215ad4efdf" templatetype="PSET_OCCURRENCEDRIVEN" xsi:noNamespaceSchemaLocation="http://buildingSMART-tech.org/xml/psd/PSD_IFC4.xsd" xmlns="http://buildingSMART-tech.org/xml/psd/PSD_IFC4.xsd">
  <IfcVersion version="IFC4X4" />
  <Name>Pset_ProjectOrderPurchaseOrder</Name>
  <Definition>Defines the requirements for purchase orders in a project.</Definition>
  <Applicability />
  <ApplicableClasses>
    <ClassName>IfcProjectOrder/PURCHASEORDER</ClassName>
  </ApplicableClasses>
  <ApplicableTypeValue>IfcProjectOrder/PURCHASEORDER</ApplicableTypeValue>
  <PropertyDefs>
    <PropertyDef ifdguid="e3650000d1f711e1800000215ad4efdf">
      <Name>IsFOB</Name>
      <Definition>Indication of whether contents of the purchase order are delivered 'Free on Board' (= True) or not (= False). FOB is a shipping term which indicates that the supplier pays the shipping costs (and usually also the insurance costs) from the point of manufacture to a specified destination, at which point the buyer takes responsibility.</Definition>
      <PropertyType>
        <TypePropertySingleValue>
          <DataType type="IfcBoolean" />
        </TypePropertySingleValue>
      </PropertyType>
      <NameAliases>
        <NameAlias lang="en">Is FOB</NameAlias>
      </NameAliases>
      <DefinitionAliases>
        <DefinitionAlias lang="en" />
      </DefinitionAliases>
    </PropertyDef>
    <PropertyDef ifdguid="ebbd3b00d1f711e1800000215ad4efdf">
      <Name>ShipMethod</Name>
      <Definition>Method of shipping that will be used for goods or services.</Definition>
      <PropertyType>
        <TypePropertySingleValue>
          <DataType type="IfcText" />
        </TypePropertySingleValue>
      </PropertyType>
      <NameAliases>
        <NameAlias lang="en">Ship Method</NameAlias>
      </NameAliases>
      <DefinitionAliases>
        <DefinitionAlias lang="en" />
      </DefinitionAliases>
    </PropertyDef>
  </PropertyDefs>
  <PsetDefinitionAliases>
    <PsetDefinitionAlias lang="en" />
  </PsetDefinitionAliases>
</PropertySetDef>