<?xml version="1.0" encoding="utf-8"?>
<PropertySetDef xmlns:xsi="http://www.w3.org/2001/XMLSchema-instance" xmlns:xsd="http://www.w3.org/2001/XMLSchema" ifdguid="ffe8ad25f7d74d55a8fa9a9338b297b2" templatetype="PSET_PERFORMANCEDRIVEN" xsi:noNamespaceSchemaLocation="http://buildingSMART-tech.org/xml/psd/PSD_IFC4.xsd" xmlns="http://buildingSMART-tech.org/xml/psd/PSD_IFC4.xsd">
  <IfcVersion version="IFC4X4" />
  <Name>Pset_DistributionPortPHistoryPipe</Name>
  <Definition>Log of substance usage attached to an instance of IfcPerformanceHistory having an assigned IfcDistributionPort of type PIPE.</Definition>
  <Applicability />
  <ApplicableClasses>
    <ClassName>IfcDistributionPort/PIPE</ClassName>
  </ApplicableClasses>
  <ApplicableTypeValue>IfcDistributionPort/PIPE</ApplicableTypeValue>
  <PropertyDefs>
    <PropertyDef ifdguid="b6cb7483a65d4bd5ac6551b080116323">
      <Name>Temperature</Name>
      <Definition>Temperature of the fluid.</Definition>
      <PropertyType>
        <TypePropertyBoundedValue>
          <DataType type="IfcThermodynamicTemperatureMeasure" />
        </TypePropertyBoundedValue>
      </PropertyType>
      <NameAliases>
        <NameAlias lang="en">Temperature</NameAlias>
        <NameAlias lang="ja-JP">温度</NameAlias>
      </NameAliases>
      <DefinitionAliases>
        <DefinitionAlias lang="en" />
        <DefinitionAlias lang="ja-JP">流体の温度。</DefinitionAlias>
      </DefinitionAliases>
    </PropertyDef>
    <PropertyDef ifdguid="7583cd7c5ea74d109e2b6ad6d0dafa4b">
      <Name>Pressure</Name>
      <Definition>The pressure of the fluid.</Definition>
      <PropertyType>
        <TypePropertyBoundedValue>
          <DataType type="IfcPressureMeasure" />
        </TypePropertyBoundedValue>
      </PropertyType>
      <NameAliases>
        <NameAlias lang="en">Pressure</NameAlias>
      </NameAliases>
      <DefinitionAliases>
        <DefinitionAlias lang="en" />
      </DefinitionAliases>
    </PropertyDef>
    <PropertyDef ifdguid="7a3f6bee58104037a997d1c2cbd68a4d">
      <Name>Flowrate</Name>
      <Definition>The flowrate of the fluid.</Definition>
      <PropertyType>
        <TypePropertyReferenceValue reftype="IfcTimeSeries" />
      </PropertyType>
      <NameAliases>
        <NameAlias lang="en">Flowrate</NameAlias>
        <NameAlias lang="ja-JP">流量</NameAlias>
      </NameAliases>
      <DefinitionAliases>
        <DefinitionAlias lang="en" />
        <DefinitionAlias lang="ja-JP">燃料の流速。</DefinitionAlias>
      </DefinitionAliases>
    </PropertyDef>
  </PropertyDefs>
  <PsetDefinitionAliases>
    <PsetDefinitionAlias lang="en" />
    <PsetDefinitionAlias lang="ja-JP">IfcDistributionPortオブジェクトがGAS型の際に関連するIfcPerformanceHistoryに設定される燃料使用のログ。</PsetDefinitionAlias>
  </PsetDefinitionAliases>
</PropertySetDef>