<?xml version="1.0" encoding="utf-8"?>
<PropertySetDef xmlns:xsi="http://www.w3.org/2001/XMLSchema-instance" xmlns:xsd="http://www.w3.org/2001/XMLSchema" ifdguid="3eeeb800d20f11e1800000215ad4efdf" templatetype="PSET_TYPEDRIVENOVERRIDE" xsi:noNamespaceSchemaLocation="http://buildingSMART-tech.org/xml/psd/PSD_IFC4.xsd" xmlns="http://buildingSMART-tech.org/xml/psd/PSD_IFC4.xsd">
  <IfcVersion version="IFC4X4" />
  <Name>Pset_SystemFurnitureElementTypePanel</Name>
  <Definition>A set of specific properties for vertical panels that assembly workstations.. HISTORY: First issued in IFC Release R1.5. Renamed from Pset_Panel</Definition>
  <Applicability />
  <ApplicableClasses>
    <ClassName>IfcSystemFurnitureElement/PANEL</ClassName>
  </ApplicableClasses>
  <ApplicableTypeValue>IfcSystemFurnitureElement/PANEL</ApplicableTypeValue>
  <PropertyDefs>
    <PropertyDef ifdguid="43b36c00d20f11e1800000215ad4efdf">
      <Name>HasOpening</Name>
      <Definition>indicates whether the panel has an opening (= TRUE) or not (= FALSE).</Definition>
      <PropertyType>
        <TypePropertySingleValue>
          <DataType type="IfcBoolean" />
        </TypePropertySingleValue>
      </PropertyType>
      <NameAliases>
        <NameAlias lang="en">Has Opening</NameAlias>
      </NameAliases>
      <DefinitionAliases>
        <DefinitionAlias lang="en" />
      </DefinitionAliases>
    </PropertyDef>
    <PropertyDef ifdguid="4a41e380d20f11e1800000215ad4efdf">
      <Name>FurniturePanelType</Name>
      <Definition>Available panel types from which that required may be selected.</Definition>
      <PropertyType>
        <TypePropertyEnumeratedValue>
          <EnumList name="PEnum_FurniturePanelType">
            <EnumItem>ACOUSTICAL</EnumItem>
            <EnumItem>GLAZED</EnumItem>
            <EnumItem>HORZ_SEG</EnumItem>
            <EnumItem>MONOLITHIC</EnumItem>
            <EnumItem>OPEN</EnumItem>
            <EnumItem>ENDS</EnumItem>
            <EnumItem>DOOR</EnumItem>
            <EnumItem>SCREEN</EnumItem>
            <EnumItem>OTHER</EnumItem>
            <EnumItem>NOTKNOWN</EnumItem>
            <EnumItem>UNSET</EnumItem>
          </EnumList>
          <ConstantList>
            <ConstantDef>
              <Name>ACOUSTICAL</Name>
              <NameAliases>
                <NameAlias lang="en">Acoustical</NameAlias>
              </NameAliases>
              <DefinitionAliases />
            </ConstantDef>
            <ConstantDef>
              <Name>GLAZED</Name>
              <NameAliases>
                <NameAlias lang="en">Glazed</NameAlias>
              </NameAliases>
              <DefinitionAliases />
            </ConstantDef>
            <ConstantDef>
              <Name>HORZ_SEG</Name>
              <NameAliases>
                <NameAlias lang="en">Horz Seg</NameAlias>
              </NameAliases>
              <DefinitionAliases />
            </ConstantDef>
            <ConstantDef>
              <Name>MONOLITHIC</Name>
              <NameAliases>
                <NameAlias lang="en">Monolithic</NameAlias>
              </NameAliases>
              <DefinitionAliases />
            </ConstantDef>
            <ConstantDef>
              <Name>OPEN</Name>
              <NameAliases>
                <NameAlias lang="en">Open</NameAlias>
              </NameAliases>
              <DefinitionAliases />
            </ConstantDef>
            <ConstantDef>
              <Name>ENDS</Name>
              <NameAliases>
                <NameAlias lang="en">Ends</NameAlias>
              </NameAliases>
              <DefinitionAliases />
            </ConstantDef>
            <ConstantDef>
              <Name>DOOR</Name>
              <NameAliases>
                <NameAlias lang="en">Door</NameAlias>
              </NameAliases>
              <DefinitionAliases />
            </ConstantDef>
            <ConstantDef>
              <Name>SCREEN</Name>
              <NameAliases>
                <NameAlias lang="en">Screen</NameAlias>
              </NameAliases>
              <DefinitionAliases />
            </ConstantDef>
            <ConstantDef>
              <Name>OTHER</Name>
              <Definition>required category not on scale</Definition>
              <NameAliases>
                <NameAlias lang="en">(other)</NameAlias>
              </NameAliases>
              <DefinitionAliases>
                <DefinitionAlias lang="en">Value is not listed.</DefinitionAlias>
              </DefinitionAliases>
            </ConstantDef>
            <ConstantDef>
              <Name>NOTKNOWN</Name>
              <Definition>Value is unkown</Definition>
              <NameAliases>
                <NameAlias lang="en">(unknown)</NameAlias>
              </NameAliases>
              <DefinitionAliases>
                <DefinitionAlias lang="en">Value is unknown.</DefinitionAlias>
              </DefinitionAliases>
            </ConstantDef>
            <ConstantDef>
              <Name>UNSET</Name>
              <Definition>Value has not been specified</Definition>
              <NameAliases>
                <NameAlias lang="en">(unset)</NameAlias>
              </NameAliases>
              <DefinitionAliases>
                <DefinitionAlias lang="en">Value has not been specified.</DefinitionAlias>
              </DefinitionAliases>
            </ConstantDef>
          </ConstantList>
        </TypePropertyEnumeratedValue>
      </PropertyType>
      <NameAliases>
        <NameAlias lang="en">Furniture Panel Type</NameAlias>
      </NameAliases>
      <DefinitionAliases>
        <DefinitionAlias lang="en" />
      </DefinitionAliases>
    </PropertyDef>
    <PropertyDef ifdguid="e67741b634704b7caa49bc70951af4bc">
      <Name>NominalThickness</Name>
      <Definition>The nominal thickness of the object. The size information is provided in addition to the shape representation and the geometric parameters used within. In case of inconsistency between the geometric parameters and the size properties, provided in the attached property set, the geometric parameters take precedence.</Definition>
      <PropertyType>
        <TypePropertySingleValue>
          <DataType type="IfcNonNegativeLengthMeasure" />
        </TypePropertySingleValue>
      </PropertyType>
      <NameAliases />
      <DefinitionAliases />
    </PropertyDef>
  </PropertyDefs>
  <PsetDefinitionAliases>
    <PsetDefinitionAlias lang="en" />
  </PsetDefinitionAliases>
</PropertySetDef>