<?xml version="1.0" encoding="utf-8"?>
<PropertySetDef xmlns:xsi="http://www.w3.org/2001/XMLSchema-instance" xmlns:xsd="http://www.w3.org/2001/XMLSchema" ifdguid="d6763a44f90c41d5a4fbe53f25bf31ff" templatetype="PSET_OCCURRENCEDRIVEN" xsi:noNamespaceSchemaLocation="http://buildingSMART-tech.org/xml/psd/PSD_IFC4.xsd" xmlns="http://buildingSMART-tech.org/xml/psd/PSD_IFC4.xsd">
  <IfcVersion version="IFC4X4" />
  <Name>Pset_GeoObsBoreholeMWDInterval</Name>
  <Definition>Properties for describing MWD (Measure While Drilling) intervals.</Definition>
  <Applicability />
  <ApplicableClasses>
    <ClassName>IfcGeoScienceObservation/BOREHOLELOG</ClassName>
  </ApplicableClasses>
  <ApplicableTypeValue>IfcGeoScienceObservation/BOREHOLELOG</ApplicableTypeValue>
  <PropertyDefs>
    <PropertyDef ifdguid="17f51fa2812049318615d03a5588b9f1">
      <Name>Hardness</Name>
      <Definition>Calclated Hardness from Torque and Thrust.</Definition>
      <PropertyType>
        <TypePropertySingleValue>
          <DataType type="IfcPressureMeasure" />
        </TypePropertySingleValue>
      </PropertyType>
      <NameAliases />
      <DefinitionAliases />
    </PropertyDef>
    <PropertyDef ifdguid="ed103de6abf54e86a3dc07347b3ee318">
      <Name>Cracking</Name>
      <Definition>Qualitative crack values estimated from drilling information.</Definition>
      <PropertyType>
        <TypePropertySingleValue>
          <DataType type="IfcLabel" />
        </TypePropertySingleValue>
      </PropertyType>
      <NameAliases />
      <DefinitionAliases />
    </PropertyDef>
    <PropertyDef ifdguid="31282d3a1c5f40228fa7e3b7fca80493">
      <Name>WaterLeakage</Name>
      <Definition>Degree of water leakage estimated from water flow information.</Definition>
      <PropertyType>
        <TypePropertySingleValue>
          <DataType type="IfcLabel" />
        </TypePropertySingleValue>
      </PropertyType>
      <NameAliases />
      <DefinitionAliases />
    </PropertyDef>
  </PropertyDefs>
  <PsetDefinitionAliases />
</PropertySetDef>