<?xml version="1.0" encoding="utf-8"?>
<PropertySetDef xmlns:xsi="http://www.w3.org/2001/XMLSchema-instance" xmlns:xsd="http://www.w3.org/2001/XMLSchema" ifdguid="83fff380d1e911e1800000215ad4efdf" templatetype="PSET_TYPEDRIVENOVERRIDE" xsi:noNamespaceSchemaLocation="http://buildingSMART-tech.org/xml/psd/PSD_IFC4.xsd" xmlns="http://buildingSMART-tech.org/xml/psd/PSD_IFC4.xsd">
  <IfcVersion version="IFC4X4" />
  <Name>Pset_HeatExchangerTypePlate</Name>
  <Definition>Plate heat exchanger type common attributes.</Definition>
  <Applicability />
  <ApplicableClasses>
    <ClassName>IfcHeatExchanger/PLATE</ClassName>
  </ApplicableClasses>
  <ApplicableTypeValue>IfcHeatExchanger/PLATE</ApplicableTypeValue>
  <PropertyDefs>
    <PropertyDef ifdguid="8a8e6b00d1e911e1800000215ad4efdf">
      <Name>NumberOfPlates</Name>
      <Definition>Number of plates used by the plate heat exchanger.</Definition>
      <PropertyType>
        <TypePropertySingleValue>
          <DataType type="IfcCountMeasure" />
        </TypePropertySingleValue>
      </PropertyType>
      <NameAliases>
        <NameAlias lang="en">Number Of Plates</NameAlias>
        <NameAlias lang="ja-JP">プレート数</NameAlias>
      </NameAliases>
      <DefinitionAliases>
        <DefinitionAlias lang="en" />
        <DefinitionAlias lang="ja-JP">プレート式熱交換器に使われているプレート数</DefinitionAlias>
      </DefinitionAliases>
    </PropertyDef>
  </PropertyDefs>
  <PsetDefinitionAliases>
    <PsetDefinitionAlias lang="en" />
  </PsetDefinitionAliases>
</PropertySetDef>