<?xml version="1.0" encoding="utf-8"?>
<PropertySetDef xmlns:xsi="http://www.w3.org/2001/XMLSchema-instance" xmlns:xsd="http://www.w3.org/2001/XMLSchema" ifdguid="899b1080d1cc11e1800000215ad4efdf" templatetype="PSET_TYPEDRIVENOVERRIDE" xsi:noNamespaceSchemaLocation="http://buildingSMART-tech.org/xml/psd/PSD_IFC4.xsd" xmlns="http://buildingSMART-tech.org/xml/psd/PSD_IFC4.xsd">
  <IfcVersion version="IFC4X4" />
  <Name>Pset_CondenserTypeCommon</Name>
  <Definition>Condenser type common attributes.</Definition>
  <Applicability />
  <ApplicableClasses>
    <ClassName>IfcCondenser</ClassName>
  </ApplicableClasses>
  <ApplicableTypeValue>IfcCondenser</ApplicableTypeValue>
  <PropertyDefs>
    <PropertyDef ifdguid="8f90f180d1cc11e1800000215ad4efdf">
      <Name>Reference</Name>
      <Definition>Reference ID for this specified type in this project (e.g. type 'A-1'), provided, if there is no classification reference to a recognized classification system used.</Definition>
      <PropertyType>
        <TypePropertySingleValue>
          <DataType type="IfcIdentifier" />
        </TypePropertySingleValue>
      </PropertyType>
      <NameAliases>
        <NameAlias lang="en">Reference</NameAlias>
        <NameAlias lang="ja-JP">参照記号</NameAlias>
      </NameAliases>
      <DefinitionAliases>
        <DefinitionAlias lang="en" />
        <DefinitionAlias lang="ja-JP">このプロジェクトにおける参照記号(例：A-1)。分類コードではなく内部で使用されるプロジェクトタイプとして使用されるもの。</DefinitionAlias>
      </DefinitionAliases>
    </PropertyDef>
    <PropertyDef ifdguid="00093400d20811e1800000215ad4efdf">
      <Name>Status</Name>
      <Definition>Status of the element, predominately used in renovation or retrofitting projects. The status can be assigned to as "New" - element designed as new addition, "Existing" - element exists and remains, "Demolish" - element existed but is to be demolished,  "Temporary" - element will exists only temporary (like a temporary support structure).</Definition>
      <PropertyType>
        <TypePropertyEnumeratedValue>
          <EnumList name="PEnum_ElementStatus">
            <EnumItem>NEW</EnumItem>
            <EnumItem>EXISTING</EnumItem>
            <EnumItem>DEMOLISH</EnumItem>
            <EnumItem>TEMPORARY</EnumItem>
            <EnumItem>OTHER</EnumItem>
            <EnumItem>NOTKNOWN</EnumItem>
            <EnumItem>UNSET</EnumItem>
          </EnumList>
          <ConstantList>
            <ConstantDef>
              <Name>NEW</Name>
              <Definition>element designed as new addition</Definition>
              <NameAliases>
                <NameAlias lang="en">New</NameAlias>
              </NameAliases>
              <DefinitionAliases />
            </ConstantDef>
            <ConstantDef>
              <Name>EXISTING</Name>
              <Definition>element exists and is to remain</Definition>
              <NameAliases>
                <NameAlias lang="en">Existing</NameAlias>
              </NameAliases>
              <DefinitionAliases />
            </ConstantDef>
            <ConstantDef>
              <Name>DEMOLISH</Name>
              <Definition>element exists but is to be demolished</Definition>
              <NameAliases>
                <NameAlias lang="en">Demolish</NameAlias>
              </NameAliases>
              <DefinitionAliases />
            </ConstantDef>
            <ConstantDef>
              <Name>TEMPORARY</Name>
              <Definition>element will exist only temporarily (such as a temporary support structure)</Definition>
              <NameAliases>
                <NameAlias lang="en">Temporary</NameAlias>
              </NameAliases>
              <DefinitionAliases />
            </ConstantDef>
            <ConstantDef>
              <Name>OTHER</Name>
              <Definition>required category not on scale</Definition>
              <NameAliases>
                <NameAlias lang="en">(other)</NameAlias>
              </NameAliases>
              <DefinitionAliases>
                <DefinitionAlias lang="en">Value is not listed.</DefinitionAlias>
              </DefinitionAliases>
            </ConstantDef>
            <ConstantDef>
              <Name>NOTKNOWN</Name>
              <Definition>Value is unkown</Definition>
              <NameAliases>
                <NameAlias lang="en">(unknown)</NameAlias>
              </NameAliases>
              <DefinitionAliases>
                <DefinitionAlias lang="en">Value is unknown.</DefinitionAlias>
              </DefinitionAliases>
            </ConstantDef>
            <ConstantDef>
              <Name>UNSET</Name>
              <Definition>Value has not been specified</Definition>
              <NameAliases>
                <NameAlias lang="en">(unset)</NameAlias>
              </NameAliases>
              <DefinitionAliases>
                <DefinitionAlias lang="en">Value has not been specified.</DefinitionAlias>
              </DefinitionAliases>
            </ConstantDef>
          </ConstantList>
        </TypePropertyEnumeratedValue>
      </PropertyType>
      <NameAliases>
        <NameAlias lang="de-DE">Status</NameAlias>
        <NameAlias lang="en">Status</NameAlias>
        <NameAlias lang="fr-FR">Statut</NameAlias>
        <NameAlias lang="ja-JP">状態</NameAlias>
      </NameAliases>
      <DefinitionAliases>
        <DefinitionAlias lang="de-DE">Status bzw. Phase des Bauteils insbesondere beim Bauen im Bestand. "Neu" (new) neues Bauteil als Ergänzung, "Bestand" (existing) bestehendes Bauteil, dass erhalten bleibt, "Abbruch" (demolish) Bauteil, das abgebrochen wird, "Temporär" (temporary) Bauteil und andere Bauelemente, die vorübergehend eingebaut werden (wie Abstützungen, etc.)</DefinitionAlias>
        <DefinitionAlias lang="en" />
        <DefinitionAlias lang="fr-FR">Statut de l'élément, principalement utilisé dans les projets de rénovation et de réhabilitation. Le statut a pour valeur NOUVEAU pour un nouvel élément, EXISTANT pour un élément existant qui est conservé, DEMOLI pour un élément existant à démolir et TEMPORAIRE pour un élément temporaire (comme une structure support provisoire).</DefinitionAlias>
        <DefinitionAlias lang="ja-JP">要素（主にリノベーションまたは改修プロジェクトにおいて）の状態。 状態は、「新規(New)」－新しく追加される要素。「既存」－要素は存在し、かつ残りもの。「破壊」－要素は存在したが、廃棄されるもの。「一時的」－一時的に存在する要素（一時的にサポートしている構造のようなもの）。</DefinitionAlias>
      </DefinitionAliases>
    </PropertyDef>
    <PropertyDef ifdguid="36748e00d1cb11e1800000215ad4efdf">
      <Name>RefrigerantClass</Name>
      <Definition>Refrigerant class used by the object.

CFC: Chlorofluorocarbons.
HCFC: Hydrochlorofluorocarbons.
HFC: Hydrofluorocarbons.</Definition>
      <PropertyType>
        <TypePropertyEnumeratedValue>
          <EnumList name="PEnum_RefrigerantClass">
            <EnumItem>CFC</EnumItem>
            <EnumItem>HCFC</EnumItem>
            <EnumItem>HFC</EnumItem>
            <EnumItem>HYDROCARBONS</EnumItem>
            <EnumItem>AMMONIA</EnumItem>
            <EnumItem>CO2</EnumItem>
            <EnumItem>H2O</EnumItem>
            <EnumItem>OTHER</EnumItem>
            <EnumItem>NOTKNOWN</EnumItem>
            <EnumItem>UNSET</EnumItem>
          </EnumList>
          <ConstantList>
            <ConstantDef>
              <Name>CFC</Name>
              <NameAliases>
                <NameAlias lang="en">CFC</NameAlias>
              </NameAliases>
              <DefinitionAliases>
                <DefinitionAlias lang="en">Chlorofluorocarbons</DefinitionAlias>
              </DefinitionAliases>
            </ConstantDef>
            <ConstantDef>
              <Name>HCFC</Name>
              <NameAliases>
                <NameAlias lang="en">HCFC</NameAlias>
              </NameAliases>
              <DefinitionAliases>
                <DefinitionAlias lang="en">Hydrochlorofluorocarbons</DefinitionAlias>
              </DefinitionAliases>
            </ConstantDef>
            <ConstantDef>
              <Name>HFC</Name>
              <NameAliases>
                <NameAlias lang="en">HFC</NameAlias>
              </NameAliases>
              <DefinitionAliases>
                <DefinitionAlias lang="en">Hydrofluorocarbons</DefinitionAlias>
              </DefinitionAliases>
            </ConstantDef>
            <ConstantDef>
              <Name>HYDROCARBONS</Name>
              <NameAliases>
                <NameAlias lang="en">Hydrocarbons</NameAlias>
              </NameAliases>
              <DefinitionAliases />
            </ConstantDef>
            <ConstantDef>
              <Name>AMMONIA</Name>
              <NameAliases>
                <NameAlias lang="en">Ammonia</NameAlias>
              </NameAliases>
              <DefinitionAliases />
            </ConstantDef>
            <ConstantDef>
              <Name>CO2</Name>
              <NameAliases>
                <NameAlias lang="en">CO2</NameAlias>
              </NameAliases>
              <DefinitionAliases />
            </ConstantDef>
            <ConstantDef>
              <Name>H2O</Name>
              <NameAliases>
                <NameAlias lang="en">H2O</NameAlias>
              </NameAliases>
              <DefinitionAliases />
            </ConstantDef>
            <ConstantDef>
              <Name>OTHER</Name>
              <Definition>required category not on scale</Definition>
              <NameAliases>
                <NameAlias lang="en">(other)</NameAlias>
              </NameAliases>
              <DefinitionAliases>
                <DefinitionAlias lang="en">Value is not listed.</DefinitionAlias>
              </DefinitionAliases>
            </ConstantDef>
            <ConstantDef>
              <Name>NOTKNOWN</Name>
              <Definition>Value is unkown</Definition>
              <NameAliases>
                <NameAlias lang="en">(unknown)</NameAlias>
              </NameAliases>
              <DefinitionAliases>
                <DefinitionAlias lang="en">Value is unknown.</DefinitionAlias>
              </DefinitionAliases>
            </ConstantDef>
            <ConstantDef>
              <Name>UNSET</Name>
              <Definition>Value has not been specified</Definition>
              <NameAliases>
                <NameAlias lang="en">(unset)</NameAlias>
              </NameAliases>
              <DefinitionAliases>
                <DefinitionAlias lang="en">Value has not been specified.</DefinitionAlias>
              </DefinitionAliases>
            </ConstantDef>
          </ConstantList>
        </TypePropertyEnumeratedValue>
      </PropertyType>
      <NameAliases>
        <NameAlias lang="en">Refrigerant Class</NameAlias>
        <NameAlias lang="fr-FR">ClasseRéfrigérant</NameAlias>
      </NameAliases>
      <DefinitionAliases>
        <DefinitionAlias lang="en" />
        <DefinitionAlias lang="fr-FR">Classe de réfrigérant utilisé par le compresseur.

CFC
HCFC
HFC</DefinitionAlias>
      </DefinitionAliases>
    </PropertyDef>
    <PropertyDef ifdguid="b0f1dd80d1cc11e1800000215ad4efdf">
      <Name>ExternalSurfaceArea</Name>
      <Definition>External surface area (both primary and secondary area).</Definition>
      <PropertyType>
        <TypePropertySingleValue>
          <DataType type="IfcAreaMeasure" />
        </TypePropertySingleValue>
      </PropertyType>
      <NameAliases>
        <NameAlias lang="en">External Surface Area</NameAlias>
      </NameAliases>
      <DefinitionAliases>
        <DefinitionAlias lang="en" />
      </DefinitionAliases>
    </PropertyDef>
    <PropertyDef ifdguid="b6e7be80d1cc11e1800000215ad4efdf">
      <Name>InternalSurfaceArea</Name>
      <Definition>Internal surface area.</Definition>
      <PropertyType>
        <TypePropertySingleValue>
          <DataType type="IfcAreaMeasure" />
        </TypePropertySingleValue>
      </PropertyType>
      <NameAliases>
        <NameAlias lang="en">Internal Surface Area</NameAlias>
      </NameAliases>
      <DefinitionAliases>
        <DefinitionAlias lang="en" />
      </DefinitionAliases>
    </PropertyDef>
    <PropertyDef ifdguid="bc450900d1cc11e1800000215ad4efdf">
      <Name>InternalRefrigerantVolume</Name>
      <Definition>Internal volume of object (refrigerant side).</Definition>
      <PropertyType>
        <TypePropertySingleValue>
          <DataType type="IfcVolumeMeasure" />
        </TypePropertySingleValue>
      </PropertyType>
      <NameAliases>
        <NameAlias lang="en">Internal Refrigerant Volume</NameAlias>
      </NameAliases>
      <DefinitionAliases>
        <DefinitionAlias lang="en" />
      </DefinitionAliases>
    </PropertyDef>
    <PropertyDef ifdguid="c1a25380d1cc11e1800000215ad4efdf">
      <Name>InternalWaterVolume</Name>
      <Definition>Internal volume of object (water side).</Definition>
      <PropertyType>
        <TypePropertySingleValue>
          <DataType type="IfcVolumeMeasure" />
        </TypePropertySingleValue>
      </PropertyType>
      <NameAliases>
        <NameAlias lang="en">Internal Water Volume</NameAlias>
      </NameAliases>
      <DefinitionAliases>
        <DefinitionAlias lang="en" />
      </DefinitionAliases>
    </PropertyDef>
    <PropertyDef ifdguid="c6670780d1cc11e1800000215ad4efdf">
      <Name>NominalHeatTransferArea</Name>
      <Definition>Nominal heat transfer surface area associated with nominal overall heat transfer coefficient.</Definition>
      <PropertyType>
        <TypePropertySingleValue>
          <DataType type="IfcAreaMeasure" />
        </TypePropertySingleValue>
      </PropertyType>
      <NameAliases>
        <NameAlias lang="en">Nominal Heat Transfer Area</NameAlias>
      </NameAliases>
      <DefinitionAliases>
        <DefinitionAlias lang="en" />
      </DefinitionAliases>
    </PropertyDef>
    <PropertyDef ifdguid="cbc45200d1cc11e1800000215ad4efdf">
      <Name>NominalHeatTransferCoefficient</Name>
      <Definition>Nominal overall heat transfer coefficient associated with nominal heat transfer area.</Definition>
      <PropertyType>
        <TypePropertySingleValue>
          <DataType type="IfcThermalTransmittanceMeasure" />
        </TypePropertySingleValue>
      </PropertyType>
      <NameAliases>
        <NameAlias lang="en">Nominal Heat Transfer Coefficient</NameAlias>
      </NameAliases>
      <DefinitionAliases>
        <DefinitionAlias lang="en" />
      </DefinitionAliases>
    </PropertyDef>
  </PropertyDefs>
  <PsetDefinitionAliases>
    <PsetDefinitionAlias lang="en" />
    <PsetDefinitionAlias lang="ja-JP">コンデンサー型の共通プロパティ属性設定。</PsetDefinitionAlias>
  </PsetDefinitionAliases>
</PropertySetDef>