<?xml version="1.0" encoding="utf-8"?>
<PropertySetDef xmlns:xsi="http://www.w3.org/2001/XMLSchema-instance" xmlns:xsd="http://www.w3.org/2001/XMLSchema" ifdguid="021cc400d20311e1800000215ad4efdf" templatetype="PSET_TYPEDRIVENOVERRIDE" xsi:noNamespaceSchemaLocation="http://buildingSMART-tech.org/xml/psd/PSD_IFC4.xsd" xmlns="http://buildingSMART-tech.org/xml/psd/PSD_IFC4.xsd">
  <IfcVersion version="IFC4X4" />
  <Name>Pset_SanitaryTerminalTypeShower</Name>
  <Definition>Installation or waste water appliance that emits a spray of water to wash the human body (BS6100). HISTORY: In IFC4, Material and MaterialThickness properties removed. Use materials capabilities from IfcMaterialResource schema. Datatype of color changed to IfcLabel (still a string value)</Definition>
  <Applicability />
  <ApplicableClasses>
    <ClassName>IfcSanitaryTerminal/SHOWER</ClassName>
  </ApplicableClasses>
  <ApplicableTypeValue>IfcSanitaryTerminal/SHOWER</ApplicableTypeValue>
  <PropertyDefs>
    <PropertyDef ifdguid="06e17800d20311e1800000215ad4efdf">
      <Name>ShowerType</Name>
      <Definition>Selection of the type of shower from the enumerated list of types where:-

Drench:     Shower that rapidly gives a thorough soaking in an emergency.
Individual:     Shower unit that is typically enclosed and is for the use of one person at a time.
Tunnel:     Shower that has a succession of shower heads or spreaders that operate simultaneously along its length.</Definition>
      <PropertyType>
        <TypePropertyEnumeratedValue>
          <EnumList name="PEnum_ShowerType">
            <EnumItem>DRENCH</EnumItem>
            <EnumItem>INDIVIDUAL</EnumItem>
            <EnumItem>TUNNEL</EnumItem>
            <EnumItem>OTHER</EnumItem>
            <EnumItem>NOTKNOWN</EnumItem>
            <EnumItem>UNSET</EnumItem>
          </EnumList>
          <ConstantList>
            <ConstantDef>
              <Name>DRENCH</Name>
              <NameAliases>
                <NameAlias lang="en">Drench</NameAlias>
              </NameAliases>
              <DefinitionAliases />
            </ConstantDef>
            <ConstantDef>
              <Name>INDIVIDUAL</Name>
              <NameAliases>
                <NameAlias lang="en">Individual</NameAlias>
              </NameAliases>
              <DefinitionAliases />
            </ConstantDef>
            <ConstantDef>
              <Name>TUNNEL</Name>
              <NameAliases>
                <NameAlias lang="en">Tunnel</NameAlias>
              </NameAliases>
              <DefinitionAliases />
            </ConstantDef>
            <ConstantDef>
              <Name>OTHER</Name>
              <Definition>required category not on scale</Definition>
              <NameAliases>
                <NameAlias lang="en">(other)</NameAlias>
              </NameAliases>
              <DefinitionAliases>
                <DefinitionAlias lang="en">Value is not listed.</DefinitionAlias>
              </DefinitionAliases>
            </ConstantDef>
            <ConstantDef>
              <Name>NOTKNOWN</Name>
              <Definition>Value is unkown</Definition>
              <NameAliases>
                <NameAlias lang="en">(unknown)</NameAlias>
              </NameAliases>
              <DefinitionAliases>
                <DefinitionAlias lang="en">Value is unknown.</DefinitionAlias>
              </DefinitionAliases>
            </ConstantDef>
            <ConstantDef>
              <Name>UNSET</Name>
              <Definition>Value has not been specified</Definition>
              <NameAliases>
                <NameAlias lang="en">(unset)</NameAlias>
              </NameAliases>
              <DefinitionAliases>
                <DefinitionAlias lang="en">Value has not been specified.</DefinitionAlias>
              </DefinitionAliases>
            </ConstantDef>
          </ConstantList>
        </TypePropertyEnumeratedValue>
      </PropertyType>
      <NameAliases>
        <NameAlias lang="en">Shower Type</NameAlias>
        <NameAlias lang="ja-JP">シャワータイプ</NameAlias>
      </NameAliases>
      <DefinitionAliases>
        <DefinitionAlias lang="en" />
        <DefinitionAlias lang="ja-JP">場所からのシャワータイプの選択：

・水浸性：緊急時には素早く水に浸れるシャワー
・独立性：一度に一人が使え、区切られているシャワーユニット
・トンネル：シャワーヘッドの連続で設置されているか長さ方向に同時操作となる水散布機型のシャワー</DefinitionAlias>
      </DefinitionAliases>
    </PropertyDef>
    <PropertyDef ifdguid="15c82a80d20311e1800000215ad4efdf">
      <Name>HasTray</Name>
      <Definition>Indicates whether the shower has a separate receptacle that catches the water in a shower and directs it to a waste outlet.</Definition>
      <PropertyType>
        <TypePropertySingleValue>
          <DataType type="IfcBoolean" />
        </TypePropertySingleValue>
      </PropertyType>
      <NameAliases>
        <NameAlias lang="en">Has Tray</NameAlias>
      </NameAliases>
      <DefinitionAliases>
        <DefinitionAlias lang="en" />
      </DefinitionAliases>
    </PropertyDef>
    <PropertyDef ifdguid="3bedca80d20311e1800000215ad4efdf">
      <Name>ShowerHeadDescription</Name>
      <Definition>A description of the shower head(s) that emit the spray of water.</Definition>
      <PropertyType>
        <TypePropertySingleValue>
          <DataType type="IfcText" />
        </TypePropertySingleValue>
      </PropertyType>
      <NameAliases>
        <NameAlias lang="en">Shower Head Description</NameAlias>
        <NameAlias lang="ja-JP">シャワーヘッド表現</NameAlias>
      </NameAliases>
      <DefinitionAliases>
        <DefinitionAlias lang="en" />
        <DefinitionAlias lang="ja-JP">シャワーヘッドが排出する水の放射の表現。</DefinitionAlias>
      </DefinitionAliases>
    </PropertyDef>
    <PropertyDef ifdguid="427c4200d20311e1800000215ad4efdf">
      <Name>DrainSize</Name>
      <Definition>The size of the drain outlet connection from the object.</Definition>
      <PropertyType>
        <TypePropertySingleValue>
          <DataType type="IfcPositiveLengthMeasure" />
        </TypePropertySingleValue>
      </PropertyType>
      <NameAliases>
        <NameAlias lang="en">Drain Size</NameAlias>
        <NameAlias lang="ja-JP">管口径</NameAlias>
      </NameAliases>
      <DefinitionAliases>
        <DefinitionAlias lang="en" />
        <DefinitionAlias lang="ja-JP">要素の排水口接続口サイズ。</DefinitionAlias>
      </DefinitionAliases>
    </PropertyDef>
  </PropertyDefs>
  <PsetDefinitionAliases>
    <PsetDefinitionAlias lang="en" />
    <PsetDefinitionAlias lang="ja-JP">人体を洗うために水をスプレー状に放射する廃水器具(BS6100)
背景: IFC4において、要素と要素厚さのプロパティーは排除されています 。IfcMaterialsResourceのタイプを使ってください。 色のデータ形式は文字列としてIfcLabelに変更されています。</PsetDefinitionAlias>
  </PsetDefinitionAliases>
</PropertySetDef>