<?xml version="1.0" encoding="utf-8"?>
<PropertySetDef xmlns:xsi="http://www.w3.org/2001/XMLSchema-instance" xmlns:xsd="http://www.w3.org/2001/XMLSchema" ifdguid="8a30a880d1c611e1800000215ad4efdf" templatetype="PSET_TYPEDRIVENOVERRIDE" xsi:noNamespaceSchemaLocation="http://buildingSMART-tech.org/xml/psd/PSD_IFC4.xsd" xmlns="http://buildingSMART-tech.org/xml/psd/PSD_IFC4.xsd">
  <IfcVersion version="IFC4X4" />
  <Name>Pset_CableCarrierSegmentTypeCableTraySegment</Name>
  <Definition>An (typically) open carrier segment onto which cables are laid.
HISTORY: IFC4 - NominalLength deleted. To be handled as a quantity measure</Definition>
  <Applicability />
  <ApplicableClasses>
    <ClassName>IfcCableCarrierSegment/CABLETRAYSEGMENT</ClassName>
  </ApplicableClasses>
  <ApplicableTypeValue>IfcCableCarrierSegment/CABLETRAYSEGMENT</ApplicableTypeValue>
  <PropertyDefs>
    <PropertyDef ifdguid="99aff180d1c611e1800000215ad4efdf">
      <Name>HasCover</Name>
      <Definition>Indication of whether the cable tray has a cover (=TRUE) or not (= FALSE). By default, this value should be set to FALSE..</Definition>
      <PropertyType>
        <TypePropertySingleValue>
          <DataType type="IfcBoolean" />
        </TypePropertySingleValue>
      </PropertyType>
      <NameAliases>
        <NameAlias lang="en">Has Cover</NameAlias>
        <NameAlias lang="ja-JP">カバー</NameAlias>
        <NameAlias lang="ko-KR">커버</NameAlias>
      </NameAliases>
      <DefinitionAliases>
        <DefinitionAlias lang="en" />
        <DefinitionAlias lang="ja-JP">カバー付かどうか。</DefinitionAlias>
        <DefinitionAlias lang="ko-KR">커버 유무</DefinitionAlias>
      </DefinitionAliases>
    </PropertyDef>
  </PropertyDefs>
  <PsetDefinitionAliases>
    <PsetDefinitionAlias lang="en" />
    <PsetDefinitionAlias lang="ja-JP">典型的な開放型ケーブルキャリアに関するプロパティセット定義。</PsetDefinitionAlias>
  </PsetDefinitionAliases>
</PropertySetDef>