<?xml version="1.0" encoding="utf-8"?>
<PropertySetDef xmlns:xsi="http://www.w3.org/2001/XMLSchema-instance" xmlns:xsd="http://www.w3.org/2001/XMLSchema" ifdguid="89bf9f190b664d12a7dfefdb44571f05" templatetype="PSET_TYPEDRIVENOVERRIDE" xsi:noNamespaceSchemaLocation="http://buildingSMART-tech.org/xml/psd/PSD_IFC4.xsd" xmlns="http://buildingSMART-tech.org/xml/psd/PSD_IFC4.xsd">
  <IfcVersion version="IFC4X4" />
  <Name>Pset_BuiltSystemRailwayLine</Name>
  <Definition>Properties common to the definition of a railway line system, which is a set of functional tracks with explicit terminals. It is usually composed of a set of tracks with continuous track parts and alignments.</Definition>
  <Applicability />
  <ApplicableClasses>
    <ClassName>IfcBuiltSystem/RAILWAYLINE</ClassName>
  </ApplicableClasses>
  <ApplicableTypeValue>IfcBuiltSystem/RAILWAYLINE</ApplicableTypeValue>
  <PropertyDefs>
    <PropertyDef ifdguid="5568085995274c7e823d693a76279e3d">
      <Name>LineID</Name>
      <Definition>The unique identifier of the line.</Definition>
      <PropertyType>
        <TypePropertySingleValue>
          <DataType type="IfcIdentifier" />
        </TypePropertySingleValue>
      </PropertyType>
      <NameAliases />
      <DefinitionAliases />
    </PropertyDef>
    <PropertyDef ifdguid="e9b7318bb1744881a621c58189858200">
      <Name>IsElectrified</Name>
      <Definition>Indicates whether the track system is electrified or not.</Definition>
      <PropertyType>
        <TypePropertySingleValue>
          <DataType type="IfcBoolean" />
        </TypePropertySingleValue>
      </PropertyType>
      <NameAliases />
      <DefinitionAliases />
    </PropertyDef>
    <PropertyDef ifdguid="fe030134c4a7458d8555dfa6eafe1c1f">
      <Name>LineCharacteristic</Name>
      <Definition>Indicates the characteristic of the line.</Definition>
      <PropertyType>
        <TypePropertyEnumeratedValue>
          <EnumList name="PEnum_LineCharacteristic">
            <EnumItem>PASSENGER</EnumItem>
            <EnumItem>FREIGHT</EnumItem>
            <EnumItem>ENTERDEPOT</EnumItem>
            <EnumItem>PASSENGERANDFREIGHT</EnumItem>
            <EnumItem>EXITDEPOT</EnumItem>
            <EnumItem>OTHER</EnumItem>
            <EnumItem>NOTKNOWN</EnumItem>
            <EnumItem>UNSET</EnumItem>
          </EnumList>
          <ConstantList>
            <ConstantDef>
              <Name>PASSENGER</Name>
              <Definition>Passenger train or railway line.</Definition>
              <NameAliases />
              <DefinitionAliases />
            </ConstantDef>
            <ConstantDef>
              <Name>FREIGHT</Name>
              <Definition>Freight train or railway line.</Definition>
              <NameAliases />
              <DefinitionAliases />
            </ConstantDef>
            <ConstantDef>
              <Name>ENTERDEPOT</Name>
              <Definition>Enter depot line.</Definition>
              <NameAliases />
              <DefinitionAliases />
            </ConstantDef>
            <ConstantDef>
              <Name>PASSENGERANDFREIGHT</Name>
              <Definition>Passenger and freight line.</Definition>
              <NameAliases />
              <DefinitionAliases />
            </ConstantDef>
            <ConstantDef>
              <Name>EXITDEPOT</Name>
              <Definition>Exit depot line.</Definition>
              <NameAliases />
              <DefinitionAliases />
            </ConstantDef>
            <ConstantDef>
              <Name>OTHER</Name>
              <Definition>required category not on scale</Definition>
              <NameAliases>
                <NameAlias lang="en">(other)</NameAlias>
              </NameAliases>
              <DefinitionAliases>
                <DefinitionAlias lang="en">Value is not listed.</DefinitionAlias>
              </DefinitionAliases>
            </ConstantDef>
            <ConstantDef>
              <Name>NOTKNOWN</Name>
              <Definition>Value is unkown</Definition>
              <NameAliases>
                <NameAlias lang="en">(unknown)</NameAlias>
              </NameAliases>
              <DefinitionAliases>
                <DefinitionAlias lang="en">Value is unknown.</DefinitionAlias>
              </DefinitionAliases>
            </ConstantDef>
            <ConstantDef>
              <Name>UNSET</Name>
              <Definition>Value has not been specified</Definition>
              <NameAliases>
                <NameAlias lang="en">(unset)</NameAlias>
              </NameAliases>
              <DefinitionAliases>
                <DefinitionAlias lang="en">Value has not been specified.</DefinitionAlias>
              </DefinitionAliases>
            </ConstantDef>
          </ConstantList>
        </TypePropertyEnumeratedValue>
      </PropertyType>
      <NameAliases />
      <DefinitionAliases />
    </PropertyDef>
  </PropertyDefs>
  <PsetDefinitionAliases />
</PropertySetDef>