<?xml version="1.0" encoding="utf-8"?>
<PropertySetDef xmlns:xsi="http://www.w3.org/2001/XMLSchema-instance" xmlns:xsd="http://www.w3.org/2001/XMLSchema" ifdguid="021dc380d20511e1800000215ad4efdf" templatetype="PSET_TYPEDRIVENOVERRIDE" xsi:noNamespaceSchemaLocation="http://buildingSMART-tech.org/xml/psd/PSD_IFC4.xsd" xmlns="http://buildingSMART-tech.org/xml/psd/PSD_IFC4.xsd">
  <IfcVersion version="IFC4X4" />
  <Name>Pset_SensorTypeConductanceSensor</Name>
  <Definition>A device that senses or detects electrical conductance.  HISTORY: Added in IFC4.</Definition>
  <Applicability />
  <ApplicableClasses>
    <ClassName>IfcSensor/CONDUCTANCESENSOR</ClassName>
  </ApplicableClasses>
  <ApplicableTypeValue>IfcSensor/CONDUCTANCESENSOR</ApplicableTypeValue>
  <PropertyDefs>
    <PropertyDef ifdguid="0649e100d20511e1800000215ad4efdf">
      <Name>SetPointConductance</Name>
      <Definition>The fill level value to be sensed. Use IfcPropertyBoundedValue.SetPointValue to set the set point value.</Definition>
      <PropertyType>
        <TypePropertyBoundedValue>
          <DataType type="IfcElectricConductanceMeasure" />
        </TypePropertyBoundedValue>
      </PropertyType>
      <NameAliases>
        <NameAlias lang="en">Set Point Conductance</NameAlias>
        <NameAlias lang="ja-JP">電気伝導率設定値</NameAlias>
        <NameAlias lang="ko-KR">전기 전도율 설정</NameAlias>
      </NameAliases>
      <DefinitionAliases>
        <DefinitionAlias lang="en" />
        <DefinitionAlias lang="ja-JP">感知される電気伝導率。
セットポイント値を置くために、IfcPropertyBoundedValue.SetPointValueを使用する。</DefinitionAlias>
        <DefinitionAlias lang="ko-KR">감지되는 전기 전도율. 세트 포인트 값을 넣으려면, IfcPropertyBoundedValue.SetPointValue를 사용하십시오.</DefinitionAlias>
      </DefinitionAliases>
    </PropertyDef>
  </PropertyDefs>
  <PsetDefinitionAliases>
    <PsetDefinitionAlias lang="en" />
    <PsetDefinitionAlias lang="ja-JP">電気伝導性を感知または検出するデバイス。</PsetDefinitionAlias>
  </PsetDefinitionAliases>
</PropertySetDef>